datetime,power_demand_mwh,광주_temperature_c,광주_temperature_c_missing,광주_rainfall_mm,광주_rainfall_mm_missing,광주_wind_speed_ms,광주_wind_speed_ms_missing,광주_humidity_pct,광주_humidity_pct_missing,광주_sunshine_hr,광주_sunshine_hr_missing,광주_solar_radiation_mj_m2,광주_solar_radiation_mj_m2_missing,대구_temperature_c,대구_temperature_c_missing,대구_rainfall_mm,대구_rainfall_mm_missing,대구_wind_speed_ms,대구_wind_speed_ms_missing,대구_humidity_pct,대구_humidity_pct_missing,대구_sunshine_hr,대구_sunshine_hr_missing,대구_solar_radiation_mj_m2,대구_solar_radiation_mj_m2_missing,대전_temperature_c,대전_temperature_c_missing,대전_rainfall_mm,대전_rainfall_mm_missing,대전_wind_speed_ms,대전_wind_speed_ms_missing,대전_humidity_pct,대전_humidity_pct_missing,대전_sunshine_hr,대전_sunshine_hr_missing,대전_solar_radiation_mj_m2,대전_solar_radiation_mj_m2_missing,부산_temperature_c,부산_temperature_c_missing,부산_rainfall_mm,부산_rainfall_mm_missing,부산_wind_speed_ms,부산_wind_speed_ms_missing,부산_humidity_pct,부산_humidity_pct_missing,부산_sunshine_hr,부산_sunshine_hr_missing,부산_solar_radiation_mj_m2,부산_solar_radiation_mj_m2_missing,서울_temperature_c,서울_temperature_c_missing,서울_rainfall_mm,서울_rainfall_mm_missing,서울_wind_speed_ms,서울_wind_speed_ms_missing,서울_humidity_pct,서울_humidity_pct_missing,서울_sunshine_hr,서울_sunshine_hr_missing,서울_solar_radiation_mj_m2,서울_solar_radiation_mj_m2_missing,인천_temperature_c,인천_temperature_c_missing,인천_rainfall_mm,인천_rainfall_mm_missing,인천_wind_speed_ms,인천_wind_speed_ms_missing,인천_humidity_pct,인천_humidity_pct_missing,인천_sunshine_hr,인천_sunshine_hr_missing,인천_solar_radiation_mj_m2,인천_solar_radiation_mj_m2_missing,제주_temperature_c,제주_temperature_c_missing,제주_rainfall_mm,제주_rainfall_mm_missing,제주_wind_speed_ms,제주_wind_speed_ms_missing,제주_humidity_pct,제주_humidity_pct_missing,제주_sunshine_hr,제주_sunshine_hr_missing,제주_solar_radiation_mj_m2,제주_solar_radiation_mj_m2_missing,hour_sin,hour_cos,day_sin,day_cos,month_sin,month_cos,is_weekend
2025-10-20 01:00:00,51165.0,14.0,0,0.0,1,1.5,0,70.0,0,0.0,1,0.0,1,15.5,0,0.0,1,2.2,0,67.0,0,0.0,1,0.0,1,10.4,0,0.0,1,2.7,0,69.0,0,0.0,1,0.0,1,17.6,0,0.0,1,1.0,0,79.0,0,0.0,1,0.0,1,8.2,0,0.0,1,4.3,0,67.0,0,0.0,1,0.0,1,7.0,0,0.0,1,3.9,0,62.0,0,0.0,1,0.0,1,19.1,0,0.0,1,6.3,0,70.0,0,0.0,1,0.0,1,0.25881904510252074,0.9659258262890683,0.0,1.0,-1.0,-1.8369701987210297e-16,0
2025-10-20 02:00:00,49250.0,12.8,0,0.0,1,1.7,0,73.0,0,0.0,1,0.0,1,14.8,0,0.0,1,2.1,0,61.0,0,0.0,1,0.0,1,9.7,0,0.0,1,3.2,0,77.0,0,0.0,1,0.0,1,17.4,0,0.0,1,1.8,0,79.0,0,0.0,1,0.0,1,7.3,0,0.0,1,2.7,0,72.0,0,0.0,1,0.0,1,6.2,0,0.0,1,4.4,0,64.0,0,0.0,1,0.0,1,18.7,0,0.0,1,6.9,0,64.0,0,0.0,1,0.0,1,0.49999999999999994,0.8660254037844387,0.0,1.0,-1.0,-1.8369701987210297e-16,0
2025-10-20 03:00:00,48295.0,12.4,0,0.0,1,1.7,0,75.0,0,0.0,1,0.0,1,14.4,0,0.0,1,2.4,0,64.0,0,0.0,1,0.0,1,8.8,0,0.0,1,0.8,0,75.0,0,0.0,1,0.0,1,17.2,0,0.0,1,0.7,0,78.0,0,0.0,1,0.0,1,6.7,0,0.0,1,3.9,0,72.0,0,0.0,1,0.0,1,5.7,0,0.0,1,4.3,0,64.0,0,0.0,1,0.0,1,18.2,0,0.0,1,5.7,0,67.0,0,0.0,1,0.0,1,0.7071067811865475,0.7071067811865476,0.0,1.0,-1.0,-1.8369701987210297e-16,0
2025-10-20 04:00:00,48020.0,11.3,0,0.0,1,1.7,0,76.0,0,0.0,1,0.0,1,13.7,0,0.0,1,3.1,0,68.0,0,0.0,1,0.0,1,8.0,0,0.0,1,1.1,0,74.0,0,0.0,1,0.0,1,16.9,0,0.0,1,1.3,0,76.0,0,0.0,1,0.0,1,6.2,0,0.0,1,2.4,0,73.0,0,0.0,1,0.0,1,5.4,0,0.0,1,3.3,0,67.0,0,0.0,1,0.0,1,17.8,0,0.0,1,6.2,0,68.0,0,0.0,1,0.0,1,0.8660254037844386,0.5000000000000001,0.0,1.0,-1.0,-1.8369701987210297e-16,0
2025-10-20 05:00:00,48534.0,10.4,0,0.0,1,1.9,0,79.0,0,0.0,1,0.0,1,12.9,0,0.0,1,2.0,0,71.0,0,0.0,1,0.0,1,7.3,0,0.0,1,1.2,0,75.0,0,0.0,1,0.0,1,16.1,0,0.0,1,2.3,0,85.0,0,0.0,1,0.0,1,5.9,0,0.0,1,2.2,0,76.0,0,0.0,1,0.0,1,5.2,0,0.0,1,3.1,0,70.0,0,0.0,1,0.0,1,17.3,0,0.0,1,5.6,0,65.0,0,0.0,1,0.0,1,0.9659258262890683,0.25881904510252074,0.0,1.0,-1.0,-1.8369701987210297e-16,0
2025-10-20 06:00:00,50614.0,10.1,0,0.0,1,2.3,0,79.0,0,0.0,1,0.0,1,12.6,0,0.0,1,2.3,0,70.0,0,0.0,1,0.0,1,6.8,0,0.0,1,1.6,0,80.0,0,0.0,1,0.0,1,15.6,0,0.0,1,2.3,0,81.0,0,0.0,1,0.0,1,5.6,0,0.0,1,1.7,0,77.0,0,0.0,1,0.0,1,5.1,0,0.0,1,3.4,0,71.0,0,0.0,1,0.0,1,17.0,0,0.0,1,5.8,0,70.0,0,0.0,1,0.0,1,1.0,6.123233995736766e-17,0.0,1.0,-1.0,-1.8369701987210297e-16,0
2025-10-20 07:00:00,54468.0,9.3,0,0.0,1,2.0,0,80.0,0,0.0,0,0.07,0,12.1,0,0.0,1,2.3,0,71.0,0,0.0,0,0.01,0,6.5,0,0.0,1,1.9,0,78.0,0,0.0,0,0.01,0,15.2,0,0.0,1,2.4,0,80.0,0,0.1,0,0.02,0,5.3,0,0.0,1,1.3,0,79.0,0,0.0,0,0.0,0,5.0,0,0.0,1,4.1,0,72.0,0,0.0,0,0.0,0,16.6,0,0.0,1,5.3,0,67.0,0,0.0,0,0.0,0,0.9659258262890683,-0.25881904510252063,0.0,1.0,-1.0,-1.8369701987210297e-16,0
2025-10-20 08:00:00,58635.0,9.7,0,0.0,1,2.6,0,75.0,0,0.4,0,0.38,0,13.0,0,0.0,1,2.5,0,65.0,0,0.8,0,0.37,0,8.1,0,0.0,1,1.3,0,71.0,0,1.0,0,0.37,0,17.0,0,0.0,1,2.2,0,68.0,0,1.0,0,0.46,0,6.3,0,0.0,1,2.4,0,80.0,0,0.1,0,0.2,0,5.6,0,0.0,1,3.7,0,71.0,0,0.0,0,0.14,0,16.5,0,0.0,1,5.7,0,70.0,0,0.0,0,0.03,0,0.8660254037844387,-0.49999999999999983,0.0,1.0,-1.0,-1.8369701987210297e-16,0
2025-10-20 09:00:00,60569.0,11.4,0,0.0,1,1.7,0,67.0,0,1.0,0,1.21,0,14.3,0,0.0,1,1.9,0,60.0,0,0.3,0,0.73,0,9.9,0,0.0,1,1.9,0,63.0,0,1.0,0,1.07,0,19.4,0,0.0,1,3.8,0,63.0,0,1.0,0,1.22,0,7.7,0,0.0,1,2.2,0,76.0,0,0.3,0,0.64,0,7.2,0,0.0,1,2.1,0,70.0,0,0.3,0,0.6,0,16.5,0,0.0,1,4.6,0,70.0,0,0.0,0,0.3,0,0.7071067811865476,-0.7071067811865475,0.0,1.0,-1.0,-1.8369701987210297e-16,0
2025-10-20 10:00:00,60093.0,13.0,0,0.0,1,2.4,0,56.0,0,1.0,0,1.9,0,15.7,0,0.0,1,1.4,0,56.0,0,0.6,0,1.39,0,11.3,0,0.0,1,1.4,0,61.0,0,1.0,0,1.7,0,21.0,0,0.0,1,3.3,0,63.0,0,1.0,0,1.87,0,10.1,0,0.0,1,1.3,0,69.0,0,0.7,0,1.45,0,10.6,0,0.0,1,2.2,0,65.0,0,0.8,0,1.62,0,16.9,0,0.0,1,4.5,0,65.0,0,0.1,0,0.73,0,0.49999999999999994,-0.8660254037844387,0.0,1.0,-1.0,-1.8369701987210297e-16,0
2025-10-20 11:00:00,58740.0,14.6,0,0.0,1,1.5,0,52.0,0,1.0,0,2.4,0,16.8,0,0.0,1,1.3,0,55.0,0,0.8,0,1.82,0,12.7,0,0.0,1,2.2,0,59.0,0,1.0,0,2.1,0,21.8,0,0.0,1,3.4,0,60.0,0,1.0,0,2.32,0,12.0,0,0.0,1,1.7,0,67.0,0,0.3,0,1.45,0,11.7,0,0.0,1,2.6,0,63.0,0,0.8,0,1.93,0,17.4,0,0.0,1,4.0,0,61.0,0,0.2,0,1.12,0,0.258819045102521,-0.9659258262890682,0.0,1.0,-1.0,-1.8369701987210297e-16,0
2025-10-20 12:00:00,56142.0,16.1,0,0.0,1,2.1,0,49.0,0,1.0,0,2.71,0,17.9,0,0.0,1,1.2,0,54.0,0,0.8,0,2.3,0,13.7,0,0.0,1,2.6,0,58.0,0,0.7,0,2.13,0,20.7,0,0.0,1,3.7,0,62.0,0,0.7,0,1.96,0,13.5,0,0.0,1,2.2,0,66.0,0,0.5,0,1.81,0,12.7,0,0.0,1,2.9,0,62.0,0,0.5,0,1.86,0,17.9,0,0.0,1,3.9,0,58.0,0,0.3,0,1.32,0,1.2246467991473532e-16,-1.0,0.0,1.0,-1.0,-1.8369701987210297e-16,0
2025-10-20 13:00:00,53357.0,16.5,0,0.0,1,1.7,0,49.0,0,1.0,0,2.76,0,18.0,0,0.0,1,1.9,0,58.0,0,0.5,0,1.76,0,14.7,0,0.0,1,2.9,0,58.0,0,0.9,0,2.34,0,21.2,0,0.0,1,3.1,0,56.0,0,0.3,0,1.36,0,13.9,0,0.0,1,3.9,0,60.0,0,0.6,0,1.89,0,13.2,0,0.0,1,3.6,0,60.0,0,0.9,0,2.4,0,19.4,0,0.0,1,2.6,0,46.0,0,1.0,0,2.55,0,-0.2588190451025208,-0.9659258262890683,0.0,1.0,-1.0,-1.8369701987210297e-16,0
2025-10-20 14:00:00,57142.0,17.4,0,0.0,1,1.9,0,46.0,0,1.0,0,2.57,0,18.4,0,0.0,1,4.8,0,60.0,0,0.7,0,1.91,0,16.0,0,0.0,1,2.9,0,60.0,0,1.0,0,2.23,0,20.4,0,0.0,1,3.9,0,64.0,0,0.3,0,1.43,0,15.4,0,0.0,1,3.4,0,60.0,0,1.0,0,2.07,0,13.7,0,0.0,1,2.9,0,58.0,0,0.8,0,1.96,0,20.3,0,0.0,1,3.3,0,44.0,0,1.0,0,2.42,0,-0.4999999999999998,-0.8660254037844388,0.0,1.0,-1.0,-1.8369701987210297e-16,0
2025-10-20 15:00:00,59709.0,17.4,0,0.0,1,1.6,0,44.0,0,1.0,0,2.16,0,18.6,0,0.0,1,4.4,0,61.0,0,0.9,0,1.94,0,16.5,0,0.0,1,3.1,0,60.0,0,1.0,0,1.91,0,21.3,0,0.0,1,3.0,0,59.0,0,0.8,0,1.74,0,15.8,0,0.0,1,2.8,0,56.0,0,0.9,0,2.0,0,14.2,0,0.0,1,3.3,0,60.0,0,0.8,0,1.51,0,19.5,0,0.0,1,4.1,0,49.0,0,1.0,0,1.78,0,-0.7071067811865471,-0.7071067811865479,0.0,1.0,-1.0,-1.8369701987210297e-16,0
2025-10-20 16:00:00,62726.0,17.6,0,0.0,1,1.6,0,46.0,0,1.0,0,1.55,0,17.9,0,0.0,1,4.1,0,61.0,0,1.0,0,1.46,0,16.2,0,0.0,1,1.6,0,61.0,0,1.0,0,1.24,0,20.8,0,0.0,1,2.9,0,60.0,0,0.9,0,1.4,0,15.7,0,0.0,1,2.5,0,59.0,0,0.5,0,1.24,0,14.2,0,0.0,1,3.4,0,57.0,0,0.9,0,1.27,0,19.1,0,0.0,1,2.6,0,46.0,0,0.8,0,1.3,0,-0.8660254037844384,-0.5000000000000004,0.0,1.0,-1.0,-1.8369701987210297e-16,0
2025-10-20 17:00:00,66511.0,15.9,0,0.0,1,2.7,0,52.0,0,0.9,0,0.79,0,16.1,0,0.0,1,4.4,0,67.0,0,1.0,0,0.69,0,14.2,0,0.0,1,2.5,0,71.0,0,1.0,0,0.63,0,19.0,0,0.0,1,2.9,0,64.0,0,0.9,0,0.7,0,14.7,0,0.0,1,1.9,0,60.0,0,0.0,0,0.4,0,13.3,0,0.0,1,3.7,0,56.0,0,0.9,0,0.65,0,18.9,0,0.0,1,2.5,0,48.0,0,0.9,0,0.76,0,-0.9659258262890683,-0.25881904510252063,0.0,1.0,-1.0,-1.8369701987210297e-16,0
2025-10-20 18:00:00,68438.0,14.7,0,0.0,1,1.1,0,59.0,0,0.4,0,0.17,0,14.9,0,0.0,1,4.2,0,72.0,0,0.4,0,0.1,0,12.5,0,0.0,1,1.9,0,78.0,0,0.1,0,0.09,0,16.9,0,0.0,1,3.8,0,70.0,0,0.4,0,0.1,0,13.5,0,0.0,1,3.1,0,63.0,0,0.0,0,0.09,0,11.5,0,0.0,1,3.4,0,55.0,0,0.5,0,0.13,0,18.2,0,0.0,1,1.9,0,51.0,0,0.4,0,0.11,0,-1.0,-1.8369701987210297e-16,0.0,1.0,-1.0,-1.8369701987210297e-16,0
2025-10-20 19:00:00,69493.0,13.5,0,0.0,1,0.7,0,69.0,0,0.0,1,0.0,1,14.0,0,0.0,1,2.9,0,77.0,0,0.0,1,0.0,1,11.9,0,0.0,1,0.5,0,81.0,0,0.0,1,0.0,1,16.0,0,0.0,1,3.6,0,72.0,0,0.0,1,0.0,1,12.2,0,0.0,1,3.4,0,63.0,0,0.0,1,0.0,1,10.3,0,0.0,1,3.0,0,50.0,0,0.0,1,0.0,1,17.9,0,0.0,1,4.8,0,59.0,0,0.0,1,0.0,1,-0.9659258262890684,0.2588190451025203,0.0,1.0,-1.0,-1.8369701987210297e-16,0
2025-10-20 20:00:00,67961.0,13.2,0,0.0,1,1.3,0,69.0,0,0.0,1,0.0,1,13.5,0,0.0,1,2.6,0,79.0,0,0.0,1,0.0,1,12.1,0,0.0,1,0.9,0,82.0,0,0.0,1,0.0,1,15.7,0,0.0,1,3.7,0,73.0,0,0.0,1,0.0,1,11.1,0,0.0,1,3.6,0,55.0,0,0.0,1,0.0,1,9.4,0,0.0,1,4.4,0,48.0,0,0.0,1,0.0,1,17.9,0,0.0,1,3.1,0,57.0,0,0.0,1,0.0,1,-0.8660254037844386,0.5000000000000001,0.0,1.0,-1.0,-1.8369701987210297e-16,0
2025-10-20 21:00:00,66014.0,12.9,0,0.0,1,1.6,0,74.0,0,0.0,1,0.0,1,12.9,0,0.0,1,1.6,0,82.0,0,0.0,1,0.0,1,12.2,0,0.0,1,1.4,0,77.0,0,0.0,1,0.0,1,15.4,0,0.0,1,4.4,0,74.0,0,0.0,1,0.0,1,10.0,0,0.0,1,3.1,0,55.0,0,0.0,1,0.0,1,8.6,0,0.0,1,3.7,0,50.0,0,0.0,1,0.0,1,17.4,0,0.0,1,1.9,0,61.0,0,0.0,1,0.0,1,-0.7071067811865477,0.7071067811865474,0.0,1.0,-1.0,-1.8369701987210297e-16,0
2025-10-20 22:00:00,63772.0,12.3,0,0.0,1,1.4,0,80.0,0,0.0,1,0.0,1,12.6,0,0.0,1,1.3,0,83.0,0,0.0,1,0.0,1,12.2,0,0.0,1,0.1,0,79.0,0,0.0,1,0.0,1,15.3,0,0.0,1,2.9,0,74.0,0,0.0,1,0.0,1,8.9,0,0.0,1,1.9,0,57.0,0,0.0,1,0.0,1,7.9,0,0.0,1,3.5,0,50.0,0,0.0,1,0.0,1,17.1,0,0.0,1,1.2,0,63.0,0,0.0,1,0.0,1,-0.5000000000000004,0.8660254037844384,0.0,1.0,-1.0,-1.8369701987210297e-16,0
2025-10-20 23:00:00,62400.0,12.1,0,0.0,1,1.8,0,81.0,0,0.0,1,0.0,1,12.7,0,0.0,1,1.5,0,81.0,0,0.0,1,0.0,1,12.1,0,0.0,1,0.9,0,78.0,0,0.0,1,0.0,1,15.3,0,0.0,1,3.1,0,75.0,0,0.0,1,0.0,1,8.2,0,0.0,1,2.1,0,58.0,0,0.0,1,0.0,1,7.5,0,0.0,1,3.1,0,51.0,0,0.0,1,0.0,1,17.9,0,0.0,1,2.0,0,64.0,0,0.0,1,0.0,1,-0.25881904510252157,0.9659258262890681,0.0,1.0,-1.0,-1.8369701987210297e-16,0
2025-10-21 00:00:00,60197.0,12.2,0,0.0,1,1.5,0,81.0,0,0.0,1,0.0,1,12.3,0,0.0,1,0.9,0,83.0,0,0.0,1,0.0,1,11.6,0,0.0,1,0.1,0,83.0,0,0.0,1,0.0,1,15.2,0,0.0,1,3.9,0,75.0,0,0.0,1,0.0,1,7.4,0,0.0,1,1.2,0,62.0,0,0.0,1,0.0,1,7.1,0,0.0,1,2.9,0,51.0,0,0.0,1,0.0,1,17.7,0,0.0,1,0.7,0,64.0,0,0.0,1,0.0,1,0.0,1.0,0.7818314824680298,0.6234898018587336,-1.0,-1.8369701987210297e-16,0
2025-10-21 01:00:00,56519.0,12.0,0,0.0,1,1.9,0,82.0,0,0.0,1,0.0,1,12.2,0,0.0,1,0.4,0,86.0,0,0.0,1,0.0,1,11.6,0,0.0,1,2.1,0,78.0,0,0.0,1,0.0,1,15.2,0,0.0,1,4.4,0,75.0,0,0.0,1,0.0,1,6.8,0,0.0,1,2.1,0,63.0,0,0.0,1,0.0,1,6.7,0,0.0,1,2.4,0,54.0,0,0.0,1,0.0,1,18.1,0,0.0,1,3.2,0,66.0,0,0.0,1,0.0,1,0.25881904510252074,0.9659258262890683,0.7818314824680298,0.6234898018587336,-1.0,-1.8369701987210297e-16,0
2025-10-21 02:00:00,54479.0,12.0,0,0.0,1,1.1,0,82.0,0,0.0,1,0.0,1,12.5,0,0.0,1,0.8,0,85.0,0,0.0,1,0.0,1,11.1,0,0.0,1,1.3,0,80.0,0,0.0,1,0.0,1,15.4,0,0.0,1,3.7,0,75.0,0,0.0,1,0.0,1,6.3,0,0.0,1,1.4,0,64.0,0,0.0,1,0.0,1,6.3,0,0.0,1,2.5,0,53.0,0,0.0,1,0.0,1,18.3,0,0.0,1,4.6,0,69.0,0,0.0,1,0.0,1,0.49999999999999994,0.8660254037844387,0.7818314824680298,0.6234898018587336,-1.0,-1.8369701987210297e-16,0
2025-10-21 03:00:00,53385.0,11.6,0,0.0,1,1.8,0,84.0,0,0.0,1,0.0,1,12.6,0,0.0,1,0.6,0,84.0,0,0.0,1,0.0,1,10.7,0,0.0,1,1.2,0,77.0,0,0.0,1,0.0,1,15.3,0,0.0,1,4.5,0,74.0,0,0.0,1,0.0,1,5.8,0,0.0,1,0.9,0,69.0,0,0.0,1,0.0,1,6.2,0,0.0,1,2.8,0,55.0,0,0.0,1,0.0,1,18.5,0,0.0,1,4.8,0,70.0,0,0.0,1,0.0,1,0.7071067811865475,0.7071067811865476,0.7818314824680298,0.6234898018587336,-1.0,-1.8369701987210297e-16,0
2025-10-21 04:00:00,52864.0,11.7,0,0.0,1,1.5,0,84.0,0,0.0,1,0.0,1,12.9,0,0.0,1,1.1,0,80.0,0,0.0,1,0.0,1,10.4,0,0.0,1,1.7,0,73.0,0,0.0,1,0.0,1,15.5,0,0.0,1,3.6,0,75.0,0,0.0,1,0.0,1,5.7,0,0.0,1,1.4,0,70.0,0,0.0,1,0.0,1,5.9,0,0.0,1,3.5,0,57.0,0,0.0,1,0.0,1,18.4,0,0.0,1,6.5,0,72.0,0,0.0,1,0.0,1,0.8660254037844386,0.5000000000000001,0.7818314824680298,0.6234898018587336,-1.0,-1.8369701987210297e-16,0
2025-10-21 05:00:00,53131.0,11.7,0,0.0,1,1.4,0,84.0,0,0.0,1,0.0,1,12.6,0,0.0,1,0.7,0,84.0,0,0.0,1,0.0,1,9.8,0,0.0,1,1.4,0,75.0,0,0.0,1,0.0,1,15.5,0,0.0,1,4.6,0,76.0,0,0.0,1,0.0,1,5.1,0,0.0,1,1.2,0,73.0,0,0.0,1,0.0,1,5.5,0,0.0,1,3.3,0,59.0,0,0.0,1,0.0,1,18.2,0,0.0,1,6.4,0,71.0,0,0.0,1,0.0,1,0.9659258262890683,0.25881904510252074,0.7818314824680298,0.6234898018587336,-1.0,-1.8369701987210297e-16,0
2025-10-21 06:00:00,54799.0,11.6,0,0.0,1,1.8,0,85.0,0,0.0,1,0.0,1,12.3,0,0.0,1,1.9,0,89.0,0,0.0,1,0.0,1,9.3,0,0.0,1,0.9,0,74.0,0,0.0,1,0.0,1,15.5,0,0.0,1,3.9,0,74.0,0,0.0,1,0.0,1,4.9,0,0.0,1,1.3,0,73.0,0,0.0,1,0.0,1,5.1,0,0.0,1,3.1,0,61.0,0,0.0,1,0.0,1,18.1,0,0.0,1,6.4,0,71.0,0,0.0,1,0.0,1,1.0,6.123233995736766e-17,0.7818314824680298,0.6234898018587336,-1.0,-1.8369701987210297e-16,0
2025-10-21 07:00:00,57967.0,11.5,0,0.0,1,1.0,0,85.0,0,0.0,0,0.07,0,12.1,0,0.0,1,0.9,0,88.0,0,0.0,0,0.01,0,8.9,0,0.0,1,2.3,0,75.0,0,0.0,0,0.01,0,15.5,0,0.0,1,3.8,0,76.0,0,0.0,0,0.01,0,4.8,0,0.0,1,0.7,0,75.0,0,0.0,0,0.0,0,4.8,0,0.0,1,2.7,0,64.0,0,0.0,0,0.0,0,18.2,0,0.0,1,7.1,0,73.0,0,0.0,0,0.0,0,0.9659258262890683,-0.25881904510252063,0.7818314824680298,0.6234898018587336,-1.0,-1.8369701987210297e-16,0
2025-10-21 08:00:00,61918.0,11.8,0,0.0,1,1.7,0,83.0,0,0.0,0,0.18,0,12.6,0,0.0,1,1.3,0,85.0,0,0.0,0,0.19,0,9.5,0,0.0,1,1.3,0,73.0,0,0.0,0,0.18,0,15.9,0,0.0,1,4.3,0,76.0,0,0.0,0,0.2,0,5.2,0,0.0,1,0.5,0,77.0,0,0.3,0,0.23,0,5.4,0,0.0,1,2.0,0,67.0,0,0.0,0,0.16,0,18.3,0,0.0,1,5.9,0,72.0,0,0.0,0,0.02,0,0.8660254037844387,-0.49999999999999983,0.7818314824680298,0.6234898018587336,-1.0,-1.8369701987210297e-16,0
2025-10-21 09:00:00,65312.0,12.5,0,0.0,1,2.1,0,81.0,0,0.0,0,0.33,0,13.5,0,0.0,1,1.1,0,79.0,0,0.0,0,0.43,0,10.1,0,0.0,1,2.2,0,73.0,0,0.0,0,0.42,0,17.0,0,0.0,1,4.0,0,71.0,0,0.0,0,0.56,0,7.7,0,0.0,1,0.5,0,71.0,0,0.8,0,0.92,0,7.7,0,0.0,1,2.4,0,63.0,0,0.8,0,0.93,0,18.3,0,0.0,1,6.0,0,72.0,0,0.0,0,0.15,0,0.7071067811865476,-0.7071067811865475,0.7818314824680298,0.6234898018587336,-1.0,-1.8369701987210297e-16,0
2025-10-21 10:00:00,65704.0,14.1,0,0.0,1,2.3,0,76.0,0,0.0,0,0.84,0,14.5,0,0.0,1,1.3,0,74.0,0,0.0,0,0.77,0,11.5,0,0.0,1,2.3,0,71.0,0,0.0,0,0.83,0,17.4,0,0.0,1,4.1,0,70.0,0,0.0,0,0.68,0,9.4,0,0.0,1,1.1,0,67.0,0,0.9,0,1.11,0,8.9,0,0.0,1,2.9,0,61.0,0,1.0,0,1.19,0,18.1,0,0.0,0,4.5,0,72.0,0,0.0,0,0.2,0,0.49999999999999994,-0.8660254037844387,0.7818314824680298,0.6234898018587336,-1.0,-1.8369701987210297e-16,0
2025-10-21 11:00:00,64515.0,14.6,0,0.0,1,1.0,0,74.0,0,0.0,0,1.01,0,16.6,0,0.0,1,0.8,0,65.0,0,0.4,0,1.6,0,12.4,0,0.0,1,1.4,0,70.0,0,0.0,0,1.19,0,17.4,0,0.0,1,4.1,0,70.0,0,0.0,0,0.71,0,10.5,0,0.0,1,2.1,0,65.0,0,0.7,0,1.41,0,10.3,0,0.0,1,2.4,0,61.0,0,0.7,0,1.4,0,18.8,0,0.0,0,3.7,0,68.0,0,0.0,0,0.57,0,0.258819045102521,-0.9659258262890682,0.7818314824680298,0.6234898018587336,-1.0,-1.8369701987210297e-16,0
2025-10-21 12:00:00,62638.0,15.1,0,0.0,1,0.8,0,74.0,0,0.0,0,1.04,0,16.8,0,0.0,1,0.9,0,65.0,0,0.0,0,1.15,0,13.3,0,0.0,1,1.6,0,70.0,0,0.0,0,1.15,0,17.8,0,0.0,1,3.6,0,69.0,0,0.0,0,0.87,0,12.6,0,0.0,1,2.1,0,61.0,0,0.9,0,1.99,0,11.8,0,0.0,1,2.1,0,57.0,0,0.9,0,1.89,0,18.9,0,0.0,1,4.8,0,67.0,0,0.0,0,0.57,0,1.2246467991473532e-16,-1.0,0.7818314824680298,0.6234898018587336,-1.0,-1.8369701987210297e-16,0
2025-10-21 13:00:00,60991.0,15.5,0,0.0,1,0.7,0,70.0,0,0.0,0,1.0,0,17.3,0,0.0,1,0.6,0,62.0,0,0.0,0,1.27,0,14.3,0,0.0,1,2.0,0,67.0,0,0.0,0,1.34,0,17.7,0,0.0,1,4.1,0,69.0,0,0.0,0,0.6,0,13.4,0,0.0,1,2.4,0,62.0,0,0.7,0,1.79,0,12.6,0,0.0,1,2.9,0,58.0,0,0.6,0,1.72,0,18.8,0,0.0,1,4.2,0,70.0,0,0.0,0,0.48,0,-0.2588190451025208,-0.9659258262890683,0.7818314824680298,0.6234898018587336,-1.0,-1.8369701987210297e-16,0
2025-10-21 14:00:00,63705.0,15.6,0,0.0,1,1.0,0,69.0,0,0.0,0,1.01,0,17.7,0,0.0,1,1.0,0,61.0,0,0.0,0,0.99,0,14.9,0,0.0,1,2.2,0,64.0,0,0.0,0,1.17,0,18.1,0,0.0,1,3.1,0,69.0,0,0.0,0,0.61,0,13.8,0,0.0,1,2.7,0,62.0,0,0.3,0,1.43,0,12.9,0,0.0,1,1.7,0,56.0,0,0.4,0,1.39,0,18.5,0,0.0,1,5.3,0,71.0,0,0.0,0,0.26,0,-0.4999999999999998,-0.8660254037844388,0.7818314824680298,0.6234898018587336,-1.0,-1.8369701987210297e-16,0
2025-10-21 15:00:00,64906.0,16.0,0,0.0,1,1.0,0,66.0,0,0.0,0,1.22,0,17.9,0,0.0,1,0.4,0,63.0,0,0.0,0,0.69,0,15.6,0,0.0,1,2.2,0,63.0,0,0.5,0,1.28,0,18.2,0,0.0,1,3.0,0,71.0,0,0.0,0,0.66,0,14.0,0,0.0,1,2.3,0,61.0,0,0.3,0,1.18,0,13.1,0,0.0,1,1.9,0,54.0,0,0.2,0,1.16,0,18.3,0,0.0,0,5.0,0,71.0,0,0.0,0,0.31,0,-0.7071067811865471,-0.7071067811865479,0.7818314824680298,0.6234898018587336,-1.0,-1.8369701987210297e-16,0
2025-10-21 16:00:00,66532.0,16.0,0,0.0,1,1.6,0,69.0,0,0.0,0,0.81,0,17.8,0,0.0,1,0.6,0,64.0,0,0.0,0,0.55,0,14.1,0,0.0,1,2.0,0,67.0,0,0.0,0,0.63,0,18.0,0,0.0,1,3.0,0,72.0,0,0.0,0,0.46,0,13.8,0,0.0,1,2.5,0,61.0,0,0.0,0,0.76,0,12.9,0,0.0,1,2.2,0,55.0,0,0.1,0,0.79,0,18.1,0,0.0,0,6.7,0,71.0,0,0.0,0,0.1,0,-0.8660254037844384,-0.5000000000000004,0.7818314824680298,0.6234898018587336,-1.0,-1.8369701987210297e-16,0
2025-10-21 17:00:00,68326.0,15.2,0,0.0,1,1.4,0,71.0,0,0.0,0,0.42,0,17.1,0,0.0,1,1.5,0,69.0,0,0.0,0,0.18,0,13.7,0,0.0,1,2.7,0,69.0,0,0.0,0,0.29,0,17.7,0,0.0,1,3.4,0,76.0,0,0.0,0,0.22,0,13.6,0,0.0,1,2.0,0,56.0,0,0.6,0,0.53,0,13.0,0,0.0,1,2.0,0,55.0,0,0.8,0,0.64,0,18.0,0,0.0,0,5.5,0,70.0,0,0.0,0,0.12,0,-0.9659258262890683,-0.25881904510252063,0.7818314824680298,0.6234898018587336,-1.0,-1.8369701987210297e-16,0
2025-10-21 18:00:00,69092.0,14.3,0,0.0,1,1.6,0,74.0,0,0.0,0,0.12,0,16.3,0,0.0,1,1.4,0,75.0,0,0.0,0,0.03,0,11.9,0,0.0,1,1.7,0,74.0,0,0.0,0,0.06,0,17.1,0,0.0,1,2.6,0,75.0,0,0.0,0,0.03,0,12.1,0,0.0,1,2.3,0,63.0,0,0.3,0,0.13,0,11.6,0,0.0,1,2.3,0,56.0,0,0.7,0,0.14,0,17.9,0,0.0,1,5.7,0,70.0,0,0.0,0,0.02,0,-1.0,-1.8369701987210297e-16,0.7818314824680298,0.6234898018587336,-1.0,-1.8369701987210297e-16,0
2025-10-21 19:00:00,70431.0,13.5,0,0.0,1,1.5,0,75.0,0,0.0,1,0.0,1,16.0,0,0.0,1,2.3,0,77.0,0,0.0,1,0.0,1,11.5,0,0.0,1,1.2,0,75.0,0,0.0,1,0.0,1,16.9,0,0.0,1,3.2,0,75.0,0,0.0,1,0.0,1,10.8,0,0.0,1,2.4,0,65.0,0,0.0,1,0.0,1,10.5,0,0.0,1,2.9,0,57.0,0,0.0,1,0.0,1,17.7,0,0.0,0,5.4,0,69.0,0,0.0,1,0.0,1,-0.9659258262890684,0.2588190451025203,0.7818314824680298,0.6234898018587336,-1.0,-1.8369701987210297e-16,0
2025-10-21 20:00:00,68965.0,13.0,0,0.0,1,2.1,0,77.0,0,0.0,1,0.0,1,15.8,0,0.0,1,2.2,0,77.0,0,0.0,1,0.0,1,10.7,0,0.0,1,0.5,0,77.0,0,0.0,1,0.0,1,16.4,0,0.0,1,3.9,0,76.0,0,0.0,1,0.0,1,10.1,0,0.0,1,2.5,0,64.0,0,0.0,1,0.0,1,9.6,0,0.0,1,2.8,0,54.0,0,0.0,1,0.0,1,17.5,0,0.0,0,4.8,0,68.0,0,0.0,1,0.0,1,-0.8660254037844386,0.5000000000000001,0.7818314824680298,0.6234898018587336,-1.0,-1.8369701987210297e-16,0
2025-10-21 21:00:00,66883.0,12.6,0,0.0,1,1.8,0,79.0,0,0.0,1,0.0,1,15.5,0,0.0,1,2.4,0,79.0,0,0.0,1,0.0,1,10.5,0,0.0,1,0.5,0,73.0,0,0.0,1,0.0,1,16.6,0,0.0,1,3.8,0,72.0,0,0.0,1,0.0,1,9.2,0,0.0,1,1.2,0,66.0,0,0.0,1,0.0,1,8.8,0,0.0,1,2.7,0,55.0,0,0.0,1,0.0,1,17.5,0,0.0,0,4.0,0,68.0,0,0.0,1,0.0,1,-0.7071067811865477,0.7071067811865474,0.7818314824680298,0.6234898018587336,-1.0,-1.8369701987210297e-16,0
2025-10-21 22:00:00,64681.0,12.1,0,0.0,1,2.3,0,80.0,0,0.0,1,0.0,1,14.8,0,0.0,1,1.8,0,81.0,0,0.0,1,0.0,1,9.9,0,0.0,1,0.9,0,76.0,0,0.0,1,0.0,1,16.3,0,0.0,1,3.9,0,73.0,0,0.0,1,0.0,1,8.5,0,0.0,1,0.9,0,74.0,0,0.0,1,0.0,1,8.2,0,0.0,1,2.5,0,57.0,0,0.0,1,0.0,1,17.5,0,0.0,1,4.2,0,70.0,0,0.0,1,0.0,1,-0.5000000000000004,0.8660254037844384,0.7818314824680298,0.6234898018587336,-1.0,-1.8369701987210297e-16,0
2025-10-21 23:00:00,63595.0,11.8,0,0.0,1,1.5,0,81.0,0,0.0,1,0.0,1,14.8,0,0.0,1,2.3,0,80.0,0,0.0,1,0.0,1,9.2,0,0.0,1,0.0,0,81.0,0,0.0,1,0.0,1,16.2,0,0.0,1,2.8,0,75.0,0,0.0,1,0.0,1,8.0,0,0.0,1,0.9,0,80.0,0,0.0,1,0.0,1,7.9,0,0.0,1,2.6,0,60.0,0,0.0,1,0.0,1,17.5,0,0.0,1,3.7,0,69.0,0,0.0,1,0.0,1,-0.25881904510252157,0.9659258262890681,0.7818314824680298,0.6234898018587336,-1.0,-1.8369701987210297e-16,0
2025-10-22 00:00:00,61534.0,11.2,0,0.0,1,1.5,0,83.0,0,0.0,1,0.0,1,14.3,0,0.0,1,2.3,0,82.0,0,0.0,1,0.0,1,8.6,0,0.0,1,0.9,0,82.0,0,0.0,1,0.0,1,16.0,0,0.0,1,4.7,0,75.0,0,0.0,1,0.0,1,7.6,0,0.0,1,0.9,0,82.0,0,0.0,1,0.0,1,7.7,0,0.0,1,3.0,0,61.0,0,0.0,1,0.0,1,17.4,0,0.0,1,3.4,0,72.0,0,0.0,1,0.0,1,0.0,1.0,0.9749279121818236,-0.22252093395631434,-1.0,-1.8369701987210297e-16,0
2025-10-22 01:00:00,57819.0,10.8,0,0.0,1,2.7,0,84.0,0,0.0,1,0.0,1,14.3,0,0.0,1,1.6,0,82.0,0,0.0,1,0.0,1,8.5,0,0.0,1,0.4,0,82.0,0,0.0,1,0.0,1,15.7,0,0.0,1,5.2,0,77.0,0,0.0,1,0.0,1,7.2,0,0.0,1,1.3,0,81.0,0,0.0,1,0.0,1,7.3,0,0.0,1,3.1,0,65.0,0,0.0,1,0.0,1,17.7,0,0.0,1,3.9,0,74.0,0,0.0,1,0.0,1,0.25881904510252074,0.9659258262890683,0.9749279121818236,-0.22252093395631434,-1.0,-1.8369701987210297e-16,0
2025-10-22 02:00:00,55760.0,10.9,0,0.0,1,1.9,0,84.0,0,0.0,1,0.0,1,13.9,0,0.0,1,1.7,0,83.0,0,0.0,1,0.0,1,8.9,0,0.0,1,0.1,0,82.0,0,0.0,1,0.0,1,15.5,0,0.0,1,4.3,0,75.0,0,0.0,1,0.0,1,6.8,0,0.0,1,0.4,0,84.0,0,0.0,1,0.0,1,6.8,0,0.0,1,3.0,0,67.0,0,0.0,1,0.0,1,18.0,0,0.0,1,4.9,0,74.0,0,0.0,1,0.0,1,0.49999999999999994,0.8660254037844387,0.9749279121818236,-0.22252093395631434,-1.0,-1.8369701987210297e-16,0
2025-10-22 03:00:00,54564.0,10.7,0,0.0,1,0.9,0,85.0,0,0.0,1,0.0,1,13.1,0,0.0,1,0.7,0,88.0,0,0.0,1,0.0,1,8.4,0,0.0,1,0.9,0,85.0,0,0.0,1,0.0,1,15.3,0,0.0,1,3.6,0,76.0,0,0.0,1,0.0,1,6.7,0,0.0,1,1.1,0,85.0,0,0.0,1,0.0,1,6.6,0,0.0,1,2.9,0,69.0,0,0.0,1,0.0,1,18.1,0,0.0,1,5.8,0,75.0,0,0.0,1,0.0,1,0.7071067811865475,0.7071067811865476,0.9749279121818236,-0.22252093395631434,-1.0,-1.8369701987210297e-16,0
2025-10-22 04:00:00,54060.0,9.9,0,0.0,1,0.4,0,89.0,0,0.0,1,0.0,1,13.3,0,0.0,1,0.0,0,87.0,0,0.0,1,0.0,1,8.0,0,0.0,1,0.8,0,89.0,0,0.0,1,0.0,1,15.0,0,0.0,1,3.9,0,78.0,0,0.0,1,0.0,1,6.6,0,0.0,1,0.3,0,86.0,0,0.0,1,0.0,1,6.5,0,0.0,1,2.7,0,74.0,0,0.0,1,0.0,1,18.3,0,0.0,1,5.8,0,76.0,0,0.0,1,0.0,1,0.8660254037844386,0.5000000000000001,0.9749279121818236,-0.22252093395631434,-1.0,-1.8369701987210297e-16,0
2025-10-22 05:00:00,54364.0,9.7,0,0.0,1,0.9,0,88.0,0,0.0,1,0.0,1,13.3,0,0.0,1,0.2,0,88.0,0,0.0,1,0.0,1,7.6,0,0.0,1,0.8,0,90.0,0,0.0,1,0.0,1,15.0,0,0.0,1,5.5,0,76.0,0,0.0,1,0.0,1,6.8,0,0.0,1,1.3,0,89.0,0,0.0,1,0.0,1,6.3,0,0.0,1,2.6,0,77.0,0,0.0,1,0.0,1,18.2,0,0.0,1,6.0,0,75.0,0,0.0,1,0.0,1,0.9659258262890683,0.25881904510252074,0.9749279121818236,-0.22252093395631434,-1.0,-1.8369701987210297e-16,0
2025-10-22 06:00:00,55948.0,9.8,0,0.0,1,1.1,0,89.0,0,0.0,1,0.0,1,13.0,0,0.0,1,0.2,0,89.0,0,0.0,1,0.0,1,7.3,0,0.0,1,0.7,0,91.0,0,0.0,1,0.0,1,15.0,0,0.0,1,4.1,0,76.0,0,0.0,1,0.0,1,6.8,0,0.0,1,0.9,0,90.0,0,0.0,1,0.0,1,6.4,0,0.0,1,2.5,0,82.0,0,0.0,1,0.0,1,18.2,0,0.0,1,5.9,0,74.0,0,0.0,1,0.0,1,1.0,6.123233995736766e-17,0.9749279121818236,-0.22252093395631434,-1.0,-1.8369701987210297e-16,0
2025-10-22 07:00:00,58900.0,9.9,0,0.0,1,1.4,0,89.0,0,0.0,0,0.07,0,12.6,0,0.0,1,0.5,0,92.0,0,0.0,0,0.0,0,7.2,0,0.0,1,0.8,0,93.0,0,0.0,0,0.0,0,15.3,0,0.0,1,5.5,0,75.0,0,0.0,0,0.0,0,7.0,0,0.0,1,0.5,0,90.0,0,0.0,0,0.0,0,6.2,0,0.0,1,2.6,0,84.0,0,0.0,0,0.0,0,18.4,0,0.0,1,5.1,0,75.0,0,0.0,0,0.0,0,0.9659258262890683,-0.25881904510252063,0.9749279121818236,-0.22252093395631434,-1.0,-1.8369701987210297e-16,0
2025-10-22 08:00:00,62037.0,10.1,0,0.0,1,0.4,0,90.0,0,0.3,0,0.27,0,13.5,0,0.0,1,1.0,0,89.0,0,0.0,0,0.25,0,9.1,0,0.0,1,0.1,0,85.0,0,0.7,0,0.35,0,16.0,0,0.0,1,3.2,0,73.0,0,0.3,0,0.2,0,7.7,0,0.0,1,0.6,0,89.0,0,0.7,0,0.27,0,7.2,0,0.0,1,2.3,0,85.0,0,0.2,0,0.19,0,18.5,0,0.0,1,5.4,0,75.0,0,0.0,0,0.06,0,0.8660254037844387,-0.49999999999999983,0.9749279121818236,-0.22252093395631434,-1.0,-1.8369701987210297e-16,0
2025-10-22 09:00:00,63217.0,12.3,0,0.0,1,0.4,0,82.0,0,1.0,0,0.92,0,14.8,0,0.0,1,0.8,0,80.0,0,0.0,0,0.57,0,10.9,0,0.0,1,1.3,0,80.0,0,0.9,0,0.88,0,17.3,0,0.0,1,3.2,0,74.0,0,0.4,0,0.63,0,10.6,0,0.0,1,1.9,0,80.0,0,1.0,0,0.96,0,9.8,0,0.0,1,2.2,0,81.0,0,1.0,0,0.91,0,19.0,0,0.0,1,5.6,0,72.0,0,0.0,0,0.3,0,0.7071067811865476,-0.7071067811865475,0.9749279121818236,-0.22252093395631434,-1.0,-1.8369701987210297e-16,0
2025-10-22 10:00:00,62000.0,14.2,0,0.0,1,1.1,0,78.0,0,1.0,0,1.54,0,14.6,0,0.0,0,1.1,0,84.0,0,0.0,0,0.48,0,13.4,0,0.0,1,1.3,0,73.0,0,0.9,0,1.43,0,19.7,0,0.0,1,3.3,0,68.0,0,0.8,0,1.53,0,13.6,0,0.0,1,2.2,0,67.0,0,1.0,0,1.67,0,12.2,0,0.0,1,1.8,0,73.0,0,1.0,0,1.56,0,19.6,0,0.0,1,5.7,0,69.0,0,0.0,0,0.54,0,0.49999999999999994,-0.8660254037844387,0.9749279121818236,-0.22252093395631434,-1.0,-1.8369701987210297e-16,0
2025-10-22 11:00:00,60499.0,16.1,0,0.0,1,0.9,0,71.0,0,1.0,0,2.3,0,15.7,0,0.0,0,1.2,0,82.0,0,0.0,0,0.58,0,15.6,0,0.0,1,1.8,0,67.0,0,1.0,0,2.02,0,20.3,0,0.0,1,3.4,0,66.0,0,0.5,0,1.67,0,15.4,0,0.0,1,2.4,0,62.0,0,1.0,0,2.16,0,14.4,0,0.0,1,2.2,0,65.0,0,1.0,0,2.06,0,20.0,0,0.0,1,5.4,0,69.0,0,0.2,0,0.98,0,0.258819045102521,-0.9659258262890682,0.9749279121818236,-0.22252093395631434,-1.0,-1.8369701987210297e-16,0
2025-10-22 12:00:00,58397.0,18.6,0,0.0,1,0.9,0,66.0,0,1.0,0,2.55,0,16.8,0,0.0,1,3.8,0,74.0,0,0.0,0,0.81,0,18.3,0,0.0,1,1.6,0,62.0,0,1.0,0,2.48,0,22.0,0,0.0,0,3.3,0,60.0,0,0.4,0,1.7,0,16.8,0,0.0,1,1.8,0,59.0,0,1.0,0,2.44,0,16.3,0,0.0,1,2.4,0,60.0,0,1.0,0,2.35,0,20.2,0,0.0,1,6.4,0,70.0,0,0.1,0,1.15,0,1.2246467991473532e-16,-1.0,0.9749279121818236,-0.22252093395631434,-1.0,-1.8369701987210297e-16,0
2025-10-22 13:00:00,56641.0,19.8,0,0.0,1,1.0,0,59.0,0,1.0,0,2.57,0,17.2,0,0.0,1,4.1,0,72.0,0,0.0,0,0.98,0,19.0,0,0.0,1,2.2,0,62.0,0,0.5,0,2.07,0,20.5,0,0.0,0,3.2,0,66.0,0,0.3,0,1.39,0,18.1,0,0.0,1,2.2,0,55.0,0,0.8,0,2.07,0,17.6,0,0.0,1,1.6,0,55.0,0,1.0,0,2.44,0,20.6,0,0.0,1,5.5,0,68.0,0,0.1,0,1.22,0,-0.2588190451025208,-0.9659258262890683,0.9749279121818236,-0.22252093395631434,-1.0,-1.8369701987210297e-16,0
2025-10-22 14:00:00,60424.0,20.8,0,0.0,1,1.1,0,54.0,0,1.0,0,2.46,0,17.6,0,0.0,1,4.6,0,69.0,0,0.2,0,1.27,0,19.5,0,0.0,1,1.9,0,59.0,0,0.5,0,1.82,0,21.0,0,0.0,0,2.9,0,63.0,0,0.4,0,1.67,0,17.9,0,0.0,1,2.4,0,57.0,0,0.2,0,1.17,0,18.5,0,0.0,1,0.9,0,52.0,0,1.0,0,2.28,0,21.4,0,0.0,1,6.1,0,64.0,0,0.3,0,1.42,0,-0.4999999999999998,-0.8660254037844388,0.9749279121818236,-0.22252093395631434,-1.0,-1.8369701987210297e-16,0
2025-10-22 15:00:00,62384.0,21.5,0,0.0,1,1.4,0,54.0,0,1.0,0,2.05,0,17.2,0,0.0,1,2.9,0,71.0,0,0.1,0,0.84,0,19.0,0,0.0,1,2.6,0,62.0,0,0.2,0,0.81,0,20.1,0,0.0,0,3.3,0,68.0,0,0.2,0,1.16,0,18.5,0,0.0,1,2.2,0,55.0,0,0.2,0,1.1,0,19.1,0,0.0,1,1.8,0,52.0,0,1.0,0,1.99,0,21.2,0,0.0,1,6.8,0,63.0,0,0.6,0,1.59,0,-0.7071067811865471,-0.7071067811865479,0.9749279121818236,-0.22252093395631434,-1.0,-1.8369701987210297e-16,0
2025-10-22 16:00:00,64776.0,20.6,0,0.0,1,0.7,0,55.0,0,0.9,0,1.29,0,17.1,0,0.0,1,3.6,0,71.0,0,0.5,0,1.13,0,18.2,0,0.0,1,2.7,0,66.0,0,0.3,0,0.75,0,19.9,0,0.0,0,2.6,0,67.0,0,0.4,0,1.01,0,18.5,0,0.0,1,1.5,0,56.0,0,0.3,0,0.83,0,18.8,0,0.0,1,2.3,0,52.0,0,0.7,0,1.22,0,21.2,0,0.0,1,5.2,0,65.0,0,0.2,0,0.79,0,-0.8660254037844384,-0.5000000000000004,0.9749279121818236,-0.22252093395631434,-1.0,-1.8369701987210297e-16,0
2025-10-22 17:00:00,67634.0,19.6,0,0.0,1,1.3,0,63.0,0,1.0,0,0.66,0,16.6,0,0.0,1,2.6,0,74.0,0,0.2,0,0.48,0,17.3,0,0.0,1,2.9,0,70.0,0,0.3,0,0.35,0,18.4,0,0.0,0,3.2,0,77.0,0,0.4,0,0.64,0,17.5,0,0.0,1,2.1,0,60.0,0,0.0,0,0.26,0,17.9,0,0.0,1,2.7,0,55.0,0,0.1,0,0.35,0,20.9,0,0.0,1,5.3,0,65.0,0,0.0,0,0.29,0,-0.9659258262890683,-0.25881904510252063,0.9749279121818236,-0.22252093395631434,-1.0,-1.8369701987210297e-16,0
2025-10-22 18:00:00,68641.0,18.4,0,0.0,1,0.8,0,67.0,0,0.4,0,0.19,0,16.3,0,0.0,1,2.8,0,74.0,0,0.0,0,0.05,0,16.5,0,0.0,1,1.6,0,71.0,0,0.0,0,0.06,0,17.3,0,0.0,0,2.9,0,78.0,0,0.1,0,0.05,0,16.9,0,0.0,1,1.4,0,61.0,0,0.0,0,0.06,0,16.9,0,0.0,1,2.4,0,59.0,0,0.0,0,0.08,0,21.0,0,0.0,1,4.7,0,66.0,0,0.0,0,0.04,0,-1.0,-1.8369701987210297e-16,0.9749279121818236,-0.22252093395631434,-1.0,-1.8369701987210297e-16,0
2025-10-22 19:00:00,69634.0,17.2,0,0.0,1,0.5,0,72.0,0,0.0,1,0.0,1,15.5,0,0.0,1,1.9,0,79.0,0,0.0,1,0.0,1,15.9,0,0.0,1,2.6,0,74.0,0,0.0,1,0.0,1,16.8,0,0.0,0,3.4,0,82.0,0,0.0,1,0.0,1,16.1,0,0.0,1,1.6,0,65.0,0,0.0,1,0.0,1,15.9,0,0.0,1,2.2,0,62.0,0,0.0,1,0.0,1,21.1,0,0.0,1,6.2,0,65.0,0,0.0,1,0.0,1,-0.9659258262890684,0.2588190451025203,0.9749279121818236,-0.22252093395631434,-1.0,-1.8369701987210297e-16,0
2025-10-22 20:00:00,68478.0,16.5,0,0.0,1,0.6,0,76.0,0,0.0,1,0.0,1,14.7,0,0.0,1,1.5,0,82.0,0,0.0,1,0.0,1,15.6,0,0.0,1,1.5,0,75.0,0,0.0,1,0.0,1,16.5,0,0.0,0,3.7,0,84.0,0,0.0,1,0.0,1,15.4,0,0.0,1,0.9,0,70.0,0,0.0,1,0.0,1,15.3,0,0.0,1,3.2,0,64.0,0,0.0,1,0.0,1,21.0,0,0.0,1,4.8,0,67.0,0,0.0,1,0.0,1,-0.8660254037844386,0.5000000000000001,0.9749279121818236,-0.22252093395631434,-1.0,-1.8369701987210297e-16,0
2025-10-22 21:00:00,66666.0,15.9,0,0.0,1,0.1,0,77.0,0,0.0,1,0.0,1,14.2,0,0.0,1,0.0,0,84.0,0,0.0,1,0.0,1,14.5,0,0.0,1,1.5,0,81.0,0,0.0,1,0.0,1,16.2,0,0.8,0,2.7,0,90.0,0,0.0,1,0.0,1,14.9,0,0.0,1,2.1,0,71.0,0,0.0,1,0.0,1,14.5,0,0.0,1,2.2,0,68.0,0,0.0,1,0.0,1,20.9,0,0.0,1,5.5,0,67.0,0,0.0,1,0.0,1,-0.7071067811865477,0.7071067811865474,0.9749279121818236,-0.22252093395631434,-1.0,-1.8369701987210297e-16,0
2025-10-22 22:00:00,64569.0,16.1,0,0.0,1,1.1,0,77.0,0,0.0,1,0.0,1,14.4,0,0.0,1,0.8,0,84.0,0,0.0,1,0.0,1,13.8,0,0.0,1,0.2,0,86.0,0,0.0,1,0.0,1,16.1,0,0.5,0,3.3,0,87.0,0,0.0,1,0.0,1,14.4,0,0.0,1,2.0,0,74.0,0,0.0,1,0.0,1,13.9,0,0.0,1,2.6,0,73.0,0,0.0,1,0.0,1,20.9,0,0.0,0,4.5,0,66.0,0,0.0,1,0.0,1,-0.5000000000000004,0.8660254037844384,0.9749279121818236,-0.22252093395631434,-1.0,-1.8369701987210297e-16,0
2025-10-22 23:00:00,63510.0,15.4,0,0.0,1,1.0,0,81.0,0,0.0,1,0.0,1,14.2,0,0.0,1,0.6,0,85.0,0,0.0,1,0.0,1,13.2,0,0.0,1,1.3,0,89.0,0,0.0,1,0.0,1,15.8,0,0.4,0,3.4,0,89.0,0,0.0,1,0.0,1,14.0,0,0.0,1,2.5,0,73.0,0,0.0,1,0.0,1,13.4,0,0.0,1,2.0,0,75.0,0,0.0,1,0.0,1,20.9,0,0.0,0,6.5,0,66.0,0,0.0,1,0.0,1,-0.25881904510252157,0.9659258262890681,0.9749279121818236,-0.22252093395631434,-1.0,-1.8369701987210297e-16,0
2025-10-23 00:00:00,61383.0,14.8,0,0.0,1,1.1,0,82.0,0,0.0,1,0.0,1,13.6,0,0.0,1,1.4,0,89.0,0,0.0,1,0.0,1,12.4,0,0.0,1,1.8,0,92.0,0,0.0,1,0.0,1,15.8,0,0.1,0,3.0,0,87.0,0,0.0,1,0.0,1,13.4,0,0.0,1,2.4,0,76.0,0,0.0,1,0.0,1,12.7,0,0.0,1,2.6,0,79.0,0,0.0,1,0.0,1,20.8,0,0.0,0,5.1,0,67.0,0,0.0,1,0.0,1,0.0,1.0,0.43388373911755823,-0.900968867902419,-1.0,-1.8369701987210297e-16,0
2025-10-23 01:00:00,57627.0,14.2,0,0.0,1,0.9,0,85.0,0,0.0,1,0.0,1,13.3,0,0.0,1,0.5,0,91.0,0,0.0,1,0.0,1,11.9,0,0.0,1,1.7,0,94.0,0,0.0,1,0.0,1,15.7,0,0.3,0,3.3,0,89.0,0,0.0,1,0.0,1,12.8,0,0.0,1,1.7,0,76.0,0,0.0,1,0.0,1,12.2,0,0.0,1,3.1,0,81.0,0,0.0,1,0.0,1,20.8,0,0.0,0,6.8,0,67.0,0,0.0,1,0.0,1,0.25881904510252074,0.9659258262890683,0.43388373911755823,-0.900968867902419,-1.0,-1.8369701987210297e-16,0
2025-10-23 02:00:00,55504.0,13.7,0,0.0,1,1.0,0,87.0,0,0.0,1,0.0,1,12.6,0,0.0,1,0.7,0,92.0,0,0.0,1,0.0,1,11.7,0,0.0,1,2.4,0,94.0,0,0.0,1,0.0,1,15.8,0,0.1,0,2.9,0,86.0,0,0.0,1,0.0,1,12.5,0,0.0,1,1.7,0,79.0,0,0.0,1,0.0,1,11.9,0,0.0,1,2.5,0,83.0,0,0.0,1,0.0,1,20.6,0,0.0,1,5.6,0,67.0,0,0.0,1,0.0,1,0.49999999999999994,0.8660254037844387,0.43388373911755823,-0.900968867902419,-1.0,-1.8369701987210297e-16,0
2025-10-23 03:00:00,54302.0,13.6,0,0.0,1,0.9,0,88.0,0,0.0,1,0.0,1,12.6,0,0.0,1,0.4,0,94.0,0,0.0,1,0.0,1,11.3,0,0.0,1,1.7,0,95.0,0,0.0,1,0.0,1,15.8,0,0.0,0,2.6,0,80.0,0,0.0,1,0.0,1,12.3,0,0.0,1,1.9,0,78.0,0,0.0,1,0.0,1,11.5,0,0.0,1,1.8,0,84.0,0,0.0,1,0.0,1,20.4,0,0.0,1,5.9,0,68.0,0,0.0,1,0.0,1,0.7071067811865475,0.7071067811865476,0.43388373911755823,-0.900968867902419,-1.0,-1.8369701987210297e-16,0
2025-10-23 04:00:00,53669.0,13.1,0,0.0,1,1.4,0,89.0,0,0.0,1,0.0,1,12.6,0,0.0,1,1.2,0,92.0,0,0.0,1,0.0,1,11.1,0,0.0,1,1.1,0,95.0,0,0.0,1,0.0,1,15.6,0,0.0,1,3.2,0,81.0,0,0.0,1,0.0,1,12.0,0,0.0,1,1.3,0,80.0,0,0.0,1,0.0,1,11.6,0,0.0,1,1.6,0,85.0,0,0.0,1,0.0,1,20.2,0,0.0,1,6.0,0,69.0,0,0.0,1,0.0,1,0.8660254037844386,0.5000000000000001,0.43388373911755823,-0.900968867902419,-1.0,-1.8369701987210297e-16,0
2025-10-23 05:00:00,53849.0,13.3,0,0.0,1,0.3,0,88.0,0,0.0,1,0.0,1,12.4,0,0.0,1,0.5,0,94.0,0,0.0,1,0.0,1,11.0,0,0.0,1,1.6,0,96.0,0,0.0,1,0.0,1,15.5,0,0.0,1,3.6,0,79.0,0,0.0,1,0.0,1,11.8,0,0.0,1,1.2,0,80.0,0,0.0,1,0.0,1,11.6,0,0.0,1,2.2,0,85.0,0,0.0,1,0.0,1,20.1,0,0.0,1,6.7,0,70.0,0,0.0,1,0.0,1,0.9659258262890683,0.25881904510252074,0.43388373911755823,-0.900968867902419,-1.0,-1.8369701987210297e-16,0
2025-10-23 06:00:00,55330.0,13.2,0,0.0,1,0.5,0,87.0,0,0.0,1,0.0,1,12.4,0,0.0,1,0.8,0,94.0,0,0.0,1,0.0,1,10.8,0,0.0,1,2.0,0,96.0,0,0.0,1,0.0,1,15.5,0,0.0,1,2.9,0,79.0,0,0.0,1,0.0,1,12.0,0,0.0,1,1.6,0,81.0,0,0.0,1,0.0,1,11.7,0,0.0,1,2.0,0,85.0,0,0.0,1,0.0,1,20.1,0,0.0,1,6.2,0,68.0,0,0.0,1,0.0,1,1.0,6.123233995736766e-17,0.43388373911755823,-0.900968867902419,-1.0,-1.8369701987210297e-16,0
2025-10-23 07:00:00,58295.0,12.8,0,0.0,1,0.2,0,90.0,0,0.0,0,0.07,0,12.7,0,0.0,1,0.1,0,94.0,0,0.0,0,0.0,0,10.7,0,0.0,1,0.9,0,97.0,0,0.0,0,0.0,0,15.4,0,0.0,1,3.5,0,78.0,0,0.0,0,0.01,0,12.3,0,0.0,1,1.8,0,80.0,0,0.0,0,0.0,0,11.8,0,0.0,1,2.3,0,85.0,0,0.0,0,0.0,0,19.9,0,0.0,1,6.3,0,70.0,0,0.0,0,0.0,0,0.9659258262890683,-0.25881904510252063,0.43388373911755823,-0.900968867902419,-1.0,-1.8369701987210297e-16,0
2025-10-23 08:00:00,61441.0,13.3,0,0.0,1,0.2,0,89.0,0,0.4,0,0.35,0,13.7,0,0.0,1,0.6,0,91.0,0,0.0,0,0.21,0,12.4,0,0.0,1,0.6,0,93.0,0,0.9,0,0.32,0,15.7,0,0.0,1,3.7,0,78.0,0,0.0,0,0.13,0,12.8,0,0.0,1,2.4,0,79.0,0,0.1,0,0.16,0,12.0,0,0.0,1,1.5,0,85.0,0,0.0,0,0.16,0,20.1,0,0.0,1,5.9,0,70.0,0,0.0,0,0.12,0,0.8660254037844387,-0.49999999999999983,0.43388373911755823,-0.900968867902419,-1.0,-1.8369701987210297e-16,0
2025-10-23 09:00:00,62632.0,16.0,0,0.0,1,0.8,0,77.0,0,0.9,0,1.01,0,16.3,0,0.0,1,1.3,0,76.0,0,1.0,0,1.02,0,15.5,0,0.0,1,0.9,0,77.0,0,1.0,0,0.96,0,17.7,0,0.0,1,3.3,0,71.0,0,0.7,0,0.85,0,14.0,0,0.0,1,2.4,0,73.0,0,0.5,0,0.66,0,13.8,0,0.0,1,1.7,0,80.0,0,0.4,0,0.65,0,20.1,0,0.0,1,5.4,0,71.0,0,0.1,0,0.34,0,0.7071067811865476,-0.7071067811865475,0.43388373911755823,-0.900968867902419,-1.0,-1.8369701987210297e-16,0
2025-10-23 10:00:00,61175.0,18.3,0,0.0,1,0.6,0,66.0,0,1.0,0,1.76,0,17.9,0,0.0,1,1.8,0,68.0,0,0.9,0,1.59,0,17.3,0,0.0,1,1.2,0,69.0,0,1.0,0,1.62,0,18.0,0,0.0,0,2.8,0,70.0,0,0.0,0,0.62,0,14.6,0,0.0,1,1.8,0,72.0,0,0.1,0,0.64,0,15.6,0,0.0,1,1.2,0,75.0,0,0.6,0,1.19,0,21.4,0,0.0,1,4.3,0,65.0,0,0.3,0,0.9,0,0.49999999999999994,-0.8660254037844387,0.43388373911755823,-0.900968867902419,-1.0,-1.8369701987210297e-16,0
2025-10-23 11:00:00,59535.0,19.7,0,0.0,1,0.4,0,63.0,0,0.9,0,2.01,0,18.7,0,0.0,1,1.6,0,67.0,0,0.7,0,1.73,0,19.5,0,0.0,1,4.2,0,64.0,0,1.0,0,2.08,0,19.2,0,0.0,1,2.8,0,62.0,0,0.4,0,1.14,0,17.0,0,0.0,1,2.4,0,64.0,0,0.6,0,1.78,0,17.9,0,0.0,1,2.0,0,66.0,0,1.0,0,2.12,0,22.0,0,0.0,1,5.6,0,63.0,0,0.6,0,1.65,0,0.258819045102521,-0.9659258262890682,0.43388373911755823,-0.900968867902419,-1.0,-1.8369701987210297e-16,0
2025-10-23 12:00:00,57197.0,21.3,0,0.0,1,1.6,0,59.0,0,1.0,0,2.55,0,19.6,0,0.0,1,3.6,0,61.0,0,0.8,0,2.42,0,19.9,0,0.0,1,2.6,0,57.0,0,1.0,0,2.44,0,19.6,0,0.0,0,2.6,0,60.0,0,0.2,0,0.94,0,17.8,0,0.0,1,1.5,0,62.0,0,0.7,0,1.81,0,17.9,0,0.0,1,1.0,0,63.0,0,0.2,0,1.46,0,22.4,0,0.0,1,5.2,0,57.0,0,0.6,0,1.93,0,1.2246467991473532e-16,-1.0,0.43388373911755823,-0.900968867902419,-1.0,-1.8369701987210297e-16,0
2025-10-23 13:00:00,55498.0,20.7,0,0.0,1,1.2,0,55.0,0,0.8,0,2.16,0,19.0,0,0.0,1,2.0,0,61.0,0,0.6,0,2.18,0,21.1,0,0.0,1,1.4,0,56.0,0,1.0,0,2.28,0,19.9,0,0.0,0,2.8,0,61.0,0,0.2,0,1.07,0,18.1,0,0.0,1,1.5,0,62.0,0,0.1,0,0.87,0,19.0,0,0.0,1,2.9,0,62.0,0,0.5,0,1.84,0,22.9,0,0.0,1,5.8,0,59.0,0,0.9,0,2.43,0,-0.2588190451025208,-0.9659258262890683,0.43388373911755823,-0.900968867902419,-1.0,-1.8369701987210297e-16,0
2025-10-23 14:00:00,58873.0,21.3,0,0.0,1,0.9,0,47.0,0,0.8,0,2.04,0,19.9,0,0.0,1,2.6,0,58.0,0,0.4,0,1.44,0,21.5,0,0.0,1,1.0,0,50.0,0,1.0,0,2.53,0,20.9,0,0.0,0,2.5,0,61.0,0,0.4,0,1.52,0,18.4,0,0.0,1,1.3,0,60.0,0,0.1,0,0.8,0,19.2,0,0.0,1,3.1,0,60.0,0,1.0,0,2.3,0,22.7,0,0.0,1,6.7,0,58.0,0,0.9,0,2.31,0,-0.4999999999999998,-0.8660254037844388,0.43388373911755823,-0.900968867902419,-1.0,-1.8369701987210297e-16,0
2025-10-23 15:00:00,61000.0,21.9,0,0.0,1,1.2,0,48.0,0,0.8,0,1.78,0,19.1,0,0.0,1,3.6,0,60.0,0,0.5,0,1.54,0,21.8,0,0.0,1,1.4,0,48.0,0,1.0,0,2.05,0,21.8,0,0.0,1,3.7,0,56.0,0,1.0,0,2.06,0,18.6,0,0.0,1,2.4,0,60.0,0,0.3,0,1.01,0,19.5,0,0.0,1,2.3,0,58.0,0,1.0,0,1.91,0,22.0,0,0.0,1,6.0,0,59.0,0,0.7,0,1.6,0,-0.7071067811865471,-0.7071067811865479,0.43388373911755823,-0.900968867902419,-1.0,-1.8369701987210297e-16,0
2025-10-23 16:00:00,63461.0,21.4,0,0.0,1,1.1,0,53.0,0,1.0,0,1.54,0,18.5,0,0.0,1,3.5,0,64.0,0,0.0,0,0.36,0,20.7,0,0.0,1,0.9,0,54.0,0,0.6,0,1.0,0,21.4,0,0.0,1,3.4,0,56.0,0,1.0,0,1.56,0,19.3,0,0.0,1,2.2,0,58.0,0,0.5,0,0.91,0,19.2,0,0.0,1,2.9,0,57.0,0,1.0,0,1.33,0,22.1,0,0.0,1,6.5,0,55.0,0,0.9,0,1.34,0,-0.8660254037844384,-0.5000000000000004,0.43388373911755823,-0.900968867902419,-1.0,-1.8369701987210297e-16,0
2025-10-23 17:00:00,67040.0,19.8,0,0.0,1,1.4,0,62.0,0,0.8,0,0.74,0,17.9,0,0.0,1,3.9,0,69.0,0,0.8,0,0.58,0,19.0,0,0.0,1,0.7,0,57.0,0,1.0,0,0.67,0,19.8,0,0.0,1,3.1,0,60.0,0,0.9,0,0.73,0,18.8,0,0.0,1,2.9,0,55.0,0,1.0,0,0.73,0,18.2,0,0.0,1,3.4,0,60.0,0,1.0,0,0.68,0,22.1,0,0.0,1,4.6,0,47.0,0,1.0,0,0.73,0,-0.9659258262890683,-0.25881904510252063,0.43388373911755823,-0.900968867902419,-1.0,-1.8369701987210297e-16,0
2025-10-23 18:00:00,68814.0,17.9,0,0.0,1,1.2,0,70.0,0,0.2,0,0.14,0,16.8,0,0.0,1,3.7,0,73.0,0,0.1,0,0.08,0,17.4,0,0.0,1,1.5,0,70.0,0,0.1,0,0.06,0,18.1,0,0.0,1,2.1,0,67.0,0,0.3,0,0.08,0,17.4,0,0.0,1,3.0,0,60.0,0,0.3,0,0.12,0,16.9,0,0.0,1,2.5,0,66.0,0,0.6,0,0.11,0,21.1,0,0.0,1,4.5,0,49.0,0,0.3,0,0.1,0,-1.0,-1.8369701987210297e-16,0.43388373911755823,-0.900968867902419,-1.0,-1.8369701987210297e-16,0
2025-10-23 19:00:00,69621.0,16.9,0,0.0,1,0.8,0,73.0,0,0.0,1,0.0,1,15.8,0,0.0,1,2.6,0,79.0,0,0.0,1,0.0,1,16.4,0,0.0,1,1.5,0,76.0,0,0.0,1,0.0,1,17.3,0,0.0,1,3.1,0,72.0,0,0.0,1,0.0,1,16.4,0,0.0,1,2.4,0,66.0,0,0.0,1,0.0,1,16.4,0,0.0,1,2.4,0,68.0,0,0.0,1,0.0,1,20.7,0,0.0,1,2.6,0,50.0,0,0.0,1,0.0,1,-0.9659258262890684,0.2588190451025203,0.43388373911755823,-0.900968867902419,-1.0,-1.8369701987210297e-16,0
2025-10-23 20:00:00,68397.0,16.2,0,0.0,1,0.2,0,78.0,0,0.0,1,0.0,1,15.0,0,0.0,1,2.4,0,83.0,0,0.0,1,0.0,1,16.0,0,0.0,1,2.8,0,78.0,0,0.0,1,0.0,1,16.8,0,0.0,1,3.3,0,72.0,0,0.0,1,0.0,1,15.5,0,0.0,1,1.5,0,70.0,0,0.0,1,0.0,1,15.8,0,0.0,1,4.2,0,69.0,0,0.0,1,0.0,1,19.9,0,0.0,1,1.2,0,57.0,0,0.0,1,0.0,1,-0.8660254037844386,0.5000000000000001,0.43388373911755823,-0.900968867902419,-1.0,-1.8369701987210297e-16,0
2025-10-23 21:00:00,66318.0,15.4,0,0.0,1,0.2,0,82.0,0,0.0,1,0.0,1,14.3,0,0.0,1,0.7,0,85.0,0,0.0,1,0.0,1,15.9,0,0.0,1,1.3,0,79.0,0,0.0,1,0.0,1,16.5,0,0.0,1,2.9,0,72.0,0,0.0,1,0.0,1,14.6,0,0.0,1,1.7,0,71.0,0,0.0,1,0.0,1,14.6,0,0.0,1,2.5,0,72.0,0,0.0,1,0.0,1,20.1,0,0.0,1,6.5,0,71.0,0,0.0,1,0.0,1,-0.7071067811865477,0.7071067811865474,0.43388373911755823,-0.900968867902419,-1.0,-1.8369701987210297e-16,0
2025-10-23 22:00:00,64031.0,15.3,0,0.0,1,0.9,0,83.0,0,0.0,1,0.0,1,13.5,0,0.0,1,0.9,0,87.0,0,0.0,1,0.0,1,15.1,0,0.0,1,0.2,0,83.0,0,0.0,1,0.0,1,16.3,0,0.0,1,2.5,0,72.0,0,0.0,1,0.0,1,13.9,0,0.0,1,1.7,0,72.0,0,0.0,1,0.0,1,13.5,0,0.0,1,2.8,0,74.0,0,0.0,1,0.0,1,19.7,0,0.0,1,8.1,0,67.0,0,0.0,1,0.0,1,-0.5000000000000004,0.8660254037844384,0.43388373911755823,-0.900968867902419,-1.0,-1.8369701987210297e-16,0
2025-10-23 23:00:00,62753.0,14.9,0,0.0,1,0.8,0,86.0,0,0.0,1,0.0,1,12.9,0,0.0,1,0.6,0,90.0,0,0.0,1,0.0,1,14.1,0,0.0,1,1.6,0,89.0,0,0.0,1,0.0,1,16.2,0,0.0,1,2.7,0,74.0,0,0.0,1,0.0,1,13.2,0,0.0,1,2.6,0,74.0,0,0.0,1,0.0,1,12.6,0,0.0,1,3.2,0,77.0,0,0.0,1,0.0,1,19.5,0,0.0,1,6.9,0,69.0,0,0.0,1,0.0,1,-0.25881904510252157,0.9659258262890681,0.43388373911755823,-0.900968867902419,-1.0,-1.8369701987210297e-16,0
2025-10-24 00:00:00,60965.0,14.3,0,0.0,1,0.7,0,86.0,0,0.0,1,0.0,1,12.7,0,0.0,1,1.1,0,93.0,0,0.0,1,0.0,1,13.5,0,0.0,1,1.3,0,91.0,0,0.0,1,0.0,1,16.0,0,0.0,1,2.6,0,74.0,0,0.0,1,0.0,1,12.7,0,0.0,1,2.5,0,77.0,0,0.0,1,0.0,1,12.1,0,0.0,1,2.4,0,79.0,0,0.0,1,0.0,1,19.5,0,0.0,1,6.3,0,68.0,0,0.0,1,0.0,1,0.0,1.0,-0.433883739117558,-0.9009688679024191,-1.0,-1.8369701987210297e-16,0
2025-10-24 01:00:00,57417.0,14.3,0,0.0,1,0.7,0,87.0,0,0.0,1,0.0,1,12.3,0,0.0,1,0.5,0,92.0,0,0.0,1,0.0,1,12.9,0,0.0,1,1.0,0,93.0,0,0.0,1,0.0,1,15.8,0,0.0,1,3.6,0,75.0,0,0.0,1,0.0,1,12.4,0,0.0,1,2.8,0,76.0,0,0.0,1,0.0,1,11.7,0,0.0,1,2.3,0,82.0,0,0.0,1,0.0,1,19.5,0,0.0,1,4.9,0,65.0,0,0.0,1,0.0,1,0.25881904510252074,0.9659258262890683,-0.433883739117558,-0.9009688679024191,-1.0,-1.8369701987210297e-16,0
2025-10-24 02:00:00,55463.0,13.6,0,0.0,1,0.0,0,89.0,0,0.0,1,0.0,1,11.6,0,0.0,1,0.2,0,94.0,0,0.0,1,0.0,1,12.5,0,0.0,1,1.2,0,94.0,0,0.0,1,0.0,1,15.7,0,0.0,1,3.0,0,77.0,0,0.0,1,0.0,1,12.3,0,0.0,1,3.2,0,76.0,0,0.0,1,0.0,1,11.4,0,0.0,1,2.1,0,83.0,0,0.0,1,0.0,1,19.6,0,0.0,1,4.3,0,64.0,0,0.0,1,0.0,1,0.49999999999999994,0.8660254037844387,-0.433883739117558,-0.9009688679024191,-1.0,-1.8369701987210297e-16,0
2025-10-24 03:00:00,54375.0,13.2,0,0.0,1,0.1,0,90.0,0,0.0,1,0.0,1,11.3,0,0.0,1,0.3,0,94.0,0,0.0,1,0.0,1,12.1,0,0.0,1,0.1,0,96.0,0,0.0,1,0.0,1,15.5,0,0.0,1,2.8,0,79.0,0,0.0,1,0.0,1,12.2,0,0.0,1,3.0,0,76.0,0,0.0,1,0.0,1,11.2,0,0.0,1,2.8,0,84.0,0,0.0,1,0.0,1,19.6,0,0.0,1,4.2,0,65.0,0,0.0,1,0.0,1,0.7071067811865475,0.7071067811865476,-0.433883739117558,-0.9009688679024191,-1.0,-1.8369701987210297e-16,0
2025-10-24 04:00:00,53762.0,12.9,0,0.0,1,0.1,0,91.0,0,0.0,1,0.0,1,11.7,0,0.0,1,1.3,0,97.0,0,0.0,1,0.0,1,11.8,0,0.0,1,0.6,0,96.0,0,0.0,1,0.0,1,15.3,0,0.0,1,3.0,0,80.0,0,0.0,1,0.0,1,12.3,0,0.0,1,2.7,0,75.0,0,0.0,1,0.0,1,11.1,0,0.0,1,2.4,0,84.0,0,0.0,1,0.0,1,19.7,0,0.0,1,5.3,0,69.0,0,0.0,1,0.0,1,0.8660254037844386,0.5000000000000001,-0.433883739117558,-0.9009688679024191,-1.0,-1.8369701987210297e-16,0
2025-10-24 05:00:00,54010.0,12.6,0,0.0,1,0.4,0,91.0,0,0.0,1,0.0,1,11.9,0,0.0,1,0.5,0,97.0,0,0.0,1,0.0,1,11.2,0,0.0,1,1.7,0,96.0,0,0.0,1,0.0,1,15.3,0,0.0,1,3.2,0,79.0,0,0.0,1,0.0,1,12.0,0,0.0,1,2.4,0,76.0,0,0.0,1,0.0,1,10.9,0,0.0,1,2.4,0,86.0,0,0.0,1,0.0,1,19.6,0,0.0,1,4.2,0,69.0,0,0.0,1,0.0,1,0.9659258262890683,0.25881904510252074,-0.433883739117558,-0.9009688679024191,-1.0,-1.8369701987210297e-16,0
2025-10-24 06:00:00,55556.0,12.3,0,0.0,1,0.1,0,92.0,0,0.0,1,0.0,1,12.2,0,0.0,1,0.8,0,96.0,0,0.0,1,0.0,1,10.9,0,0.0,1,1.7,0,96.0,0,0.0,1,0.0,1,15.4,0,0.0,1,3.2,0,78.0,0,0.0,1,0.0,1,11.6,0,0.0,1,2.0,0,77.0,0,0.0,1,0.0,1,10.5,0,0.0,1,1.7,0,85.0,0,0.0,1,0.0,1,19.6,0,0.0,1,4.8,0,69.0,0,0.0,1,0.0,1,1.0,6.123233995736766e-17,-0.433883739117558,-0.9009688679024191,-1.0,-1.8369701987210297e-16,0
2025-10-24 07:00:00,58628.0,12.0,0,0.0,1,0.0,0,92.0,0,0.0,0,0.07,0,12.3,0,0.0,1,0.3,0,95.0,0,0.0,0,0.0,0,10.9,0,0.0,1,0.3,0,97.0,0,0.0,0,0.0,0,15.2,0,0.0,1,3.2,0,75.0,0,0.0,0,0.01,0,11.4,0,0.0,1,2.0,0,79.0,0,0.0,0,0.0,0,10.4,0,0.0,1,2.6,0,86.0,0,0.0,0,0.0,0,19.7,0,0.0,1,4.7,0,64.0,0,0.0,0,0.0,0,0.9659258262890683,-0.25881904510252063,-0.433883739117558,-0.9009688679024191,-1.0,-1.8369701987210297e-16,0
2025-10-24 08:00:00,61769.0,12.7,0,0.0,1,1.1,0,92.0,0,0.4,0,0.36,0,12.6,0,0.0,1,0.9,0,93.0,0,0.0,0,0.1,0,12.7,0,0.0,1,1.2,0,94.0,0,0.7,0,0.31,0,17.4,0,0.0,1,1.4,0,64.0,0,1.0,0,0.46,0,12.1,0,0.0,1,2.4,0,77.0,0,0.6,0,0.29,0,11.2,0,0.0,1,1.9,0,86.0,0,0.2,0,0.18,0,19.9,0,0.0,1,4.4,0,62.0,0,0.0,0,0.12,0,0.8660254037844387,-0.49999999999999983,-0.433883739117558,-0.9009688679024191,-1.0,-1.8369701987210297e-16,0
2025-10-24 09:00:00,63121.0,15.3,0,0.0,1,0.7,0,79.0,0,1.0,0,1.12,0,13.2,0,0.0,1,1.5,0,88.0,0,0.0,0,0.4,0,14.5,0,0.0,1,0.7,0,84.0,0,1.0,0,0.98,0,19.4,0,0.0,1,2.7,0,64.0,0,1.0,0,1.18,0,14.6,0,0.0,1,2.4,0,69.0,0,1.0,0,0.94,0,13.3,0,0.0,1,2.0,0,80.0,0,1.0,0,0.86,0,21.1,0,0.0,1,3.3,0,55.0,0,0.6,0,0.71,0,0.7071067811865476,-0.7071067811865475,-0.433883739117558,-0.9009688679024191,-1.0,-1.8369701987210297e-16,0
2025-10-24 10:00:00,61733.0,17.1,0,0.0,1,0.7,0,71.0,0,1.0,0,1.76,0,15.0,0,0.0,1,1.0,0,81.0,0,0.2,0,1.06,0,16.8,0,0.0,1,2.4,0,71.0,0,0.9,0,1.31,0,20.3,0,0.0,1,3.5,0,65.0,0,1.0,0,1.75,0,15.8,0,0.0,1,3.6,0,64.0,0,0.7,0,1.36,0,15.4,0,0.0,1,3.1,0,69.0,0,0.8,0,1.33,0,20.8,0,0.0,1,4.5,0,56.0,0,0.4,0,1.0,0,0.49999999999999994,-0.8660254037844387,-0.433883739117558,-0.9009688679024191,-1.0,-1.8369701987210297e-16,0
2025-10-24 11:00:00,59463.0,19.0,0,0.0,1,0.6,0,64.0,0,1.0,0,2.26,0,16.0,0,0.0,1,2.2,0,77.0,0,0.1,0,1.39,0,18.5,0,0.0,1,3.7,0,63.0,0,1.0,0,2.03,0,21.1,0,0.0,1,2.7,0,62.0,0,0.3,0,1.29,0,17.5,0,0.0,1,2.9,0,59.0,0,0.6,0,1.83,0,16.7,0,0.0,1,2.7,0,64.0,0,0.7,0,1.67,0,22.4,0,0.0,1,4.9,0,54.0,0,0.8,0,1.96,0,0.258819045102521,-0.9659258262890682,-0.433883739117558,-0.9009688679024191,-1.0,-1.8369701987210297e-16,0
2025-10-24 12:00:00,56880.0,20.5,0,0.0,1,1.1,0,55.0,0,1.0,0,2.56,0,17.9,0,0.0,1,2.8,0,71.0,0,0.6,0,2.15,0,19.8,0,0.0,1,3.4,0,56.0,0,0.4,0,1.61,0,19.8,0,0.0,0,3.3,0,76.0,0,0.3,0,1.45,0,18.7,0,0.0,1,2.6,0,57.0,0,1.0,0,2.14,0,18.7,0,0.0,1,1.4,0,60.0,0,1.0,0,2.32,0,22.7,0,0.0,1,4.7,0,54.0,0,0.9,0,2.45,0,1.2246467991473532e-16,-1.0,-0.433883739117558,-0.9009688679024191,-1.0,-1.8369701987210297e-16,0
2025-10-24 13:00:00,55118.0,21.9,0,0.0,1,1.7,0,47.0,0,1.0,0,2.64,0,18.5,0,0.0,1,3.3,0,67.0,0,0.3,0,1.51,0,19.7,0,0.0,1,4.9,0,55.0,0,0.9,0,2.45,0,19.6,0,0.2,0,4.1,0,79.0,0,0.5,0,2.02,0,19.5,0,0.0,1,2.1,0,55.0,0,0.8,0,2.21,0,19.4,0,0.0,1,1.1,0,54.0,0,0.9,0,2.3,0,22.8,0,0.0,1,4.7,0,53.0,0,1.0,0,2.62,0,-0.2588190451025208,-0.9659258262890683,-0.433883739117558,-0.9009688679024191,-1.0,-1.8369701987210297e-16,0
2025-10-24 14:00:00,58582.0,22.4,0,0.0,1,2.8,0,43.0,0,1.0,0,2.46,0,18.8,0,0.0,1,4.5,0,64.0,0,0.3,0,1.28,0,19.9,0,0.0,1,3.3,0,56.0,0,0.9,0,2.32,0,18.3,0,1.9,0,2.9,0,90.0,0,0.1,0,0.74,0,20.8,0,0.0,1,1.5,0,52.0,0,0.8,0,2.14,0,20.0,0,0.0,1,1.1,0,54.0,0,0.7,0,1.81,0,22.7,0,0.0,1,4.9,0,52.0,0,1.0,0,2.45,0,-0.4999999999999998,-0.8660254037844388,-0.433883739117558,-0.9009688679024191,-1.0,-1.8369701987210297e-16,0
2025-10-24 15:00:00,60694.0,22.8,0,0.0,1,1.6,0,46.0,0,1.0,0,2.04,0,19.2,0,0.0,1,5.1,0,61.0,0,0.7,0,1.55,0,20.5,0,0.0,1,4.1,0,52.0,0,0.9,0,1.88,0,17.7,0,1.1,0,3.0,0,90.0,0,0.0,0,0.48,0,20.9,0,0.0,1,2.3,0,47.0,0,1.0,0,2.01,0,20.1,0,0.0,1,2.3,0,54.0,0,1.0,0,1.91,0,22.6,0,0.0,1,4.9,0,51.0,0,1.0,0,2.05,0,-0.7071067811865471,-0.7071067811865479,-0.433883739117558,-0.9009688679024191,-1.0,-1.8369701987210297e-16,0
2025-10-24 16:00:00,63333.0,22.4,0,0.0,1,1.1,0,43.0,0,1.0,0,1.4,0,19.0,0,0.0,1,5.5,0,62.0,0,0.9,0,1.2,0,19.9,0,0.0,1,4.9,0,55.0,0,1.0,0,1.48,0,18.0,0,0.0,1,3.9,0,86.0,0,0.1,0,0.61,0,20.8,0,0.0,1,1.7,0,50.0,0,0.7,0,1.31,0,19.1,0,0.0,1,2.4,0,57.0,0,0.7,0,1.18,0,22.3,0,0.0,1,3.5,0,52.0,0,1.0,0,1.43,0,-0.8660254037844384,-0.5000000000000004,-0.433883739117558,-0.9009688679024191,-1.0,-1.8369701987210297e-16,0
2025-10-24 17:00:00,66775.0,20.6,0,0.0,1,0.8,0,57.0,0,1.0,0,0.72,0,18.2,0,0.0,1,3.4,0,66.0,0,0.6,0,0.62,0,18.0,0,0.0,1,2.9,0,65.0,0,1.0,0,0.68,0,17.8,0,0.0,1,2.9,0,82.0,0,0.0,0,0.19,0,19.1,0,0.0,1,0.8,0,55.0,0,0.1,0,0.28,0,17.5,0,0.0,1,2.7,0,64.0,0,0.2,0,0.42,0,21.9,0,0.0,1,2.9,0,54.0,0,1.0,0,0.76,0,-0.9659258262890683,-0.25881904510252063,-0.433883739117558,-0.9009688679024191,-1.0,-1.8369701987210297e-16,0
2025-10-24 18:00:00,67982.0,19.1,0,0.0,1,1.4,0,67.0,0,0.5,0,0.17,0,17.4,0,0.0,1,3.1,0,70.0,0,0.0,0,0.04,0,16.9,0,0.0,1,3.0,0,69.0,0,0.0,0,0.06,0,16.7,0,0.1,0,2.0,0,91.0,0,0.0,0,0.02,0,17.9,0,0.0,1,0.9,0,59.0,0,0.0,0,0.06,0,16.5,0,0.0,1,2.6,0,69.0,0,0.1,0,0.08,0,20.7,0,0.0,1,3.2,0,58.0,0,0.5,0,0.12,0,-1.0,-1.8369701987210297e-16,-0.433883739117558,-0.9009688679024191,-1.0,-1.8369701987210297e-16,0
2025-10-24 19:00:00,68362.0,17.7,0,0.0,1,0.7,0,75.0,0,0.0,1,0.0,1,16.7,0,0.0,1,1.5,0,74.0,0,0.0,1,0.0,1,16.4,0,0.0,1,1.5,0,73.0,0,0.0,1,0.0,1,16.2,0,2.5,0,2.9,0,93.0,0,0.0,1,0.0,1,16.9,0,0.0,1,2.9,0,67.0,0,0.0,1,0.0,1,16.2,0,0.0,1,2.1,0,70.0,0,0.0,1,0.0,1,20.5,0,0.0,1,3.4,0,59.0,0,0.0,1,0.0,1,-0.9659258262890684,0.2588190451025203,-0.433883739117558,-0.9009688679024191,-1.0,-1.8369701987210297e-16,0
2025-10-24 20:00:00,67171.0,17.2,0,0.0,1,0.3,0,78.0,0,0.0,1,0.0,1,16.1,0,0.0,1,1.5,0,77.0,0,0.0,1,0.0,1,15.8,0,0.0,1,3.5,0,75.0,0,0.0,1,0.0,1,16.2,0,0.0,0,2.9,0,91.0,0,0.0,1,0.0,1,16.5,0,0.0,1,2.7,0,67.0,0,0.0,1,0.0,1,15.8,0,0.0,1,2.0,0,73.0,0,0.0,1,0.0,1,19.8,0,0.0,1,0.8,0,63.0,0,0.0,1,0.0,1,-0.8660254037844386,0.5000000000000001,-0.433883739117558,-0.9009688679024191,-1.0,-1.8369701987210297e-16,0
2025-10-24 21:00:00,65485.0,17.0,0,0.0,1,0.6,0,78.0,0,0.0,1,0.0,1,15.4,0,0.0,1,1.7,0,80.0,0,0.0,1,0.0,1,15.7,0,0.0,1,2.3,0,76.0,0,0.0,1,0.0,1,16.2,0,0.0,1,2.5,0,87.0,0,0.0,1,0.0,1,15.8,0,0.0,1,0.4,0,70.0,0,0.0,1,0.0,1,15.6,0,0.0,1,1.7,0,79.0,0,0.0,1,0.0,1,19.2,0,0.0,1,1.4,0,64.0,0,0.0,1,0.0,1,-0.7071067811865477,0.7071067811865474,-0.433883739117558,-0.9009688679024191,-1.0,-1.8369701987210297e-16,0
2025-10-24 22:00:00,63490.0,16.5,0,0.0,1,0.5,0,81.0,0,0.0,1,0.0,1,15.3,0,0.0,1,0.9,0,81.0,0,0.0,1,0.0,1,15.6,0,0.0,1,2.8,0,77.0,0,0.0,1,0.0,1,16.5,0,0.0,1,3.0,0,82.0,0,0.0,1,0.0,1,15.3,0,0.0,1,0.8,0,72.0,0,0.0,1,0.0,1,15.0,0,0.0,1,1.3,0,77.0,0,0.0,1,0.0,1,18.9,0,0.0,1,0.8,0,65.0,0,0.0,1,0.0,1,-0.5000000000000004,0.8660254037844384,-0.433883739117558,-0.9009688679024191,-1.0,-1.8369701987210297e-16,0
2025-10-24 23:00:00,62748.0,16.2,0,0.0,1,0.8,0,83.0,0,0.0,1,0.0,1,15.2,0,0.0,1,0.7,0,82.0,0,0.0,1,0.0,1,15.1,0,0.0,1,2.2,0,80.0,0,0.0,1,0.0,1,16.4,0,0.0,1,2.9,0,82.0,0,0.0,1,0.0,1,14.7,0,0.0,1,1.1,0,74.0,0,0.0,1,0.0,1,14.4,0,0.0,1,1.6,0,77.0,0,0.0,1,0.0,1,18.8,0,0.0,1,2.1,0,66.0,0,0.0,1,0.0,1,-0.25881904510252157,0.9659258262890681,-0.433883739117558,-0.9009688679024191,-1.0,-1.8369701987210297e-16,0
2025-10-25 00:00:00,60824.0,16.1,0,0.0,1,0.6,0,83.0,0,0.0,1,0.0,1,15.1,0,0.0,1,0.8,0,82.0,0,0.0,1,0.0,1,14.8,0,0.0,1,1.6,0,82.0,0,0.0,1,0.0,1,16.4,0,0.0,1,2.2,0,78.0,0,0.0,1,0.0,1,14.8,0,0.0,1,1.1,0,77.0,0,0.0,1,0.0,1,13.6,0,0.0,1,1.8,0,77.0,0,0.0,1,0.0,1,20.0,0,0.0,0,2.7,0,68.0,0,0.0,1,0.0,1,0.0,1.0,-0.9749279121818236,-0.2225209339563146,-1.0,-1.8369701987210297e-16,1
2025-10-25 01:00:00,57251.0,15.7,0,0.0,1,0.2,0,84.0,0,0.0,1,0.0,1,14.7,0,0.0,1,0.5,0,86.0,0,0.0,1,0.0,1,14.5,0,0.0,1,1.3,0,84.0,0,0.0,1,0.0,1,16.4,0,0.0,1,2.4,0,78.0,0,0.0,1,0.0,1,14.4,0,0.0,1,0.8,0,78.0,0,0.0,1,0.0,1,13.3,0,0.0,1,1.4,0,79.0,0,0.0,1,0.0,1,20.0,0,0.0,0,4.2,0,66.0,0,0.0,1,0.0,1,0.25881904510252074,0.9659258262890683,-0.9749279121818236,-0.2225209339563146,-1.0,-1.8369701987210297e-16,1
2025-10-25 02:00:00,55230.0,15.1,0,0.0,1,0.6,0,86.0,0,0.0,1,0.0,1,14.4,0,0.0,1,0.8,0,87.0,0,0.0,1,0.0,1,14.1,0,0.0,1,1.7,0,86.0,0,0.0,1,0.0,1,16.0,0,0.0,1,2.8,0,80.0,0,0.0,1,0.0,1,14.3,0,0.0,1,1.2,0,79.0,0,0.0,1,0.0,1,13.0,0,0.0,1,2.0,0,82.0,0,0.0,1,0.0,1,19.9,0,0.0,1,5.5,0,70.0,0,0.0,1,0.0,1,0.49999999999999994,0.8660254037844387,-0.9749279121818236,-0.2225209339563146,-1.0,-1.8369701987210297e-16,1
2025-10-25 03:00:00,53911.0,15.3,0,0.0,1,0.5,0,86.0,0,0.0,1,0.0,1,14.2,0,0.0,1,0.8,0,88.0,0,0.0,1,0.0,1,13.7,0,0.0,1,1.2,0,89.0,0,0.0,1,0.0,1,16.0,0,0.0,1,2.7,0,79.0,0,0.0,1,0.0,1,13.7,0,0.0,1,1.5,0,79.0,0,0.0,1,0.0,1,12.6,0,0.0,1,2.3,0,84.0,0,0.0,1,0.0,1,19.7,0,0.0,1,5.5,0,73.0,0,0.0,1,0.0,1,0.7071067811865475,0.7071067811865476,-0.9749279121818236,-0.2225209339563146,-1.0,-1.8369701987210297e-16,1
2025-10-25 04:00:00,53099.0,15.3,0,0.0,1,0.1,0,85.0,0,0.0,1,0.0,1,13.8,0,0.0,1,0.1,0,89.0,0,0.0,1,0.0,1,13.1,0,0.0,1,0.5,0,92.0,0,0.0,1,0.0,1,16.0,0,0.0,1,3.3,0,80.0,0,0.0,1,0.0,1,13.3,0,0.0,1,1.1,0,82.0,0,0.0,1,0.0,1,12.1,0,0.0,1,1.9,0,83.0,0,0.0,1,0.0,1,19.5,0,0.0,1,5.8,0,73.0,0,0.0,1,0.0,1,0.8660254037844386,0.5000000000000001,-0.9749279121818236,-0.2225209339563146,-1.0,-1.8369701987210297e-16,1
2025-10-25 05:00:00,52995.0,15.0,0,0.0,0,0.6,0,85.0,0,0.0,1,0.0,1,13.4,0,0.0,1,1.0,0,93.0,0,0.0,1,0.0,1,12.8,0,0.0,1,1.3,0,93.0,0,0.0,1,0.0,1,16.1,0,0.0,1,3.2,0,78.0,0,0.0,1,0.0,1,13.0,0,0.0,1,1.3,0,85.0,0,0.0,1,0.0,1,12.0,0,0.0,1,1.7,0,85.0,0,0.0,1,0.0,1,19.3,0,0.0,1,5.2,0,75.0,0,0.0,1,0.0,1,0.9659258262890683,0.25881904510252074,-0.9749279121818236,-0.2225209339563146,-1.0,-1.8369701987210297e-16,1
2025-10-25 06:00:00,53713.0,14.6,0,0.0,1,0.8,0,87.0,0,0.0,1,0.0,1,13.2,0,0.0,1,0.6,0,94.0,0,0.0,1,0.0,1,12.7,0,0.0,1,1.1,0,94.0,0,0.0,1,0.0,1,16.2,0,0.0,1,2.8,0,75.0,0,0.0,1,0.0,1,12.9,0,0.0,1,2.4,0,86.0,0,0.0,1,0.0,1,12.1,0,0.0,1,2.8,0,85.0,0,0.0,1,0.0,1,19.1,0,0.0,1,4.6,0,76.0,0,0.0,1,0.0,1,1.0,6.123233995736766e-17,-0.9749279121818236,-0.2225209339563146,-1.0,-1.8369701987210297e-16,1
2025-10-25 07:00:00,54980.0,14.5,0,0.0,1,0.9,0,89.0,0,0.0,0,0.07,0,13.1,0,0.0,1,0.6,0,94.0,0,0.0,0,0.0,0,12.7,0,0.0,1,1.6,0,94.0,0,0.0,0,0.0,0,16.2,0,0.0,1,2.9,0,74.0,0,0.0,0,0.01,0,12.8,0,0.0,1,2.1,0,85.0,0,0.0,0,0.0,0,11.4,0,0.0,1,2.9,0,85.0,0,0.0,0,0.0,0,19.1,0,0.0,1,3.8,0,75.0,0,0.0,0,0.0,0,0.9659258262890683,-0.25881904510252063,-0.9749279121818236,-0.2225209339563146,-1.0,-1.8369701987210297e-16,1
2025-10-25 08:00:00,55318.0,14.7,0,0.0,0,0.5,0,90.0,0,0.0,0,0.13,0,13.8,0,0.0,1,0.0,0,93.0,0,0.0,0,0.2,0,13.6,0,0.0,1,0.0,0,92.0,0,0.0,0,0.1,0,17.1,0,0.0,1,2.9,0,71.0,0,0.2,0,0.25,0,12.6,0,0.0,1,2.6,0,85.0,0,0.0,0,0.07,0,11.3,0,0.0,1,2.0,0,86.0,0,0.0,0,0.13,0,19.2,0,0.0,1,5.2,0,75.0,0,0.0,0,0.01,0,0.8660254037844387,-0.49999999999999983,-0.9749279121818236,-0.2225209339563146,-1.0,-1.8369701987210297e-16,1
2025-10-25 09:00:00,55026.0,15.7,0,0.0,1,0.5,0,84.0,0,0.0,0,0.44,0,15.6,0,0.0,1,1.1,0,83.0,0,0.4,0,0.68,0,14.6,0,0.0,1,0.0,0,88.0,0,0.0,0,0.3,0,19.2,0,0.0,1,3.1,0,68.0,0,0.7,0,1.0,0,13.2,0,0.0,1,2.2,0,84.0,0,0.0,0,0.25,0,12.6,0,0.0,1,1.5,0,82.0,0,0.6,0,0.61,0,19.2,0,0.0,1,4.9,0,74.0,0,0.0,0,0.22,0,0.7071067811865476,-0.7071067811865475,-0.9749279121818236,-0.2225209339563146,-1.0,-1.8369701987210297e-16,1
2025-10-25 10:00:00,53718.0,16.3,0,0.0,1,0.3,0,82.0,0,0.0,0,0.5,0,16.2,0,0.0,1,0.7,0,80.0,0,0.2,0,0.8,0,15.4,0,0.0,1,1.0,0,83.1,0,0.0,0,0.72,0,20.2,0,0.0,1,3.5,0,64.8,0,0.6,0,1.35,0,13.7,0,0.0,1,2.2,0,81.0,0,0.0,0,0.53,0,14.4,0,0.0,1,0.7,0,77.0,0,1.0,0,1.4,0,19.5,0,0.0,1,4.6,0,71.0,0,0.0,0,0.34,0,0.49999999999999994,-0.8660254037844387,-0.9749279121818236,-0.2225209339563146,-1.0,-1.8369701987210297e-16,1
2025-10-25 11:00:00,51536.0,18.3,0,0.0,1,0.8,0,75.0,0,0.2,0,1.34,0,18.6,0,0.0,1,1.5,0,68.0,0,0.9,0,1.87,0,16.5,0,0.0,1,0.7,0,77.0,0,0.1,0,0.88,0,21.3,0,0.0,1,3.0,0,64.0,0,0.8,0,1.7,0,15.8,0,0.0,1,1.7,0,75.0,0,0.6,0,1.61,0,15.7,0,0.0,1,2.0,0,71.0,0,1.0,0,1.92,0,19.7,0,0.0,1,4.8,0,70.0,0,0.0,0,0.67,0,0.258819045102521,-0.9659258262890682,-0.9749279121818236,-0.2225209339563146,-1.0,-1.8369701987210297e-16,1
2025-10-25 12:00:00,49276.0,18.2,0,0.0,1,0.7,0,73.0,0,0.4,0,1.47,0,19.6,0,0.0,1,1.0,0,63.0,0,1.0,0,2.29,0,17.7,0,0.0,1,1.0,0,68.0,0,0.2,0,1.18,0,22.7,0,0.0,1,1.5,0,60.0,0,0.8,0,2.24,0,16.4,0,0.0,1,2.3,0,69.0,0,0.4,0,1.37,0,16.2,0,0.0,1,3.1,0,61.0,0,1.0,0,2.3,0,20.4,0,0.0,1,3.9,0,69.0,0,0.1,0,0.78,0,1.2246467991473532e-16,-1.0,-0.9749279121818236,-0.2225209339563146,-1.0,-1.8369701987210297e-16,1
2025-10-25 13:00:00,47595.0,20.0,0,0.0,1,1.0,0,67.0,0,0.7,0,2.02,0,20.7,0,0.0,1,1.6,0,56.0,0,1.0,0,2.37,0,18.3,0,0.0,1,1.3,0,61.0,0,0.4,0,1.57,0,21.5,0,0.0,1,2.4,0,62.0,0,0.4,0,1.59,0,16.5,0,0.0,1,3.0,0,62.0,0,0.3,0,1.27,0,17.0,0,0.0,1,2.7,0,58.0,0,1.0,0,2.42,0,20.3,0,0.0,1,3.6,0,68.0,0,0.0,0,0.72,0,-0.2588190451025208,-0.9659258262890683,-0.9749279121818236,-0.2225209339563146,-1.0,-1.8369701987210297e-16,1
2025-10-25 14:00:00,48791.0,18.3,0,0.0,1,1.4,0,66.0,0,0.4,0,1.38,0,21.8,0,0.0,1,1.5,0,49.0,0,1.0,0,2.36,0,19.4,0,0.0,1,2.4,0,58.0,0,0.5,0,1.57,0,21.0,0,0.0,1,1.5,0,61.0,0,0.0,0,0.62,0,16.5,0,0.0,1,2.1,0,62.0,0,0.2,0,0.81,0,17.3,0,0.0,1,2.8,0,53.0,0,1.0,0,2.22,0,20.5,0,0.0,1,4.1,0,64.0,0,0.2,0,1.17,0,-0.4999999999999998,-0.8660254037844388,-0.9749279121818236,-0.2225209339563146,-1.0,-1.8369701987210297e-16,1
2025-10-25 15:00:00,50151.0,19.7,0,0.0,1,1.4,0,60.0,0,0.9,0,1.85,0,21.0,0,0.0,1,1.9,0,51.0,0,0.6,0,1.47,0,18.2,0,0.0,1,2.1,0,61.0,0,0.4,0,1.05,0,20.8,0,0.0,1,1.8,0,63.0,0,0.1,0,0.66,0,17.2,0,0.0,1,2.1,0,56.0,0,0.4,0,0.88,0,17.4,0,0.0,1,1.9,0,50.0,0,1.0,0,1.66,0,20.4,0,0.0,1,3.9,0,63.0,0,0.2,0,0.97,0,-0.7071067811865471,-0.7071067811865479,-0.9749279121818236,-0.2225209339563146,-1.0,-1.8369701987210297e-16,1
2025-10-25 16:00:00,52370.0,19.5,0,0.0,1,1.2,0,58.0,0,1.0,0,1.39,0,20.9,0,0.0,1,1.7,0,53.0,0,0.2,0,0.57,0,18.2,0,0.0,1,2.3,0,56.0,0,0.3,0,0.76,0,21.1,0,0.0,1,1.7,0,60.0,0,0.2,0,0.61,0,17.5,0,0.0,1,2.7,0,47.0,0,1.0,0,1.28,0,17.2,0,0.0,1,2.1,0,44.0,0,1.0,0,1.39,0,20.3,0,0.0,1,4.4,0,63.0,0,0.1,0,0.69,0,-0.8660254037844384,-0.5000000000000004,-0.9749279121818236,-0.2225209339563146,-1.0,-1.8369701987210297e-16,1
2025-10-25 17:00:00,56146.0,17.6,0,0.0,1,1.2,0,64.0,0,1.0,0,0.71,0,20.7,0,0.0,1,2.7,0,53.0,0,1.0,0,0.66,0,16.7,0,0.0,1,3.4,0,65.0,0,0.5,0,0.46,0,20.7,0,0.0,1,2.1,0,62.0,0,1.0,0,0.67,0,16.5,0,0.0,1,2.5,0,49.0,0,1.0,0,0.66,0,15.9,0,0.0,1,3.1,0,48.0,0,0.8,0,0.61,0,19.6,0,0.0,1,4.5,0,64.0,0,0.1,0,0.38,0,-0.9659258262890683,-0.25881904510252063,-0.9749279121818236,-0.2225209339563146,-1.0,-1.8369701987210297e-16,1
2025-10-25 18:00:00,58882.0,16.3,0,0.0,1,1.2,0,71.0,0,0.5,0,0.15,0,18.9,0,0.0,1,2.5,0,61.0,0,0.2,0,0.06,0,14.4,0,0.0,1,2.8,0,73.0,0,0.0,0,0.06,0,18.9,0,0.0,1,2.1,0,69.0,0,0.3,0,0.07,0,14.9,0,0.0,1,1.9,0,52.0,0,0.0,0,0.05,0,14.9,0,0.0,1,1.8,0,50.0,0,0.1,0,0.05,0,19.2,0,0.0,1,3.9,0,66.0,0,0.0,0,0.01,0,-1.0,-1.8369701987210297e-16,-0.9749279121818236,-0.2225209339563146,-1.0,-1.8369701987210297e-16,1
2025-10-25 19:00:00,60537.0,15.3,0,0.0,1,1.3,0,74.0,0,0.0,1,0.0,1,17.6,0,0.0,1,1.8,0,67.0,0,0.0,1,0.0,1,13.4,0,0.0,1,2.3,0,73.0,0,0.0,1,0.0,1,18.1,0,0.0,1,1.7,0,72.0,0,0.0,1,0.0,1,14.0,0,0.0,1,2.3,0,60.0,0,0.0,1,0.0,1,14.7,0,0.0,1,2.5,0,57.0,0,0.0,1,0.0,1,19.0,0,0.0,1,3.0,0,66.0,0,0.0,1,0.0,1,-0.9659258262890684,0.2588190451025203,-0.9749279121818236,-0.2225209339563146,-1.0,-1.8369701987210297e-16,1
2025-10-25 20:00:00,60137.0,14.1,0,0.0,1,1.5,0,79.0,0,0.0,1,0.0,1,17.2,0,0.0,1,0.9,0,67.0,0,0.0,1,0.0,1,12.2,0,0.0,1,1.4,0,71.0,0,0.0,1,0.0,1,17.6,0,0.0,1,1.9,0,74.0,0,0.0,1,0.0,1,14.0,0,0.0,1,2.7,0,55.0,0,0.0,1,0.0,1,14.7,0,0.0,1,3.1,0,56.0,0,0.0,1,0.0,1,18.9,0,0.0,1,3.7,0,67.0,0,0.0,1,0.0,1,-0.8660254037844386,0.5000000000000001,-0.9749279121818236,-0.2225209339563146,-1.0,-1.8369701987210297e-16,1
2025-10-25 21:00:00,59321.0,13.9,0,0.0,1,1.5,0,78.0,0,0.0,1,0.0,1,15.7,0,0.0,1,0.5,0,79.0,0,0.0,1,0.0,1,12.1,0,0.0,1,0.5,0,68.0,0,0.0,1,0.0,1,17.4,0,0.0,1,2.1,0,76.0,0,0.0,1,0.0,1,14.1,0,0.0,1,3.6,0,52.0,0,0.0,1,0.0,1,14.2,0,0.0,1,3.5,0,55.0,0,0.0,1,0.0,1,18.8,0,0.0,1,2.8,0,67.0,0,0.0,1,0.0,1,-0.7071067811865477,0.7071067811865474,-0.9749279121818236,-0.2225209339563146,-1.0,-1.8369701987210297e-16,1
2025-10-25 22:00:00,57985.0,13.3,0,0.0,1,1.3,0,78.0,0,0.0,1,0.0,1,15.6,0,0.0,1,0.1,0,82.0,0,0.0,1,0.0,1,11.8,0,0.0,1,0.0,0,70.0,0,0.0,1,0.0,1,17.1,0,0.0,1,2.1,0,77.0,0,0.0,1,0.0,1,13.8,0,0.0,1,3.6,0,55.0,0,0.0,1,0.0,1,13.8,0,0.0,1,4.3,0,53.0,0,0.0,1,0.0,1,18.5,0,0.0,1,3.6,0,69.0,0,0.0,1,0.0,1,-0.5000000000000004,0.8660254037844384,-0.9749279121818236,-0.2225209339563146,-1.0,-1.8369701987210297e-16,1
2025-10-25 23:00:00,57501.0,12.8,0,0.0,1,2.1,0,79.0,0,0.0,1,0.0,1,15.4,0,0.0,1,0.8,0,74.0,0,0.0,1,0.0,1,11.2,0,0.0,1,1.5,0,79.0,0,0.0,1,0.0,1,17.1,0,0.0,1,2.2,0,76.0,0,0.0,1,0.0,1,13.2,0,0.0,1,2.2,0,59.0,0,0.0,1,0.0,1,13.4,0,0.0,1,2.7,0,54.0,0,0.0,1,0.0,1,18.3,0,0.0,1,3.0,0,67.0,0,0.0,1,0.0,1,-0.25881904510252157,0.9659258262890681,-0.9749279121818236,-0.2225209339563146,-1.0,-1.8369701987210297e-16,1
2025-10-26 00:00:00,56125.0,13.1,0,0.0,1,1.4,0,77.0,0,0.0,1,0.0,1,15.3,0,0.0,1,0.8,0,72.0,0,0.0,1,0.0,1,11.2,0,0.0,1,0.0,0,76.0,0,0.0,1,0.0,1,17.0,0,0.0,1,0.6,0,76.0,0,0.0,1,0.0,1,12.9,0,0.0,1,3.0,0,57.0,0,0.0,1,0.0,1,12.9,0,0.0,1,1.7,0,54.0,0,0.0,1,0.0,1,18.4,0,0.0,1,1.9,0,67.0,0,0.0,1,0.0,1,0.0,1.0,-0.7818314824680299,0.6234898018587334,-1.0,-1.8369701987210297e-16,1
2025-10-26 01:00:00,52917.0,13.6,0,0.0,1,0.5,0,75.0,0,0.0,1,0.0,1,15.9,0,0.0,1,1.9,0,65.0,0,0.0,1,0.0,1,11.0,0,0.0,1,1.3,0,85.0,0,0.0,1,0.0,1,16.7,0,0.0,1,0.2,0,76.0,0,0.0,1,0.0,1,12.5,0,0.0,1,1.1,0,59.0,0,0.0,1,0.0,1,12.6,0,0.0,1,3.4,0,54.0,0,0.0,1,0.0,1,18.2,0,0.0,1,4.0,0,65.0,0,0.0,1,0.0,1,0.25881904510252074,0.9659258262890683,-0.7818314824680299,0.6234898018587334,-1.0,-1.8369701987210297e-16,1
2025-10-26 02:00:00,50847.0,13.3,0,0.0,1,0.8,0,76.0,0,0.0,1,0.0,1,15.8,0,0.0,1,3.2,0,63.0,0,0.0,1,0.0,1,11.5,0,0.0,1,1.0,0,82.0,0,0.0,1,0.0,1,16.4,0,0.0,1,1.7,0,77.0,0,0.0,1,0.0,1,12.1,0,0.0,1,1.1,0,61.0,0,0.0,1,0.0,1,12.3,0,0.0,1,2.5,0,54.0,0,0.0,1,0.0,1,18.0,0,0.0,1,6.0,0,62.0,0,0.0,1,0.0,1,0.49999999999999994,0.8660254037844387,-0.7818314824680299,0.6234898018587334,-1.0,-1.8369701987210297e-16,1
2025-10-26 03:00:00,49404.0,13.1,0,0.0,1,1.8,0,71.0,0,0.0,1,0.0,1,15.5,0,0.0,1,2.0,0,63.0,0,0.0,1,0.0,1,11.3,0,0.0,1,1.3,0,84.0,0,0.0,1,0.0,1,16.4,0,0.0,1,2.0,0,78.0,0,0.0,1,0.0,1,11.9,0,0.0,1,1.9,0,62.0,0,0.0,1,0.0,1,12.2,0,0.0,1,2.3,0,53.0,0,0.0,1,0.0,1,17.7,0,0.0,0,4.9,0,58.0,0,0.0,1,0.0,1,0.7071067811865475,0.7071067811865476,-0.7818314824680299,0.6234898018587334,-1.0,-1.8369701987210297e-16,1
2025-10-26 04:00:00,48706.0,13.1,0,0.0,1,1.2,0,70.0,0,0.0,1,0.0,1,15.2,0,0.0,1,2.6,0,63.0,0,0.0,1,0.0,1,11.3,0,0.0,0,0.1,0,84.0,0,0.0,1,0.0,1,16.2,0,0.0,1,2.8,0,79.0,0,0.0,1,0.0,1,11.7,0,0.0,1,2.1,0,62.0,0,0.0,1,0.0,1,11.9,0,0.0,1,1.1,0,57.0,0,0.0,1,0.0,1,17.6,0,0.0,1,5.9,0,54.0,0,0.0,1,0.0,1,0.8660254037844386,0.5000000000000001,-0.7818314824680299,0.6234898018587334,-1.0,-1.8369701987210297e-16,1
2025-10-26 05:00:00,48707.0,13.1,0,0.0,1,1.8,0,69.0,0,0.0,1,0.0,1,14.9,0,0.0,0,2.6,0,62.0,0,0.0,1,0.0,1,11.2,0,0.0,0,1.3,0,87.0,0,0.0,1,0.0,1,16.1,0,0.0,1,2.6,0,78.0,0,0.0,1,0.0,1,11.6,0,0.0,1,1.1,0,61.0,0,0.0,1,0.0,1,11.6,0,0.0,1,1.2,0,58.0,0,0.0,1,0.0,1,17.5,0,0.0,0,6.0,0,49.0,0,0.0,1,0.0,1,0.9659258262890683,0.25881904510252074,-0.7818314824680299,0.6234898018587334,-1.0,-1.8369701987210297e-16,1
2025-10-26 06:00:00,49502.0,13.2,0,0.0,1,0.6,0,67.0,0,0.0,1,0.0,1,14.5,0,0.0,0,2.6,0,65.0,0,0.0,1,0.0,1,11.1,0,0.0,1,0.0,0,86.0,0,0.0,1,0.0,1,15.7,0,0.0,1,3.0,0,77.0,0,0.0,1,0.0,1,11.4,0,0.0,1,1.2,0,63.0,0,0.0,1,0.0,1,11.8,0,0.0,1,1.1,0,55.0,0,0.0,1,0.0,1,17.1,0,0.0,0,7.5,0,58.0,0,0.0,1,0.0,1,1.0,6.123233995736766e-17,-0.7818314824680299,0.6234898018587334,-1.0,-1.8369701987210297e-16,1
2025-10-26 07:00:00,50822.0,13.2,0,0.0,1,1.0,0,65.0,0,0.0,0,0.07,0,14.3,0,0.0,0,2.3,0,63.0,0,0.0,0,0.0,0,11.0,0,0.0,1,1.0,0,79.0,0,0.0,0,0.0,0,15.3,0,0.0,1,3.7,0,80.0,0,0.0,0,0.0,0,11.4,0,0.0,1,1.4,0,65.0,0,0.0,0,0.0,0,11.9,0,0.0,1,0.3,0,61.0,0,0.0,0,0.0,0,17.4,0,0.0,0,6.1,0,62.0,0,0.0,0,0.0,0,0.9659258262890683,-0.25881904510252063,-0.7818314824680299,0.6234898018587334,-1.0,-1.8369701987210297e-16,1
2025-10-26 08:00:00,51363.0,13.4,0,0.0,1,2.0,0,66.0,0,0.0,0,0.17,0,14.5,0,0.0,1,2.5,0,55.0,0,0.0,0,0.07,0,11.4,0,0.0,1,1.6,0,79.0,0,0.0,0,0.05,0,15.4,0,0.0,1,4.6,0,66.0,0,0.0,0,0.19,0,11.7,0,0.0,1,0.9,0,65.0,0,0.0,0,0.18,0,12.3,0,0.0,1,1.3,0,60.0,0,0.0,0,0.19,0,17.4,0,0.0,0,6.1,0,58.0,0,0.0,0,0.05,0,0.8660254037844387,-0.49999999999999983,-0.7818314824680299,0.6234898018587334,-1.0,-1.8369701987210297e-16,1
2025-10-26 09:00:00,51448.0,14.5,0,0.0,1,1.4,0,58.0,0,0.0,0,0.47,0,14.8,0,0.0,1,2.6,0,53.0,0,0.0,0,0.3,0,12.3,0,0.0,1,0.5,0,75.0,0,0.0,0,0.23,0,15.7,0,0.0,0,2.9,0,56.0,0,0.0,0,0.5,0,12.4,0,0.0,1,1.8,0,61.0,0,0.0,0,0.43,0,13.2,0,0.0,1,0.9,0,58.0,0,0.0,0,0.35,0,17.6,0,0.0,0,5.3,0,55.0,0,0.0,0,0.27,0,0.7071067811865476,-0.7071067811865475,-0.7818314824680299,0.6234898018587334,-1.0,-1.8369701987210297e-16,1
2025-10-26 10:00:00,50239.0,16.1,0,0.0,1,1.5,0,54.0,0,0.6,0,1.32,0,15.2,0,0.0,1,3.5,0,52.0,0,0.0,0,0.59,0,12.8,0,0.0,1,0.9,0,74.0,0,0.0,0,0.39,0,16.6,0,0.0,0,2.0,0,55.0,0,0.0,0,0.68,0,13.0,0,0.0,1,1.8,0,51.0,0,0.0,0,0.66,0,14.4,0,0.0,0,1.1,0,61.0,0,0.0,0,0.84,0,17.6,0,0.0,0,3.9,0,54.0,0,0.0,0,0.34,0,0.49999999999999994,-0.8660254037844387,-0.7818314824680299,0.6234898018587334,-1.0,-1.8369701987210297e-16,1
2025-10-26 11:00:00,48395.0,17.7,0,0.0,1,1.1,0,44.0,0,1.0,0,2.15,0,15.9,0,0.0,1,3.1,0,50.0,0,0.0,0,0.94,0,14.2,0,0.0,1,0.5,0,56.0,0,0.0,0,0.76,0,16.4,0,0.0,1,1.9,0,57.0,0,0.0,0,0.75,0,12.9,0,0.0,0,1.2,0,58.0,0,0.0,0,0.36,0,12.5,0,0.5,0,0.7,0,76.0,0,0.0,0,0.25,0,18.8,0,0.0,0,4.5,0,51.0,0,0.2,0,1.04,0,0.258819045102521,-0.9659258262890682,-0.7818314824680299,0.6234898018587334,-1.0,-1.8369701987210297e-16,1
2025-10-26 12:00:00,46233.0,19.0,0,0.0,1,1.7,0,37.0,0,1.0,0,2.46,0,17.9,0,0.0,1,3.1,0,47.0,0,0.5,0,1.76,0,16.3,0,0.0,1,0.8,0,53.0,0,0.4,0,1.61,0,17.6,0,0.0,1,2.7,0,55.0,0,0.1,0,1.23,0,12.4,0,0.2,0,1.1,0,69.0,0,0.0,0,0.33,0,12.9,0,0.8,0,0.7,0,83.0,0,0.0,0,0.38,0,20.3,0,0.0,1,4.3,0,43.0,0,0.8,0,2.1,0,1.2246467991473532e-16,-1.0,-0.7818314824680299,0.6234898018587334,-1.0,-1.8369701987210297e-16,1
2025-10-26 13:00:00,45712.0,19.2,0,0.0,1,1.8,0,35.0,0,1.0,0,2.53,0,18.5,0,0.0,1,3.8,0,40.0,0,1.0,0,2.38,0,17.6,0,0.0,1,4.3,0,53.0,0,0.8,0,2.13,0,18.0,0,0.0,1,2.9,0,51.0,0,0.6,0,2.15,0,12.6,0,0.3,0,1.0,0,76.0,0,0.0,0,0.45,0,13.7,0,0.0,0,1.7,0,85.0,0,0.0,0,0.69,0,20.7,0,0.0,1,4.7,0,41.0,0,1.0,0,2.4,0,-0.2588190451025208,-0.9659258262890683,-0.7818314824680299,0.6234898018587334,-1.0,-1.8369701987210297e-16,1
2025-10-26 14:00:00,48062.0,18.6,0,0.0,1,1.5,0,43.0,0,0.6,0,1.87,0,19.2,0,0.0,1,2.6,0,37.0,0,1.0,0,2.18,0,16.3,0,0.0,1,3.5,0,59.0,0,0.1,0,1.06,0,19.5,0,0.0,1,1.8,0,48.0,0,0.2,0,1.15,0,13.7,0,0.0,0,1.1,0,72.0,0,0.0,0,0.89,0,13.8,0,0.0,1,1.9,0,83.0,0,0.0,0,0.73,0,21.0,0,0.0,1,4.2,0,43.0,0,0.9,0,2.11,0,-0.4999999999999998,-0.8660254037844388,-0.7818314824680299,0.6234898018587334,-1.0,-1.8369701987210297e-16,1
2025-10-26 15:00:00,50527.0,16.1,0,0.0,1,1.3,0,67.0,0,0.1,0,0.81,0,19.1,0,0.0,1,3.0,0,34.0,0,1.0,0,1.76,0,15.6,0,0.0,1,1.9,0,65.0,0,0.0,0,0.45,0,20.3,0,0.0,1,2.2,0,46.0,0,1.0,0,1.95,0,13.7,0,0.0,1,2.6,0,74.0,0,0.0,0,0.57,0,13.8,0,0.0,1,1.3,0,84.0,0,0.0,0,0.44,0,19.1,0,0.0,1,4.2,0,50.0,0,0.1,0,0.62,0,-0.7071067811865471,-0.7071067811865479,-0.7818314824680299,0.6234898018587334,-1.0,-1.8369701987210297e-16,1
2025-10-26 16:00:00,52974.0,16.3,0,0.0,1,1.5,0,65.0,0,0.4,0,0.89,0,18.8,0,0.0,1,3.4,0,32.0,0,1.0,0,1.18,0,14.6,0,0.0,0,0.8,0,72.0,0,0.0,0,0.15,0,20.2,0,0.0,1,1.4,0,48.0,0,1.0,0,1.28,0,13.5,0,0.0,1,2.5,0,78.0,0,0.0,0,0.38,0,14.1,0,0.0,1,1.5,0,84.0,0,0.0,0,0.36,0,19.6,0,0.0,1,5.1,0,50.0,0,0.3,0,0.58,0,-0.8660254037844384,-0.5000000000000004,-0.7818314824680299,0.6234898018587334,-1.0,-1.8369701987210297e-16,1
2025-10-26 17:00:00,55351.0,16.2,0,0.0,1,1.2,0,69.0,0,0.5,0,0.46,0,17.7,0,0.0,1,3.7,0,36.0,0,1.0,0,0.51,0,14.5,0,0.0,1,1.3,0,71.0,0,0.0,0,0.09,0,18.6,0,0.0,1,1.4,0,48.0,0,1.0,0,0.57,0,13.4,0,0.0,1,1.9,0,80.0,0,0.0,0,0.25,0,14.0,0,0.0,1,0.7,0,85.0,0,0.0,0,0.19,0,18.6,0,0.0,1,5.1,0,56.0,0,0.1,0,0.14,0,-0.9659258262890683,-0.25881904510252063,-0.7818314824680299,0.6234898018587334,-1.0,-1.8369701987210297e-16,1
2025-10-26 18:00:00,58008.0,15.8,0,0.0,1,0.9,0,65.0,0,0.1,0,0.15,0,16.8,0,0.0,1,2.8,0,48.0,0,0.1,0,0.05,0,13.8,0,0.0,1,1.9,0,72.0,0,0.0,0,0.02,0,16.7,0,0.0,1,2.0,0,54.0,0,0.3,0,0.06,0,12.7,0,0.0,1,1.5,0,84.0,0,0.0,0,0.05,0,13.5,0,0.0,1,0.8,0,84.0,0,0.0,0,0.06,0,18.1,0,0.0,1,4.9,0,57.0,0,0.0,0,0.02,0,-1.0,-1.8369701987210297e-16,-0.7818314824680299,0.6234898018587334,-1.0,-1.8369701987210297e-16,1
2025-10-26 19:00:00,60017.0,14.9,0,0.0,1,0.6,0,72.0,0,0.0,1,0.0,1,16.1,0,0.0,1,3.3,0,53.0,0,0.0,1,0.0,1,13.6,0,0.0,1,1.3,0,75.0,0,0.0,1,0.0,1,15.9,0,0.0,1,1.3,0,51.0,0,0.0,1,0.0,1,12.3,0,0.0,1,0.7,0,84.0,0,0.0,1,0.0,1,13.4,0,0.0,1,1.4,0,83.0,0,0.0,1,0.0,1,18.0,0,0.0,1,4.5,0,60.0,0,0.0,1,0.0,1,-0.9659258262890684,0.2588190451025203,-0.7818314824680299,0.6234898018587334,-1.0,-1.8369701987210297e-16,1
2025-10-26 20:00:00,59731.0,14.5,0,0.0,1,0.7,0,74.0,0,0.0,1,0.0,1,15.1,0,0.0,1,2.4,0,57.0,0,0.0,1,0.0,1,12.9,0,0.0,1,1.0,0,82.0,0,0.0,1,0.0,1,15.1,0,0.0,1,1.5,0,55.0,0,0.0,1,0.0,1,12.3,0,0.0,1,0.6,0,83.0,0,0.0,1,0.0,1,14.0,0,0.0,1,3.3,0,71.0,0,0.0,1,0.0,1,17.8,0,0.0,1,5.2,0,64.0,0,0.0,1,0.0,1,-0.8660254037844386,0.5000000000000001,-0.7818314824680299,0.6234898018587334,-1.0,-1.8369701987210297e-16,1
2025-10-26 21:00:00,59063.0,13.9,0,0.0,1,0.4,0,78.0,0,0.0,1,0.0,1,14.9,0,0.0,1,3.9,0,57.0,0,0.0,1,0.0,1,12.7,0,0.0,1,0.8,0,83.0,0,0.0,1,0.0,1,14.7,0,0.0,1,2.3,0,57.0,0,0.0,1,0.0,1,12.4,0,0.0,1,2.1,0,86.0,0,0.0,1,0.0,1,14.2,0,0.0,1,3.5,0,71.0,0,0.0,1,0.0,1,18.0,0,0.0,1,4.9,0,60.0,0,0.0,1,0.0,1,-0.7071067811865477,0.7071067811865474,-0.7818314824680299,0.6234898018587334,-1.0,-1.8369701987210297e-16,1
2025-10-26 22:00:00,57561.0,13.8,0,0.0,1,0.6,0,80.0,0,0.0,1,0.0,1,13.8,0,0.0,1,1.4,0,62.0,0,0.0,1,0.0,1,12.3,0,0.0,1,1.9,0,83.0,0,0.0,1,0.0,1,14.4,0,0.0,1,1.4,0,52.0,0,0.0,1,0.0,1,12.5,0,0.0,1,3.2,0,81.0,0,0.0,1,0.0,1,13.2,0,0.0,1,4.6,0,72.0,0,0.0,1,0.0,1,17.8,0,0.0,1,4.4,0,60.0,0,0.0,1,0.0,1,-0.5000000000000004,0.8660254037844384,-0.7818314824680299,0.6234898018587334,-1.0,-1.8369701987210297e-16,1
2025-10-26 23:00:00,56455.0,13.6,0,0.0,1,0.6,0,81.0,0,0.0,1,0.0,1,13.2,0,0.0,1,1.7,0,65.0,0,0.0,1,0.0,1,11.8,0,0.0,0,1.5,0,86.0,0,0.0,1,0.0,1,14.2,0,0.0,1,1.9,0,56.0,0,0.0,1,0.0,1,12.0,0,0.0,1,4.7,0,72.0,0,0.0,1,0.0,1,11.9,0,0.0,1,4.3,0,75.0,0,0.0,1,0.0,1,17.7,0,0.0,1,4.5,0,59.0,0,0.0,1,0.0,1,-0.25881904510252157,0.9659258262890681,-0.7818314824680299,0.6234898018587334,-1.0,-1.8369701987210297e-16,1
2025-10-27 00:00:00,54865.0,13.0,0,0.0,1,0.7,0,83.0,0,0.0,1,0.0,1,12.0,0,0.0,1,1.2,0,75.0,0,0.0,1,0.0,1,12.2,0,0.0,1,1.5,0,81.0,0,0.0,1,0.0,1,13.6,0,0.0,1,1.6,0,60.0,0,0.0,1,0.0,1,10.6,0,0.0,1,2.3,0,62.0,0,0.0,1,0.0,1,11.1,0,0.0,1,4.0,0,63.0,0,0.0,1,0.0,1,18.1,0,0.0,1,4.5,0,59.0,0,0.0,1,0.0,1,0.0,1.0,0.0,1.0,-1.0,-1.8369701987210297e-16,0
2025-10-27 01:00:00,51915.0,12.8,0,0.0,1,0.6,0,84.0,0,0.0,1,0.0,1,10.9,0,0.0,1,1.3,0,82.0,0,0.0,1,0.0,1,12.4,0,0.0,1,2.5,0,79.0,0,0.0,1,0.0,1,13.1,0,0.0,1,1.4,0,61.0,0,0.0,1,0.0,1,9.8,0,0.0,1,3.5,0,56.0,0,0.0,1,0.0,1,10.1,0,0.0,1,5.8,0,55.0,0,0.0,1,0.0,1,18.1,0,0.0,1,4.6,0,58.0,0,0.0,1,0.0,1,0.25881904510252074,0.9659258262890683,0.0,1.0,-1.0,-1.8369701987210297e-16,0
2025-10-27 02:00:00,50041.0,12.7,0,0.0,0,0.5,0,85.0,0,0.0,1,0.0,1,10.4,0,0.0,1,1.0,0,85.0,0,0.0,1,0.0,1,11.5,0,0.0,1,2.2,0,85.0,0,0.0,1,0.0,1,12.5,0,0.0,1,1.2,0,63.0,0,0.0,1,0.0,1,8.8,0,0.0,1,4.0,0,51.0,0,0.0,1,0.0,1,8.7,0,0.0,1,5.0,0,52.0,0,0.0,1,0.0,1,18.2,0,0.0,1,4.9,0,56.0,0,0.0,1,0.0,1,0.49999999999999994,0.8660254037844387,0.0,1.0,-1.0,-1.8369701987210297e-16,0
2025-10-27 03:00:00,48973.0,12.8,0,0.2,0,0.7,0,85.0,0,0.0,1,0.0,1,12.3,0,0.0,1,2.6,0,72.0,0,0.0,1,0.0,1,10.6,0,0.0,1,1.8,0,78.0,0,0.0,1,0.0,1,12.7,0,0.0,1,1.7,0,62.0,0,0.0,1,0.0,1,7.6,0,0.0,1,2.6,0,48.0,0,0.0,1,0.0,1,7.5,0,0.0,1,5.1,0,48.0,0,0.0,1,0.0,1,18.0,0,0.0,1,5.9,0,58.0,0,0.0,1,0.0,1,0.7071067811865475,0.7071067811865476,0.0,1.0,-1.0,-1.8369701987210297e-16,0
2025-10-27 04:00:00,48667.0,12.4,0,0.0,1,1.0,0,79.0,0,0.0,1,0.0,1,12.7,0,0.0,1,3.3,0,67.0,0,0.0,1,0.0,1,10.2,0,0.0,1,3.0,0,75.0,0,0.0,1,0.0,1,12.4,0,0.0,1,1.1,0,63.0,0,0.0,1,0.0,1,6.5,0,0.0,1,2.6,0,51.0,0,0.0,1,0.0,1,6.5,0,0.0,1,5.4,0,46.0,0,0.0,1,0.0,1,17.7,0,0.0,0,6.5,0,64.0,0,0.0,1,0.0,1,0.8660254037844386,0.5000000000000001,0.0,1.0,-1.0,-1.8369701987210297e-16,0
2025-10-27 05:00:00,49355.0,11.4,0,0.0,1,1.0,0,74.0,0,0.0,1,0.0,1,12.1,0,0.0,1,0.8,0,67.0,0,0.0,1,0.0,1,9.6,0,0.0,1,4.4,0,68.0,0,0.0,1,0.0,1,13.6,0,0.0,1,2.2,0,59.0,0,0.0,1,0.0,1,5.6,0,0.0,1,2.7,0,54.0,0,0.0,1,0.0,1,5.7,0,0.0,1,4.2,0,47.0,0,0.0,1,0.0,1,17.2,0,0.0,0,7.9,0,64.0,0,0.0,1,0.0,1,0.9659258262890683,0.25881904510252074,0.0,1.0,-1.0,-1.8369701987210297e-16,0
2025-10-27 06:00:00,51541.0,11.1,0,0.0,1,0.9,0,69.0,0,0.0,1,0.0,1,11.6,0,0.0,1,1.4,0,65.0,0,0.0,1,0.0,1,7.7,0,0.0,1,2.3,0,73.0,0,0.0,1,0.0,1,13.9,0,0.0,1,5.2,0,59.0,0,0.0,1,0.0,1,4.8,0,0.0,1,2.5,0,54.0,0,0.0,1,0.0,1,5.2,0,0.0,1,4.1,0,45.0,0,0.0,1,0.0,1,16.8,0,0.0,0,5.3,0,60.0,0,0.0,1,0.0,1,1.0,6.123233995736766e-17,0.0,1.0,-1.0,-1.8369701987210297e-16,0
2025-10-27 07:00:00,55669.0,10.6,0,0.0,1,0.6,0,71.0,0,0.0,0,0.06,0,11.2,0,0.0,1,3.0,0,62.0,0,0.0,0,0.0,0,6.4,0,0.0,1,2.2,0,68.0,0,0.0,0,0.0,0,13.3,0,0.0,1,1.8,0,55.0,0,0.0,0,0.01,0,3.9,0,0.0,1,2.0,0,53.0,0,0.0,0,0.0,0,4.7,0,0.0,1,4.1,0,42.0,0,0.0,0,0.0,0,16.0,0,0.0,1,4.7,0,55.0,0,0.0,0,0.0,0,0.9659258262890683,-0.25881904510252063,0.0,1.0,-1.0,-1.8369701987210297e-16,0
2025-10-27 08:00:00,60114.0,10.8,0,0.0,1,1.2,0,64.0,0,0.1,0,0.22,0,11.3,0,0.0,1,3.1,0,59.0,0,0.7,0,0.28,0,7.8,0,0.0,1,1.7,0,61.0,0,0.9,0,0.31,0,13.9,0,0.0,1,2.5,0,49.0,0,0.9,0,0.37,0,3.9,0,0.0,1,2.2,0,54.0,0,0.5,0,0.26,0,5.1,0,0.0,1,2.5,0,44.0,0,0.1,0,0.12,0,15.8,0,0.0,1,4.7,0,52.0,0,0.0,0,0.05,0,0.8660254037844387,-0.49999999999999983,0.0,1.0,-1.0,-1.8369701987210297e-16,0
2025-10-27 09:00:00,61227.0,11.1,0,0.0,1,2.2,0,59.0,0,0.7,0,0.65,0,11.4,0,0.0,1,7.1,0,38.0,0,1.0,0,1.03,0,8.8,0,0.0,1,2.5,0,48.0,0,1.0,0,1.01,0,13.9,0,0.0,1,5.1,0,50.0,0,1.0,0,1.16,0,5.5,0,0.0,1,3.0,0,47.0,0,1.0,0,0.98,0,6.6,0,0.0,1,2.5,0,41.0,0,1.0,0,0.95,0,16.4,0,0.0,1,5.0,0,52.0,0,0.3,0,0.5,0,0.7071067811865476,-0.7071067811865475,0.0,1.0,-1.0,-1.8369701987210297e-16,0
2025-10-27 10:00:00,59367.0,11.7,0,0.0,1,4.0,0,52.0,0,1.0,0,1.71,0,11.5,0,0.0,1,6.6,0,27.0,0,1.0,0,1.69,0,10.4,0,0.0,1,2.8,0,39.0,0,1.0,0,1.7,0,14.1,0,0.0,1,3.2,0,54.0,0,0.8,0,1.44,0,7.3,0,0.0,1,2.8,0,38.0,0,1.0,0,1.67,0,7.7,0,0.0,1,3.6,0,32.0,0,1.0,0,1.59,0,16.9,0,0.0,1,4.8,0,49.0,0,0.6,0,1.28,0,0.49999999999999994,-0.8660254037844387,0.0,1.0,-1.0,-1.8369701987210297e-16,0
2025-10-27 11:00:00,56872.0,11.4,0,0.0,1,2.2,0,49.0,0,1.0,0,2.18,0,11.6,0,0.0,1,5.3,0,18.0,0,1.0,0,2.03,0,11.0,0,0.0,1,4.6,0,25.0,0,1.0,0,2.23,0,15.3,0,0.0,1,4.6,0,42.0,0,1.0,0,2.15,0,9.4,0,0.0,1,2.5,0,28.0,0,1.0,0,2.2,0,8.7,0,0.0,1,3.3,0,29.0,0,1.0,0,2.12,0,16.8,0,0.0,1,5.7,0,46.0,0,0.3,0,1.23,0,0.258819045102521,-0.9659258262890682,0.0,1.0,-1.0,-1.8369701987210297e-16,0
2025-10-27 12:00:00,53851.0,12.1,0,0.0,1,3.5,0,41.0,0,1.0,0,2.63,0,12.4,0,0.0,1,4.5,0,18.0,0,1.0,0,2.54,0,11.7,0,0.0,1,4.0,0,25.0,0,1.0,0,2.52,0,16.9,0,0.0,1,2.6,0,34.0,0,1.0,0,2.61,0,10.3,0,0.0,1,4.4,0,29.0,0,1.0,0,2.51,0,9.5,0,0.0,1,3.4,0,30.0,0,1.0,0,2.41,0,16.4,0,0.0,1,5.5,0,47.0,0,0.6,0,1.92,0,1.2246467991473532e-16,-1.0,0.0,1.0,-1.0,-1.8369701987210297e-16,0
2025-10-27 13:00:00,51188.0,12.6,0,0.0,1,3.1,0,37.0,0,1.0,0,2.72,0,12.7,0,0.0,1,4.6,0,16.0,0,1.0,0,2.57,0,12.9,0,0.0,1,3.3,0,28.0,0,1.0,0,2.55,0,16.4,0,0.0,1,3.3,0,31.0,0,1.0,0,2.71,0,10.5,0,0.0,1,4.3,0,30.0,0,1.0,0,2.57,0,10.2,0,0.0,1,3.3,0,34.0,0,1.0,0,2.48,0,16.0,0,0.0,1,5.5,0,45.0,0,0.3,0,1.33,0,-0.2588190451025208,-0.9659258262890683,0.0,1.0,-1.0,-1.8369701987210297e-16,0
2025-10-27 14:00:00,54628.0,12.8,0,0.0,1,3.1,0,38.0,0,1.0,0,2.51,0,13.1,0,0.0,1,4.5,0,17.0,0,1.0,0,2.38,0,13.1,0,0.0,1,3.5,0,29.0,0,1.0,0,2.36,0,15.9,0,0.0,1,3.4,0,25.0,0,1.0,0,2.5,0,11.9,0,0.0,1,3.7,0,33.0,0,1.0,0,2.31,0,10.6,0,0.0,1,3.2,0,38.0,0,1.0,0,2.3,0,15.8,0,0.0,1,5.4,0,44.0,0,0.3,0,1.34,0,-0.4999999999999998,-0.8660254037844388,0.0,1.0,-1.0,-1.8369701987210297e-16,0
2025-10-27 15:00:00,57722.0,13.1,0,0.0,1,3.5,0,41.0,0,1.0,0,2.09,0,13.6,0,0.0,1,5.4,0,19.0,0,1.0,0,1.94,0,12.5,0,0.0,1,3.7,0,31.0,0,1.0,0,1.98,0,15.3,0,0.0,1,4.4,0,19.0,0,1.0,0,2.09,0,12.0,0,0.0,1,3.8,0,34.0,0,0.8,0,1.66,0,10.9,0,0.0,1,2.9,0,40.0,0,1.0,0,1.79,0,15.9,0,0.0,1,4.7,0,45.0,0,0.2,0,1.0,0,-0.7071067811865471,-0.7071067811865479,0.0,1.0,-1.0,-1.8369701987210297e-16,0
2025-10-27 16:00:00,62138.0,12.9,0,0.0,1,2.5,0,42.0,0,1.0,0,1.45,0,12.9,0,0.0,1,4.9,0,20.0,0,1.0,0,1.32,0,12.2,0,0.0,1,4.7,0,34.0,0,1.0,0,1.33,0,15.3,0,0.0,1,2.7,0,20.0,0,1.0,0,1.45,0,11.5,0,0.0,1,3.1,0,37.0,0,0.7,0,0.98,0,10.7,0,0.0,1,4.2,0,40.0,0,1.0,0,1.37,0,15.3,0,0.0,1,4.1,0,47.0,0,0.4,0,0.92,0,-0.8660254037844384,-0.5000000000000004,0.0,1.0,-1.0,-1.8369701987210297e-16,0
2025-10-27 17:00:00,67587.0,11.8,0,0.0,1,2.1,0,45.0,0,1.0,0,0.75,0,12.5,0,0.0,1,5.8,0,23.0,0,1.0,0,0.63,0,10.4,0,0.0,1,3.8,0,37.0,0,1.0,0,0.66,0,14.3,0,0.0,1,1.6,0,24.0,0,1.0,0,0.69,0,11.3,0,0.0,1,2.5,0,44.0,0,1.0,0,0.75,0,10.5,0,0.0,1,2.8,0,42.0,0,1.0,0,0.66,0,14.9,0,0.0,1,4.0,0,47.0,0,0.2,0,0.28,0,-0.9659258262890683,-0.25881904510252063,0.0,1.0,-1.0,-1.8369701987210297e-16,0
2025-10-27 18:00:00,70007.0,11.1,0,0.0,1,0.7,0,51.0,0,0.5,0,0.15,0,11.3,0,0.0,1,3.5,0,31.0,0,0.2,0,0.06,0,9.0,0,0.0,1,2.3,0,46.0,0,0.0,0,0.04,0,12.1,0,0.0,1,2.1,0,24.0,0,0.3,0,0.07,0,10.2,0,0.0,1,3.2,0,46.0,0,0.2,0,0.12,0,9.7,0,0.0,1,3.1,0,46.0,0,0.3,0,0.08,0,14.2,0,0.0,1,5.0,0,47.0,0,0.1,0,0.02,0,-1.0,-1.8369701987210297e-16,0.0,1.0,-1.0,-1.8369701987210297e-16,0
2025-10-27 19:00:00,70932.0,10.2,0,0.0,1,0.9,0,56.0,0,0.0,1,0.0,1,10.5,0,0.0,1,3.2,0,35.0,0,0.0,1,0.0,1,7.8,0,0.0,1,1.5,0,59.0,0,0.0,1,0.0,1,11.0,0,0.0,1,0.9,0,30.0,0,0.0,1,0.0,1,9.6,0,0.0,1,3.7,0,47.0,0,0.0,1,0.0,1,9.4,0,0.0,1,5.1,0,48.0,0,0.0,1,0.0,1,14.2,0,0.0,1,3.9,0,49.0,0,0.0,1,0.0,1,-0.9659258262890684,0.2588190451025203,0.0,1.0,-1.0,-1.8369701987210297e-16,0
2025-10-27 20:00:00,69429.0,9.9,0,0.0,1,0.9,0,59.0,0,0.0,1,0.0,1,9.5,0,0.0,1,2.3,0,41.0,0,0.0,1,0.0,1,8.1,0,0.0,1,1.3,0,55.0,0,0.0,1,0.0,1,10.0,0,0.0,1,1.4,0,34.0,0,0.0,1,0.0,1,8.9,0,0.0,1,1.5,0,49.0,0,0.0,1,0.0,1,9.1,0,0.0,1,4.4,0,49.0,0,0.0,1,0.0,1,14.3,0,0.0,1,4.0,0,46.0,0,0.0,1,0.0,1,-0.8660254037844386,0.5000000000000001,0.0,1.0,-1.0,-1.8369701987210297e-16,0
2025-10-27 21:00:00,67182.0,9.1,0,0.0,1,0.8,0,63.0,0,0.0,1,0.0,1,8.7,0,0.0,1,2.2,0,45.0,0,0.0,1,0.0,1,8.3,0,0.0,1,1.6,0,57.0,0,0.0,1,0.0,1,9.6,0,0.0,1,1.6,0,36.0,0,0.0,1,0.0,1,8.0,0,0.0,1,1.2,0,51.0,0,0.0,1,0.0,1,8.7,0,0.0,1,2.8,0,50.0,0,0.0,1,0.0,1,14.5,0,0.0,1,3.5,0,51.0,0,0.0,1,0.0,1,-0.7071067811865477,0.7071067811865474,0.0,1.0,-1.0,-1.8369701987210297e-16,0
2025-10-27 22:00:00,64944.0,8.6,0,0.0,1,0.5,0,64.0,0,0.0,1,0.0,1,8.3,0,0.0,1,1.4,0,48.0,0,0.0,1,0.0,1,7.9,0,0.0,1,1.8,0,58.0,0,0.0,1,0.0,1,9.5,0,0.0,1,0.9,0,37.0,0,0.0,1,0.0,1,7.1,0,0.0,1,0.8,0,56.0,0,0.0,1,0.0,1,8.6,0,0.0,1,3.1,0,49.0,0,0.0,1,0.0,1,14.5,0,0.0,1,3.5,0,49.0,0,0.0,1,0.0,1,-0.5000000000000004,0.8660254037844384,0.0,1.0,-1.0,-1.8369701987210297e-16,0
2025-10-27 23:00:00,63976.0,8.6,0,0.0,1,0.7,0,69.0,0,0.0,1,0.0,1,8.9,0,0.0,1,2.3,0,45.0,0,0.0,1,0.0,1,7.4,0,0.0,1,1.4,0,65.0,0,0.0,1,0.0,1,9.1,0,0.0,1,3.0,0,44.0,0,0.0,1,0.0,1,7.1,0,0.0,1,2.2,0,55.0,0,0.0,1,0.0,1,7.3,0,0.0,1,3.6,0,54.0,0,0.0,1,0.0,1,14.7,0,0.0,1,3.7,0,48.0,0,0.0,1,0.0,1,-0.25881904510252157,0.9659258262890681,0.0,1.0,-1.0,-1.8369701987210297e-16,0
2025-10-28 00:00:00,62137.0,7.9,0,0.0,1,1.1,0,73.0,0,0.0,1,0.0,1,8.0,0,0.0,1,1.3,0,56.0,0,0.0,1,0.0,1,7.5,0,0.0,1,0.8,0,69.0,0,0.0,1,0.0,1,8.7,0,0.0,1,2.0,0,44.0,0,0.0,1,0.0,1,6.7,0,0.0,1,1.5,0,51.0,0,0.0,1,0.0,1,6.2,0,0.0,1,2.1,0,53.0,0,0.0,1,0.0,1,14.9,0,0.0,1,4.7,0,46.0,0,0.0,1,0.0,1,0.0,1.0,0.7818314824680298,0.6234898018587336,-1.0,-1.8369701987210297e-16,0
2025-10-28 01:00:00,58558.0,7.5,0,0.0,1,1.0,0,74.0,0,0.0,1,0.0,1,7.1,0,0.0,1,1.8,0,60.0,0,0.0,1,0.0,1,7.6,0,0.0,1,1.2,0,72.0,0,0.0,1,0.0,1,8.7,0,0.0,1,2.2,0,46.0,0,0.0,1,0.0,1,5.8,0,0.0,1,1.2,0,55.0,0,0.0,1,0.0,1,5.7,0,0.0,1,1.9,0,50.0,0,0.0,1,0.0,1,15.0,0,0.0,1,4.1,0,49.0,0,0.0,1,0.0,1,0.25881904510252074,0.9659258262890683,0.7818314824680298,0.6234898018587336,-1.0,-1.8369701987210297e-16,0
2025-10-28 02:00:00,56442.0,7.1,0,0.0,1,0.3,0,76.0,0,0.0,1,0.0,1,7.9,0,0.0,1,2.2,0,55.0,0,0.0,1,0.0,1,7.2,0,0.0,1,1.2,0,73.0,0,0.0,1,0.0,1,8.5,0,0.0,1,1.6,0,48.0,0,0.0,1,0.0,1,5.1,0,0.0,1,1.0,0,63.0,0,0.0,1,0.0,1,5.4,0,0.0,1,2.2,0,50.0,0,0.0,1,0.0,1,15.0,0,0.0,1,6.7,0,56.0,0,0.0,1,0.0,1,0.49999999999999994,0.8660254037844387,0.7818314824680298,0.6234898018587336,-1.0,-1.8369701987210297e-16,0
2025-10-28 03:00:00,55151.0,7.3,0,0.0,1,0.7,0,77.0,0,0.0,1,0.0,1,5.4,0,0.0,1,0.7,0,73.0,0,0.0,1,0.0,1,6.3,0,0.0,1,1.6,0,78.0,0,0.0,1,0.0,1,8.0,0,0.0,1,1.0,0,49.0,0,0.0,1,0.0,1,4.6,0,0.0,1,1.3,0,63.0,0,0.0,1,0.0,1,5.4,0,0.0,1,2.6,0,47.0,0,0.0,1,0.0,1,14.8,0,0.0,1,6.6,0,52.0,0,0.0,1,0.0,1,0.7071067811865475,0.7071067811865476,0.7818314824680298,0.6234898018587336,-1.0,-1.8369701987210297e-16,0
2025-10-28 04:00:00,54804.0,7.4,0,0.0,1,0.7,0,74.0,0,0.0,1,0.0,1,5.0,0,0.0,1,1.1,0,82.0,0,0.0,1,0.0,1,5.5,0,0.0,1,1.1,0,72.0,0,0.0,1,0.0,1,8.1,0,0.0,1,1.9,0,52.0,0,0.0,1,0.0,1,4.2,0,0.0,1,0.7,0,62.0,0,0.0,1,0.0,1,5.0,0,0.0,1,1.7,0,56.0,0,0.0,1,0.0,1,14.4,0,0.0,1,5.8,0,54.0,0,0.0,1,0.0,1,0.8660254037844386,0.5000000000000001,0.7818314824680298,0.6234898018587336,-1.0,-1.8369701987210297e-16,0
2025-10-28 05:00:00,55261.0,6.8,0,0.0,1,0.9,0,79.0,0,0.0,1,0.0,1,4.3,0,0.0,1,0.3,0,80.0,0,0.0,1,0.0,1,4.6,0,0.0,1,1.5,0,81.0,0,0.0,1,0.0,1,7.9,0,0.0,1,2.2,0,50.0,0,0.0,1,0.0,1,3.6,0,0.0,1,1.3,0,66.0,0,0.0,1,0.0,1,4.6,0,0.0,1,2.2,0,48.0,0,0.0,1,0.0,1,14.0,0,0.0,1,7.0,0,50.0,0,0.0,1,0.0,1,0.9659258262890683,0.25881904510252074,0.7818314824680298,0.6234898018587336,-1.0,-1.8369701987210297e-16,0
2025-10-28 06:00:00,57134.0,6.9,0,0.0,1,1.9,0,72.0,0,0.0,1,0.0,1,4.3,0,0.0,1,1.0,0,84.0,0,0.0,1,0.0,1,3.7,0,0.0,1,1.2,0,87.0,0,0.0,1,0.0,1,7.8,0,0.0,1,2.2,0,49.0,0,0.0,1,0.0,1,3.4,0,0.0,1,0.7,0,68.0,0,0.0,1,0.0,1,3.9,0,0.0,1,1.5,0,49.0,0,0.0,1,0.0,1,13.9,0,0.0,1,5.7,0,49.0,0,0.0,1,0.0,1,1.0,6.123233995736766e-17,0.7818314824680298,0.6234898018587336,-1.0,-1.8369701987210297e-16,0
2025-10-28 07:00:00,60425.0,6.4,0,0.0,1,1.5,0,72.0,0,0.0,0,0.06,0,4.3,0,0.0,1,0.7,0,78.0,0,0.1,0,0.01,0,3.4,0,0.0,1,0.7,0,88.0,0,0.0,0,0.0,0,7.8,0,0.0,1,3.4,0,49.0,0,0.2,0,0.01,0,3.1,0,0.0,1,0.6,0,68.0,0,0.0,0,0.0,0,3.7,0,0.0,1,1.5,0,51.0,0,0.0,0,0.0,0,13.9,0,0.0,1,5.8,0,46.0,0,0.0,0,0.0,0,0.9659258262890683,-0.25881904510252063,0.7818314824680298,0.6234898018587336,-1.0,-1.8369701987210297e-16,0
2025-10-28 08:00:00,64151.0,8.1,0,0.0,1,1.4,0,62.0,0,0.4,0,0.33,0,6.6,0,0.0,1,0.7,0,64.0,0,1.0,0,0.36,0,5.2,0,0.0,1,0.8,0,79.0,0,1.0,0,0.32,0,9.4,0,0.0,1,2.5,0,44.0,0,1.0,0,0.46,0,3.3,0,0.0,1,1.6,0,62.0,0,0.5,0,0.24,0,5.1,0,0.0,1,1.0,0,44.0,0,0.1,0,0.12,0,14.0,0,0.0,1,5.1,0,44.0,0,0.4,0,0.16,0,0.8660254037844387,-0.49999999999999983,0.7818314824680298,0.6234898018587336,-1.0,-1.8369701987210297e-16,0
2025-10-28 09:00:00,63959.0,10.3,0,0.0,1,1.7,0,49.0,0,1.0,0,1.14,0,9.2,0,0.0,1,1.8,0,42.0,0,1.0,0,1.06,0,8.1,0,0.0,1,0.8,0,65.0,0,1.0,0,1.0,0,10.3,0,0.0,1,3.5,0,37.0,0,1.0,0,1.24,0,5.8,0,0.0,1,2.1,0,64.0,0,1.0,0,0.92,0,7.7,0,0.0,1,1.3,0,39.0,0,1.0,0,0.86,0,14.8,0,0.0,1,5.0,0,47.0,0,0.2,0,0.51,0,0.7071067811865476,-0.7071067811865475,0.7818314824680298,0.6234898018587336,-1.0,-1.8369701987210297e-16,0
2025-10-28 10:00:00,61397.0,12.2,0,0.0,1,1.9,0,42.0,0,1.0,0,1.8,0,10.1,0,0.0,1,2.7,0,36.0,0,1.0,0,1.72,0,9.9,0,0.0,1,1.6,0,45.0,0,1.0,0,1.59,0,11.8,0,0.0,1,2.2,0,32.0,0,1.0,0,1.92,0,8.5,0,0.0,1,1.7,0,47.0,0,1.0,0,1.6,0,9.5,0,0.0,1,0.8,0,38.0,0,1.0,0,1.49,0,15.6,0,0.0,1,4.1,0,45.0,0,0.6,0,1.24,0,0.49999999999999994,-0.8660254037844387,0.7818314824680298,0.6234898018587336,-1.0,-1.8369701987210297e-16,0
2025-10-28 11:00:00,58672.0,13.9,0,0.0,1,3.0,0,33.0,0,1.0,0,2.31,0,11.3,0,0.0,1,2.6,0,25.0,0,1.0,0,2.22,0,11.1,0,0.0,1,1.8,0,35.0,0,1.0,0,2.15,0,13.2,0,0.0,1,2.5,0,30.0,0,1.0,0,2.42,0,11.1,0,0.0,1,1.0,0,35.0,0,1.0,0,2.09,0,10.2,0,0.0,1,1.6,0,35.0,0,1.0,0,1.93,0,16.2,0,0.0,1,3.6,0,45.0,0,0.8,0,1.95,0,0.258819045102521,-0.9659258262890682,0.7818314824680298,0.6234898018587336,-1.0,-1.8369701987210297e-16,0
2025-10-28 12:00:00,55221.0,14.7,0,0.0,1,3.4,0,32.0,0,1.0,0,2.61,0,12.7,0,0.0,1,4.2,0,21.0,0,1.0,0,2.51,0,12.7,0,0.0,1,0.9,0,28.0,0,1.0,0,2.45,0,15.1,0,0.0,1,2.8,0,27.0,0,1.0,0,2.7,0,11.9,0,0.0,1,2.5,0,26.0,0,1.0,0,2.41,0,11.0,0,0.0,1,2.0,0,34.0,0,1.0,0,2.29,0,15.6,0,0.0,1,5.3,0,42.0,0,0.8,0,2.35,0,1.2246467991473532e-16,-1.0,0.7818314824680298,0.6234898018587336,-1.0,-1.8369701987210297e-16,0
2025-10-28 13:00:00,51868.0,15.1,0,0.0,1,3.4,0,30.0,0,1.0,0,2.66,0,13.8,0,0.0,1,3.5,0,22.0,0,1.0,0,2.56,0,13.5,0,0.0,1,2.4,0,26.0,0,1.0,0,2.49,0,16.4,0,0.0,1,1.9,0,25.0,0,1.0,0,2.74,0,13.5,0,0.0,1,2.2,0,28.0,0,1.0,0,2.47,0,11.5,0,0.0,1,1.6,0,35.0,0,1.0,0,2.36,0,16.8,0,0.0,1,3.8,0,39.0,0,0.9,0,2.51,0,-0.2588190451025208,-0.9659258262890683,0.7818314824680298,0.6234898018587336,-1.0,-1.8369701987210297e-16,0
2025-10-28 14:00:00,55456.0,14.6,0,0.0,1,3.6,0,29.0,0,1.0,0,2.48,0,14.2,0,0.0,1,2.9,0,19.0,0,1.0,0,2.35,0,14.2,0,0.0,1,2.3,0,31.0,0,1.0,0,2.29,0,17.0,0,0.0,1,2.9,0,32.0,0,1.0,0,2.49,0,14.0,0,0.0,1,2.5,0,30.0,0,0.9,0,2.2,0,12.9,0,0.0,1,2.0,0,33.0,0,1.0,0,2.22,0,16.8,0,0.0,1,3.0,0,36.0,0,1.0,0,2.35,0,-0.4999999999999998,-0.8660254037844388,0.7818314824680298,0.6234898018587336,-1.0,-1.8369701987210297e-16,0
2025-10-28 15:00:00,58764.0,14.9,0,0.0,1,4.5,0,30.0,0,1.0,0,2.06,0,14.4,0,0.0,1,2.3,0,19.0,0,1.0,0,1.94,0,14.5,0,0.0,1,1.8,0,33.0,0,1.0,0,1.86,0,16.2,0,0.0,1,3.5,0,31.0,0,1.0,0,2.04,0,14.3,0,0.0,1,2.3,0,27.0,0,1.0,0,1.88,0,13.0,0,0.0,1,1.7,0,35.0,0,1.0,0,1.79,0,16.4,0,0.0,1,1.5,0,38.0,0,1.0,0,2.07,0,-0.7071067811865471,-0.7071067811865479,0.7818314824680298,0.6234898018587336,-1.0,-1.8369701987210297e-16,0
2025-10-28 16:00:00,62781.0,14.7,0,0.0,1,2.3,0,30.0,0,1.0,0,1.44,0,14.6,0,0.0,1,2.6,0,19.0,0,1.0,0,1.31,0,14.1,0,0.0,1,2.1,0,38.0,0,1.0,0,1.28,0,15.9,0,0.0,1,2.2,0,30.0,0,1.0,0,1.39,0,13.5,0,0.0,1,2.2,0,32.0,0,1.0,0,1.19,0,12.7,0,0.0,1,1.8,0,40.0,0,1.0,0,1.2,0,16.5,0,0.0,1,2.1,0,36.0,0,1.0,0,1.41,0,-0.8660254037844384,-0.5000000000000004,0.7818314824680298,0.6234898018587336,-1.0,-1.8369701987210297e-16,0
2025-10-28 17:00:00,68191.0,13.7,0,0.0,1,2.5,0,33.0,0,1.0,0,0.73,0,13.9,0,0.0,1,2.0,0,21.0,0,1.0,0,0.59,0,11.8,0,0.0,1,2.4,0,45.0,0,1.0,0,0.58,0,15.1,0,0.0,1,1.5,0,27.0,0,1.0,0,0.64,0,12.5,0,0.0,1,1.7,0,39.0,0,0.6,0,0.38,0,12.0,0,0.0,1,1.9,0,46.0,0,0.7,0,0.53,0,16.2,0,0.0,1,2.8,0,34.0,0,1.0,0,0.7,0,-0.9659258262890683,-0.25881904510252063,0.7818314824680298,0.6234898018587336,-1.0,-1.8369701987210297e-16,0
2025-10-28 18:00:00,70592.0,12.2,0,0.0,1,1.9,0,39.0,0,0.5,0,0.15,0,12.2,0,0.0,1,1.9,0,28.0,0,0.2,0,0.05,0,10.0,0,0.0,1,1.3,0,54.0,0,0.0,0,0.04,0,12.1,0,0.0,1,2.6,0,29.0,0,0.3,0,0.07,0,11.5,0,0.0,1,1.1,0,42.0,0,0.0,0,0.05,0,10.5,0,0.0,1,1.3,0,49.0,0,0.4,0,0.08,0,14.7,0,0.0,1,1.9,0,36.0,0,0.6,0,0.09,0,-1.0,-1.8369701987210297e-16,0.7818314824680298,0.6234898018587336,-1.0,-1.8369701987210297e-16,0
2025-10-28 19:00:00,71448.0,10.8,0,0.0,1,1.2,0,46.0,0,0.0,1,0.0,1,9.8,0,0.0,1,1.1,0,43.0,0,0.0,1,0.0,1,8.9,0,0.0,1,2.0,0,66.0,0,0.0,1,0.0,1,11.5,0,0.0,1,2.3,0,29.0,0,0.0,1,0.0,1,10.7,0,0.0,1,1.1,0,53.0,0,0.0,1,0.0,1,10.2,0,0.0,1,0.6,0,51.0,0,0.0,1,0.0,1,13.2,0,0.0,1,2.7,0,50.0,0,0.0,1,0.0,1,-0.9659258262890684,0.2588190451025203,0.7818314824680298,0.6234898018587336,-1.0,-1.8369701987210297e-16,0
2025-10-28 20:00:00,70094.0,10.1,0,0.0,1,0.9,0,48.0,0,0.0,1,0.0,1,8.1,0,0.0,1,0.9,0,53.0,0,0.0,1,0.0,1,8.2,0,0.0,1,1.8,0,71.0,0,0.0,1,0.0,1,10.6,0,0.0,1,1.3,0,29.0,0,0.0,1,0.0,1,9.7,0,0.0,1,0.7,0,58.0,0,0.0,1,0.0,1,9.2,0,0.0,1,0.9,0,54.0,0,0.0,1,0.0,1,12.5,0,0.0,1,1.7,0,47.0,0,0.0,1,0.0,1,-0.8660254037844386,0.5000000000000001,0.7818314824680298,0.6234898018587336,-1.0,-1.8369701987210297e-16,0
2025-10-28 21:00:00,67802.0,9.3,0,0.0,1,0.9,0,54.0,0,0.0,1,0.0,1,7.4,0,0.0,1,0.6,0,61.0,0,0.0,1,0.0,1,7.2,0,0.0,1,0.8,0,76.0,0,0.0,1,0.0,1,10.4,0,0.0,1,1.6,0,28.0,0,0.0,1,0.0,1,8.9,0,0.0,1,1.0,0,61.0,0,0.0,1,0.0,1,8.6,0,0.0,1,1.0,0,59.0,0,0.0,1,0.0,1,12.1,0,0.0,1,1.9,0,49.0,0,0.0,1,0.0,1,-0.7071067811865477,0.7071067811865474,0.7818314824680298,0.6234898018587336,-1.0,-1.8369701987210297e-16,0
2025-10-28 22:00:00,65565.0,8.8,0,0.0,1,1.1,0,55.0,0,0.0,1,0.0,1,6.1,0,0.0,1,1.7,0,68.0,0,0.0,1,0.0,1,6.8,0,0.0,1,1.5,0,78.0,0,0.0,1,0.0,1,10.2,0,0.0,1,0.3,0,34.0,0,0.0,1,0.0,1,8.3,0,0.0,1,1.4,0,64.0,0,0.0,1,0.0,1,8.6,0,0.0,1,1.7,0,61.0,0,0.0,1,0.0,1,12.0,0,0.0,1,2.4,0,47.0,0,0.0,1,0.0,1,-0.5000000000000004,0.8660254037844384,0.7818314824680298,0.6234898018587336,-1.0,-1.8369701987210297e-16,0
2025-10-28 23:00:00,64458.0,8.7,0,0.0,1,0.6,0,57.0,0,0.0,1,0.0,1,5.4,0,0.0,1,2.0,0,72.0,0,0.0,1,0.0,1,5.9,0,0.0,1,2.0,0,84.0,0,0.0,1,0.0,1,9.3,0,0.0,1,0.6,0,36.0,0,0.0,1,0.0,1,7.6,0,0.0,1,1.6,0,67.0,0,0.0,1,0.0,1,8.3,0,0.0,1,1.1,0,63.0,0,0.0,1,0.0,1,11.7,0,0.0,1,2.0,0,49.0,0,0.0,1,0.0,1,-0.25881904510252157,0.9659258262890681,0.7818314824680298,0.6234898018587336,-1.0,-1.8369701987210297e-16,0
2025-10-29 00:00:00,62632.0,7.9,0,0.0,1,0.5,0,64.0,0,0.0,1,0.0,1,4.5,0,0.0,1,0.6,0,75.0,0,0.0,1,0.0,1,5.5,0,0.0,1,1.1,0,85.0,0,0.0,1,0.0,1,9.6,0,0.0,1,0.9,0,33.0,0,0.0,1,0.0,1,7.3,0,0.0,1,1.4,0,68.0,0,0.0,1,0.0,1,8.2,0,0.0,1,1.7,0,65.0,0,0.0,1,0.0,1,11.6,0,0.0,1,2.0,0,48.0,0,0.0,1,0.0,1,0.0,1.0,0.9749279121818236,-0.22252093395631434,-1.0,-1.8369701987210297e-16,0
2025-10-29 01:00:00,58956.0,7.4,0,0.0,1,0.2,0,64.0,0,0.0,1,0.0,1,4.0,0,0.0,1,0.5,0,79.0,0,0.0,1,0.0,1,5.0,0,0.0,1,0.9,0,89.0,0,0.0,1,0.0,1,9.2,0,0.0,1,0.8,0,37.0,0,0.0,1,0.0,1,7.2,0,0.0,1,1.3,0,66.0,0,0.0,1,0.0,1,8.0,0,0.0,1,2.0,0,65.0,0,0.0,1,0.0,1,11.7,0,0.0,1,2.7,0,47.0,0,0.0,1,0.0,1,0.25881904510252074,0.9659258262890683,0.9749279121818236,-0.22252093395631434,-1.0,-1.8369701987210297e-16,0
2025-10-29 02:00:00,56731.0,6.9,0,0.0,1,0.5,0,70.0,0,0.0,1,0.0,1,3.6,0,0.0,1,1.3,0,81.0,0,0.0,1,0.0,1,4.5,0,0.0,1,1.2,0,91.0,0,0.0,1,0.0,1,8.6,0,0.0,1,0.3,0,37.0,0,0.0,1,0.0,1,6.7,0,0.0,1,1.9,0,72.0,0,0.0,1,0.0,1,8.1,0,0.0,1,2.1,0,66.0,0,0.0,1,0.0,1,11.4,0,0.0,1,2.0,0,50.0,0,0.0,1,0.0,1,0.49999999999999994,0.8660254037844387,0.9749279121818236,-0.22252093395631434,-1.0,-1.8369701987210297e-16,0
2025-10-29 03:00:00,55442.0,6.5,0,0.0,1,0.7,0,72.0,0,0.0,1,0.0,1,3.1,0,0.0,1,1.4,0,84.0,0,0.0,1,0.0,1,4.3,0,0.0,1,1.3,0,92.0,0,0.0,1,0.0,1,8.4,0,0.0,1,0.9,0,37.0,0,0.0,1,0.0,1,6.4,0,0.0,1,2.1,0,72.0,0,0.0,1,0.0,1,8.0,0,0.0,1,1.7,0,67.0,0,0.0,1,0.0,1,11.5,0,0.0,1,2.8,0,50.0,0,0.0,1,0.0,1,0.7071067811865475,0.7071067811865476,0.9749279121818236,-0.22252093395631434,-1.0,-1.8369701987210297e-16,0
2025-10-29 04:00:00,54990.0,6.1,0,0.0,1,0.1,0,74.0,0,0.0,1,0.0,1,2.9,0,0.0,1,1.9,0,85.0,0,0.0,1,0.0,1,4.1,0,0.0,1,0.0,0,93.0,0,0.0,1,0.0,1,8.6,0,0.0,1,0.6,0,39.0,0,0.0,1,0.0,1,6.3,0,0.0,1,2.0,0,73.0,0,0.0,1,0.0,1,7.6,0,0.0,1,1.8,0,68.0,0,0.0,1,0.0,1,11.5,0,0.0,1,2.5,0,53.0,0,0.0,1,0.0,1,0.8660254037844386,0.5000000000000001,0.9749279121818236,-0.22252093395631434,-1.0,-1.8369701987210297e-16,0
2025-10-29 05:00:00,55426.0,5.6,0,0.0,1,0.5,0,76.0,0,0.0,1,0.0,1,2.4,0,0.0,1,1.8,0,90.0,0,0.0,1,0.0,1,3.7,0,0.0,1,1.2,0,93.0,0,0.0,1,0.0,1,8.8,0,0.0,1,1.8,0,38.0,0,0.0,1,0.0,1,6.5,0,0.0,1,2.7,0,73.0,0,0.0,1,0.0,1,7.7,0,0.0,1,1.9,0,68.0,0,0.0,1,0.0,1,11.9,0,0.0,1,2.5,0,52.0,0,0.0,1,0.0,1,0.9659258262890683,0.25881904510252074,0.9749279121818236,-0.22252093395631434,-1.0,-1.8369701987210297e-16,0
2025-10-29 06:00:00,57104.0,5.5,0,0.0,1,0.0,0,78.0,0,0.0,1,0.0,1,2.1,0,0.0,1,1.3,0,92.0,0,0.0,1,0.0,1,3.4,0,0.0,1,1.0,0,94.0,0,0.0,1,0.0,1,8.7,0,0.0,1,1.0,0,43.0,0,0.0,1,0.0,1,6.4,0,0.0,1,2.4,0,71.0,0,0.0,1,0.0,1,8.2,0,0.0,1,1.4,0,68.0,0,0.0,1,0.0,1,11.6,0,0.0,1,1.9,0,52.0,0,0.0,1,0.0,1,1.0,6.123233995736766e-17,0.9749279121818236,-0.22252093395631434,-1.0,-1.8369701987210297e-16,0
2025-10-29 07:00:00,60481.0,5.6,0,0.0,1,0.2,0,77.0,0,0.0,0,0.06,0,2.1,0,0.0,1,1.1,0,93.0,0,0.0,0,0.0,0,3.3,0,0.0,1,0.9,0,94.0,0,0.0,0,0.0,0,8.5,0,0.0,1,0.5,0,44.0,0,0.0,0,0.0,0,6.9,0,0.0,1,2.7,0,70.0,0,0.0,0,0.0,0,8.4,0,0.0,1,2.4,0,67.0,0,0.0,0,0.0,0,11.4,0,0.0,1,2.0,0,54.0,0,0.0,0,0.0,0,0.9659258262890683,-0.25881904510252063,0.9749279121818236,-0.22252093395631434,-1.0,-1.8369701987210297e-16,0
2025-10-29 08:00:00,64107.0,6.6,0,0.0,1,0.1,0,76.0,0,0.4,0,0.32,0,4.1,0,0.0,1,1.6,0,82.0,0,1.0,0,0.33,0,5.0,0,0.0,1,0.8,0,87.0,0,0.7,0,0.25,0,11.4,0,0.0,1,1.0,0,43.0,0,1.0,0,0.4,0,7.4,0,0.0,1,2.3,0,68.0,0,0.2,0,0.16,0,8.7,0,0.0,1,1.9,0,68.0,0,0.1,0,0.1,0,12.4,0,0.0,1,2.7,0,54.0,0,0.7,0,0.23,0,0.8660254037844387,-0.49999999999999983,0.9749279121818236,-0.22252093395631434,-1.0,-1.8369701987210297e-16,0
2025-10-29 09:00:00,64891.0,8.7,0,0.0,1,1.1,0,66.0,0,1.0,0,1.08,0,7.3,0,0.0,1,1.0,0,67.0,0,1.0,0,0.99,0,7.6,0,0.0,1,0.5,0,70.0,0,1.0,0,0.89,0,14.1,0,0.0,1,2.3,0,40.0,0,1.0,0,1.11,0,8.8,0,0.0,1,2.0,0,65.0,0,0.6,0,0.63,0,10.7,0,0.0,1,3.3,0,64.0,0,0.6,0,0.6,0,15.5,0,0.0,1,2.5,0,47.0,0,1.0,0,0.94,0,0.7071067811865476,-0.7071067811865475,0.9749279121818236,-0.22252093395631434,-1.0,-1.8369701987210297e-16,0
2025-10-29 10:00:00,62629.0,12.3,0,0.0,1,1.2,0,55.0,0,1.0,0,1.74,0,9.9,0,0.0,1,0.8,0,58.0,0,1.0,0,1.62,0,10.9,0,0.0,1,1.5,0,61.0,0,1.0,0,1.5,0,16.3,0,0.0,1,2.8,0,41.0,0,1.0,0,1.77,0,10.5,0,0.0,1,2.5,0,60.0,0,0.6,0,1.03,0,12.9,0,0.0,1,1.7,0,61.0,0,0.9,0,1.18,0,18.0,0,0.0,1,3.7,0,42.0,0,1.0,0,1.63,0,0.49999999999999994,-0.8660254037844387,0.9749279121818236,-0.22252093395631434,-1.0,-1.8369701987210297e-16,0
2025-10-29 11:00:00,59588.0,14.2,0,0.0,1,0.8,0,47.0,0,1.0,0,2.25,0,12.0,0,0.0,1,1.3,0,49.0,0,1.0,0,2.09,0,13.3,0,0.0,1,1.4,0,49.0,0,1.0,0,2.01,0,17.6,0,0.0,1,2.6,0,41.0,0,1.0,0,2.28,0,13.0,0,0.0,1,1.9,0,55.0,0,0.8,0,1.83,0,15.3,0,0.0,1,1.8,0,53.0,0,1.0,0,1.87,0,18.7,0,0.0,1,4.4,0,41.0,0,1.0,0,2.18,0,0.258819045102521,-0.9659258262890682,0.9749279121818236,-0.22252093395631434,-1.0,-1.8369701987210297e-16,0
2025-10-29 12:00:00,56206.0,15.4,0,0.0,1,1.3,0,44.0,0,1.0,0,2.54,0,14.0,0,0.0,1,1.3,0,41.0,0,1.0,0,2.35,0,15.3,0,0.0,1,2.7,0,46.0,0,1.0,0,2.33,0,19.0,0,0.0,1,2.6,0,42.0,0,1.0,0,2.55,0,14.6,0,0.0,1,1.4,0,52.0,0,0.7,0,1.9,0,16.6,0,0.0,1,2.2,0,51.0,0,1.0,0,2.12,0,18.7,0,0.0,1,5.2,0,45.0,0,1.0,0,2.38,0,1.2246467991473532e-16,-1.0,0.9749279121818236,-0.22252093395631434,-1.0,-1.8369701987210297e-16,0
2025-10-29 13:00:00,53135.0,16.8,0,0.0,1,0.7,0,43.0,0,1.0,0,2.56,0,15.6,0,0.0,1,1.4,0,32.0,0,1.0,0,2.41,0,17.0,0,0.0,1,1.7,0,43.0,0,1.0,0,2.4,0,19.3,0,0.0,1,2.7,0,42.0,0,1.0,0,2.61,0,16.4,0,0.0,1,1.5,0,51.0,0,1.0,0,2.24,0,17.3,0,0.0,1,2.2,0,52.0,0,1.0,0,2.24,0,19.1,0,0.0,1,4.8,0,45.0,0,1.0,0,2.54,0,-0.2588190451025208,-0.9659258262890683,0.9749279121818236,-0.22252093395631434,-1.0,-1.8369701987210297e-16,0
2025-10-29 14:00:00,56659.0,17.8,0,0.0,1,0.3,0,42.0,0,1.0,0,2.37,0,16.0,0,0.0,1,2.1,0,34.0,0,1.0,0,2.24,0,17.3,0,0.0,1,2.6,0,39.0,0,1.0,0,2.21,0,18.9,0,0.0,1,3.1,0,43.0,0,1.0,0,2.43,0,17.3,0,0.0,1,1.5,0,50.0,0,0.9,0,2.04,0,17.4,0,0.0,1,2.3,0,52.0,0,1.0,0,2.12,0,19.4,0,0.0,1,5.1,0,48.0,0,1.0,0,2.38,0,-0.4999999999999998,-0.8660254037844388,0.9749279121818236,-0.22252093395631434,-1.0,-1.8369701987210297e-16,0
2025-10-29 15:00:00,59716.0,18.4,0,0.0,1,1.5,0,41.0,0,1.0,0,1.96,0,16.3,0,0.0,1,1.9,0,27.0,0,1.0,0,1.82,0,17.6,0,0.0,1,2.8,0,35.0,0,1.0,0,1.78,0,18.9,0,0.0,1,2.7,0,42.0,0,1.0,0,2.02,0,18.2,0,0.0,1,1.3,0,47.0,0,1.0,0,1.77,0,16.4,0,0.0,1,3.5,0,54.0,0,1.0,0,1.76,0,19.0,0,0.0,1,5.6,0,52.0,0,1.0,0,1.92,0,-0.7071067811865471,-0.7071067811865479,0.9749279121818236,-0.22252093395631434,-1.0,-1.8369701987210297e-16,0
2025-10-29 16:00:00,63505.0,17.6,0,0.0,1,0.7,0,38.0,0,1.0,0,1.36,0,16.4,0,0.0,1,2.2,0,33.0,0,1.0,0,1.22,0,17.1,0,0.0,1,2.9,0,38.0,0,1.0,0,1.22,0,17.7,0,0.0,1,2.9,0,45.0,0,1.0,0,1.34,0,17.6,0,0.0,1,1.8,0,46.0,0,0.8,0,1.13,0,16.4,0,0.0,1,2.1,0,52.0,0,1.0,0,1.2,0,18.8,0,0.0,1,3.5,0,53.0,0,0.9,0,1.19,0,-0.8660254037844384,-0.5000000000000004,0.9749279121818236,-0.22252093395631434,-1.0,-1.8369701987210297e-16,0
2025-10-29 17:00:00,68251.0,16.1,0,0.0,1,0.9,0,46.0,0,1.0,0,0.69,0,15.5,0,0.0,1,1.0,0,40.0,0,1.0,0,0.53,0,14.9,0,0.0,1,1.9,0,41.0,0,1.0,0,0.55,0,16.3,0,0.0,1,2.5,0,49.0,0,1.0,0,0.59,0,16.8,0,0.0,1,1.3,0,50.0,0,0.9,0,0.48,0,15.3,0,0.0,1,2.0,0,55.0,0,1.0,0,0.54,0,18.7,0,0.0,1,3.0,0,52.0,0,1.0,0,0.63,0,-0.9659258262890683,-0.25881904510252063,0.9749279121818236,-0.22252093395631434,-1.0,-1.8369701987210297e-16,0
2025-10-29 18:00:00,69929.0,14.5,0,0.0,1,0.8,0,49.0,0,0.5,0,0.12,0,13.5,0,0.0,1,1.6,0,46.0,0,0.1,0,0.04,0,13.4,0,0.0,1,1.9,0,46.0,0,0.0,0,0.04,0,14.6,0,0.0,1,2.3,0,50.0,0,0.2,0,0.05,0,14.8,0,0.0,1,0.9,0,62.0,0,0.1,0,0.06,0,13.9,0,0.0,1,1.6,0,61.0,0,0.3,0,0.06,0,17.2,0,0.0,1,1.9,0,57.0,0,0.5,0,0.07,0,-1.0,-1.8369701987210297e-16,0.9749279121818236,-0.22252093395631434,-1.0,-1.8369701987210297e-16,0
2025-10-29 19:00:00,70693.0,13.2,0,0.0,1,0.7,0,54.0,0,0.0,1,0.0,1,11.4,0,0.0,1,1.1,0,57.0,0,0.0,1,0.0,1,12.3,0,0.0,1,1.6,0,53.0,0,0.0,1,0.0,1,13.7,0,0.0,1,2.0,0,54.0,0,0.0,1,0.0,1,13.6,0,0.0,1,0.7,0,64.0,0,0.0,1,0.0,1,13.5,0,0.0,1,1.1,0,63.0,0,0.0,1,0.0,1,16.1,0,0.0,1,1.4,0,62.0,0,0.0,1,0.0,1,-0.9659258262890684,0.2588190451025203,0.9749279121818236,-0.22252093395631434,-1.0,-1.8369701987210297e-16,0
2025-10-29 20:00:00,69598.0,12.2,0,0.0,1,0.9,0,56.0,0,0.0,1,0.0,1,10.5,0,0.0,1,0.6,0,62.0,0,0.0,1,0.0,1,10.0,0,0.0,1,1.0,0,70.0,0,0.0,1,0.0,1,13.2,0,0.0,1,2.4,0,54.0,0,0.0,1,0.0,1,12.6,0,0.0,1,1.5,0,68.0,0,0.0,1,0.0,1,13.2,0,0.0,1,0.6,0,65.0,0,0.0,1,0.0,1,15.5,0,0.0,1,1.7,0,64.0,0,0.0,1,0.0,1,-0.8660254037844386,0.5000000000000001,0.9749279121818236,-0.22252093395631434,-1.0,-1.8369701987210297e-16,0
2025-10-29 21:00:00,67596.0,11.2,0,0.0,1,0.8,0,66.0,0,0.0,1,0.0,1,9.4,0,0.0,1,0.8,0,70.0,0,0.0,1,0.0,1,8.9,0,0.0,1,1.9,0,72.0,0,0.0,1,0.0,1,13.6,0,0.0,1,3.0,0,54.0,0,0.0,1,0.0,1,12.0,0,0.0,1,1.1,0,74.0,0,0.0,1,0.0,1,12.6,0,0.0,1,1.0,0,67.0,0,0.0,1,0.0,1,15.6,0,0.0,1,2.5,0,58.0,0,0.0,1,0.0,1,-0.7071067811865477,0.7071067811865474,0.9749279121818236,-0.22252093395631434,-1.0,-1.8369701987210297e-16,0
2025-10-29 22:00:00,65607.0,10.3,0,0.0,1,0.5,0,71.0,0,0.0,1,0.0,1,7.9,0,0.0,1,0.2,0,81.0,0,0.0,1,0.0,1,7.8,0,0.0,1,1.4,0,80.0,0,0.0,1,0.0,1,13.2,0,0.0,1,2.6,0,55.0,0,0.0,1,0.0,1,11.3,0,0.0,1,0.9,0,72.0,0,0.0,1,0.0,1,11.7,0,0.0,1,1.0,0,70.0,0,0.0,1,0.0,1,15.2,0,0.0,1,1.8,0,56.0,0,0.0,1,0.0,1,-0.5000000000000004,0.8660254037844384,0.9749279121818236,-0.22252093395631434,-1.0,-1.8369701987210297e-16,0
2025-10-29 23:00:00,64507.0,10.0,0,0.0,1,0.1,0,71.0,0,0.0,1,0.0,1,7.3,0,0.0,1,0.5,0,82.0,0,0.0,1,0.0,1,7.2,0,0.0,1,1.3,0,82.0,0,0.0,1,0.0,1,12.9,0,0.0,1,3.0,0,55.0,0,0.0,1,0.0,1,10.8,0,0.0,1,1.6,0,76.0,0,0.0,1,0.0,1,11.2,0,0.0,1,1.1,0,75.0,0,0.0,1,0.0,1,14.9,0,0.0,1,1.9,0,58.0,0,0.0,1,0.0,1,-0.25881904510252157,0.9659258262890681,0.9749279121818236,-0.22252093395631434,-1.0,-1.8369701987210297e-16,0
2025-10-30 00:00:00,62714.0,9.9,0,0.0,1,0.9,0,70.0,0,0.0,1,0.0,1,7.0,0,0.0,1,1.1,0,86.0,0,0.0,1,0.0,1,6.6,0,0.0,1,0.0,0,85.0,0,0.0,1,0.0,1,12.7,0,0.0,1,2.0,0,56.0,0,0.0,1,0.0,1,10.2,0,0.0,1,1.4,0,77.0,0,0.0,1,0.0,1,11.0,0,0.0,1,1.2,0,76.0,0,0.0,1,0.0,1,15.1,0,0.0,1,1.3,0,61.0,0,0.0,1,0.0,1,0.0,1.0,0.43388373911755823,-0.900968867902419,-1.0,-1.8369701987210297e-16,0
2025-10-30 01:00:00,58899.0,9.0,0,0.0,1,0.4,0,75.0,0,0.0,1,0.0,1,6.2,0,0.0,1,0.8,0,90.0,0,0.0,1,0.0,1,6.0,0,0.0,1,1.4,0,88.0,0,0.0,1,0.0,1,12.4,0,0.0,1,2.5,0,57.0,0,0.0,1,0.0,1,9.7,0,0.0,1,1.4,0,81.0,0,0.0,1,0.0,1,10.9,0,0.0,1,2.1,0,71.0,0,0.0,1,0.0,1,15.5,0,0.0,1,2.0,0,63.0,0,0.0,1,0.0,1,0.25881904510252074,0.9659258262890683,0.43388373911755823,-0.900968867902419,-1.0,-1.8369701987210297e-16,0
2025-10-30 02:00:00,56722.0,8.5,0,0.0,1,0.5,0,77.0,0,0.0,1,0.0,1,5.7,0,0.0,1,0.5,0,93.0,0,0.0,1,0.0,1,5.7,0,0.0,1,1.5,0,89.0,0,0.0,1,0.0,1,12.6,0,0.0,1,1.6,0,58.0,0,0.0,1,0.0,1,9.2,0,0.0,1,1.0,0,82.0,0,0.0,1,0.0,1,10.6,0,0.0,1,1.7,0,67.0,0,0.0,1,0.0,1,15.3,0,0.0,1,1.8,0,64.0,0,0.0,1,0.0,1,0.49999999999999994,0.8660254037844387,0.43388373911755823,-0.900968867902419,-1.0,-1.8369701987210297e-16,0
2025-10-30 03:00:00,55475.0,7.8,0,0.0,1,0.8,0,78.0,0,0.0,1,0.0,1,5.3,0,0.0,1,1.2,0,94.0,0,0.0,1,0.0,1,5.5,0,0.0,1,1.0,0,90.0,0,0.0,1,0.0,1,12.1,0,0.0,1,1.3,0,63.0,0,0.0,1,0.0,1,8.7,0,0.0,1,1.5,0,83.0,0,0.0,1,0.0,1,10.3,0,0.0,1,1.9,0,64.0,0,0.0,1,0.0,1,15.1,0,0.0,1,1.8,0,68.0,0,0.0,1,0.0,1,0.7071067811865475,0.7071067811865476,0.43388373911755823,-0.900968867902419,-1.0,-1.8369701987210297e-16,0
2025-10-30 04:00:00,54829.0,7.2,0,0.0,1,0.8,0,78.0,0,0.0,1,0.0,1,5.0,0,0.0,1,0.0,0,94.0,0,0.0,1,0.0,1,5.3,0,0.0,1,0.3,0,91.0,0,0.0,1,0.0,1,11.6,0,0.0,1,0.9,0,62.0,0,0.0,1,0.0,1,8.6,0,0.0,1,1.7,0,84.0,0,0.0,1,0.0,1,10.0,0,0.0,1,1.6,0,67.0,0,0.0,1,0.0,1,15.2,0,0.0,1,2.0,0,70.0,0,0.0,1,0.0,1,0.8660254037844386,0.5000000000000001,0.43388373911755823,-0.900968867902419,-1.0,-1.8369701987210297e-16,0
2025-10-30 05:00:00,55120.0,7.5,0,0.0,1,0.1,0,80.0,0,0.0,1,0.0,1,4.8,0,0.0,1,1.1,0,95.0,0,0.0,1,0.0,1,4.5,0,0.0,1,1.9,0,93.0,0,0.0,1,0.0,1,11.4,0,0.0,1,1.0,0,66.0,0,0.0,1,0.0,1,8.3,0,0.0,1,1.4,0,84.0,0,0.0,1,0.0,1,9.5,0,0.0,1,1.4,0,69.0,0,0.0,1,0.0,1,15.5,0,0.0,1,1.5,0,73.0,0,0.0,1,0.0,1,0.9659258262890683,0.25881904510252074,0.43388373911755823,-0.900968867902419,-1.0,-1.8369701987210297e-16,0
2025-10-30 06:00:00,56935.0,7.0,0,0.0,1,0.3,0,81.0,0,0.0,1,0.0,1,4.3,0,0.0,1,1.0,0,95.0,0,0.0,1,0.0,1,4.4,0,0.0,1,0.4,0,92.0,0,0.0,1,0.0,1,11.0,0,0.0,1,0.4,0,66.0,0,0.0,1,0.0,1,7.9,0,0.0,1,1.8,0,85.0,0,0.0,1,0.0,1,9.3,0,0.0,1,1.9,0,72.0,0,0.0,1,0.0,1,15.8,0,0.0,1,1.9,0,71.0,0,0.0,1,0.0,1,1.0,6.123233995736766e-17,0.43388373911755823,-0.900968867902419,-1.0,-1.8369701987210297e-16,0
2025-10-30 07:00:00,60277.0,6.7,0,0.0,1,0.5,0,80.0,0,0.0,0,0.06,0,4.3,0,0.0,1,1.7,0,96.0,0,0.0,0,0.0,0,4.2,0,0.0,1,1.3,0,93.0,0,0.0,0,0.0,0,11.2,0,0.0,1,1.5,0,67.0,0,0.0,0,0.0,0,7.8,0,0.0,1,1.5,0,84.0,0,0.0,0,0.0,0,9.1,0,0.0,1,1.8,0,70.0,0,0.0,0,0.0,0,15.3,0,0.0,1,1.4,0,73.0,0,0.0,0,0.0,0,0.9659258262890683,-0.25881904510252063,0.43388373911755823,-0.900968867902419,-1.0,-1.8369701987210297e-16,0
2025-10-30 08:00:00,63978.0,7.8,0,0.0,1,0.7,0,77.0,0,0.3,0,0.31,0,5.9,0,0.0,1,0.1,0,92.0,0,0.9,0,0.32,0,5.7,0,0.0,1,1.0,0,86.0,0,0.7,0,0.25,0,13.5,0,0.0,1,0.6,0,65.0,0,0.8,0,0.34,0,8.4,0,0.0,1,1.5,0,83.0,0,0.4,0,0.2,0,9.8,0,0.0,1,1.9,0,69.0,0,0.1,0,0.15,0,15.5,0,0.0,1,2.0,0,72.0,0,0.5,0,0.13,0,0.8660254037844387,-0.49999999999999983,0.43388373911755823,-0.900968867902419,-1.0,-1.8369701987210297e-16,0
2025-10-30 09:00:00,64944.0,10.7,0,0.0,1,1.0,0,65.0,0,1.0,0,1.07,0,8.5,0,0.0,1,0.6,0,80.0,0,1.0,0,1.0,0,8.8,0,0.0,1,0.1,0,72.0,0,1.0,0,0.85,0,16.3,0,0.0,1,1.1,0,60.0,0,1.0,0,1.1,0,10.5,0,0.0,1,1.3,0,74.0,0,1.0,0,0.76,0,12.3,0,0.0,1,2.4,0,60.0,0,1.0,0,0.7,0,18.2,0,0.0,1,1.9,0,63.0,0,1.0,0,0.88,0,0.7071067811865476,-0.7071067811865475,0.43388373911755823,-0.900968867902419,-1.0,-1.8369701987210297e-16,0
2025-10-30 10:00:00,63349.0,13.3,0,0.0,1,0.7,0,56.0,0,1.0,0,1.77,0,11.1,0,0.0,1,0.6,0,69.0,0,1.0,0,1.59,0,11.3,0,0.0,1,0.0,0,59.0,0,1.0,0,1.29,0,18.6,0,0.0,1,1.6,0,53.0,0,1.0,0,1.74,0,12.8,0,0.0,1,1.7,0,65.0,0,1.0,0,1.35,0,14.3,0,0.0,1,1.6,0,56.0,0,0.9,0,1.14,0,19.3,0,0.0,1,3.1,0,51.0,0,0.6,0,1.07,0,0.49999999999999994,-0.8660254037844387,0.43388373911755823,-0.900968867902419,-1.0,-1.8369701987210297e-16,0
2025-10-30 11:00:00,61854.0,15.5,0,0.0,1,0.1,0,54.0,0,0.9,0,1.71,0,14.0,0,0.0,1,0.8,0,53.0,0,1.0,0,2.08,0,12.5,0,0.0,1,0.4,0,53.0,0,1.0,0,1.47,0,20.0,0,0.0,1,1.7,0,46.0,0,1.0,0,2.3,0,14.5,0,0.0,1,2.4,0,58.0,0,1.0,0,1.77,0,16.0,0,0.0,1,1.0,0,55.0,0,1.0,0,1.46,0,20.3,0,0.0,1,4.0,0,48.0,0,1.0,0,1.47,0,0.258819045102521,-0.9659258262890682,0.43388373911755823,-0.900968867902419,-1.0,-1.8369701987210297e-16,0
2025-10-30 12:00:00,60031.0,16.7,0,0.0,1,1.1,0,53.0,0,1.0,0,1.88,0,15.3,0,0.0,1,1.3,0,48.0,0,1.0,0,1.77,0,14.6,0,0.0,1,0.8,0,50.0,0,1.0,0,1.58,0,20.5,0,0.0,1,1.7,0,49.0,0,1.0,0,2.31,0,15.9,0,0.0,1,2.2,0,53.0,0,1.0,0,1.78,0,16.9,0,0.0,1,1.2,0,52.0,0,1.0,0,1.64,0,20.3,0,0.0,1,4.1,0,46.0,0,0.7,0,1.74,0,1.2246467991473532e-16,-1.0,0.43388373911755823,-0.900968867902419,-1.0,-1.8369701987210297e-16,0
2025-10-30 13:00:00,57994.0,17.3,0,0.0,1,0.8,0,53.0,0,0.6,0,1.72,0,16.5,0,0.0,1,1.6,0,43.0,0,1.0,0,1.85,0,16.1,0,0.0,1,0.6,0,50.0,0,1.0,0,1.69,0,20.7,0,0.0,1,2.6,0,49.0,0,1.0,0,2.41,0,17.6,0,0.0,1,1.1,0,51.0,0,1.0,0,1.88,0,17.7,0,0.0,1,1.5,0,52.0,0,1.0,0,1.72,0,20.6,0,0.0,1,4.2,0,45.0,0,0.7,0,2.03,0,-0.2588190451025208,-0.9659258262890683,0.43388373911755823,-0.900968867902419,-1.0,-1.8369701987210297e-16,0
2025-10-30 14:00:00,62364.0,17.6,0,0.0,1,1.1,0,52.0,0,0.1,0,1.4,0,16.8,0,0.0,1,1.1,0,40.0,0,0.9,0,1.52,0,16.8,0,0.0,1,0.2,0,45.0,0,0.9,0,1.48,0,21.1,0,0.0,1,1.7,0,44.0,0,0.8,0,1.7,0,18.1,0,0.0,1,2.1,0,49.0,0,1.0,0,1.53,0,17.1,0,0.0,1,2.7,0,54.0,0,1.0,0,1.51,0,20.1,0,0.0,1,4.3,0,48.0,0,0.3,0,1.39,0,-0.4999999999999998,-0.8660254037844388,0.43388373911755823,-0.900968867902419,-1.0,-1.8369701987210297e-16,0
2025-10-30 15:00:00,65624.0,17.3,0,0.0,1,1.4,0,49.0,0,0.0,0,1.08,0,17.0,0,0.0,1,1.5,0,41.0,0,0.3,0,1.09,0,16.6,0,0.0,1,0.0,0,49.0,0,0.0,0,1.01,0,19.9,0,0.0,1,1.6,0,45.0,0,0.6,0,1.29,0,17.8,0,0.0,1,2.1,0,51.0,0,0.3,0,1.07,0,16.2,0,0.0,1,2.7,0,61.0,0,0.2,0,1.09,0,19.7,0,0.0,1,2.7,0,49.0,0,0.0,0,0.66,0,-0.7071067811865471,-0.7071067811865479,0.43388373911755823,-0.900968867902419,-1.0,-1.8369701987210297e-16,0
2025-10-30 16:00:00,67407.0,16.7,0,0.0,1,1.3,0,54.0,0,0.0,0,0.74,0,16.4,0,0.0,1,2.2,0,45.0,0,0.0,0,0.54,0,15.7,0,0.0,1,1.0,0,53.0,0,0.0,0,0.61,0,18.2,0,0.0,1,2.4,0,57.0,0,0.0,0,0.5,0,17.4,0,0.0,1,1.3,0,54.0,0,0.0,0,0.66,0,16.1,0,0.0,1,2.2,0,62.0,0,0.0,0,0.71,0,19.4,0,0.0,1,2.3,0,52.0,0,0.0,0,0.33,0,-0.8660254037844384,-0.5000000000000004,0.43388373911755823,-0.900968867902419,-1.0,-1.8369701987210297e-16,0
2025-10-30 17:00:00,69557.0,15.8,0,0.0,1,0.9,0,58.0,0,0.0,0,0.4,0,15.5,0,0.0,1,1.4,0,48.0,0,0.0,0,0.23,0,14.6,0,0.0,1,0.6,0,62.0,0,0.0,0,0.25,0,17.4,0,0.0,1,1.4,0,57.0,0,0.0,0,0.19,0,16.6,0,0.0,1,1.6,0,57.0,0,0.0,0,0.34,0,15.3,0,0.0,1,1.6,0,66.0,0,0.0,0,0.35,0,18.9,0,0.0,1,1.7,0,62.0,0,0.0,0,0.09,0,-0.9659258262890683,-0.25881904510252063,0.43388373911755823,-0.900968867902419,-1.0,-1.8369701987210297e-16,0
2025-10-30 18:00:00,70452.0,14.7,0,0.0,1,1.0,0,66.0,0,0.0,0,0.11,0,14.5,0,0.0,1,1.6,0,59.0,0,0.0,0,0.02,0,13.0,0,0.0,1,2.1,0,73.0,0,0.0,0,0.03,0,16.3,0,0.0,1,2.8,0,56.0,0,0.0,0,0.01,0,15.5,0,0.0,1,1.7,0,65.0,0,0.0,0,0.04,0,14.8,0,0.0,1,1.6,0,72.0,0,0.0,0,0.03,0,18.6,0,0.0,1,1.6,0,65.0,0,0.0,0,0.0,0,-1.0,-1.8369701987210297e-16,0.43388373911755823,-0.900968867902419,-1.0,-1.8369701987210297e-16,0
2025-10-30 19:00:00,71052.0,14.4,0,0.0,1,1.0,0,70.0,0,0.0,1,0.0,1,13.2,0,0.0,1,0.7,0,69.0,0,0.0,1,0.0,1,12.3,0,0.0,1,0.9,0,72.0,0,0.0,1,0.0,1,15.9,0,0.0,1,1.6,0,62.0,0,0.0,1,0.0,1,14.7,0,0.0,1,1.2,0,69.0,0,0.0,1,0.0,1,14.6,0,0.0,1,1.5,0,73.0,0,0.0,1,0.0,1,18.2,0,0.0,1,1.0,0,68.0,0,0.0,1,0.0,1,-0.9659258262890684,0.2588190451025203,0.43388373911755823,-0.900968867902419,-1.0,-1.8369701987210297e-16,0
2025-10-30 20:00:00,69642.0,13.7,0,0.0,1,0.8,0,72.0,0,0.0,1,0.0,1,12.1,0,0.0,1,0.3,0,75.0,0,0.0,1,0.0,1,11.3,0,0.0,1,1.6,0,79.0,0,0.0,1,0.0,1,15.5,0,0.0,1,1.7,0,62.0,0,0.0,1,0.0,1,14.2,0,0.0,1,1.1,0,70.0,0,0.0,1,0.0,1,14.4,0,0.0,1,0.4,0,74.0,0,0.0,1,0.0,1,18.0,0,0.0,1,1.2,0,70.0,0,0.0,1,0.0,1,-0.8660254037844386,0.5000000000000001,0.43388373911755823,-0.900968867902419,-1.0,-1.8369701987210297e-16,0
2025-10-30 21:00:00,67405.0,13.3,0,0.0,1,0.8,0,76.0,0,0.0,1,0.0,1,10.4,0,0.0,1,1.2,0,83.0,0,0.0,1,0.0,1,10.3,0,0.0,1,1.5,0,84.0,0,0.0,1,0.0,1,15.4,0,0.0,1,1.1,0,59.0,0,0.0,1,0.0,1,13.7,0,0.0,1,1.6,0,73.0,0,0.0,1,0.0,1,14.3,0,0.0,1,0.6,0,75.0,0,0.0,1,0.0,1,18.1,0,0.0,1,2.1,0,69.0,0,0.0,1,0.0,1,-0.7071067811865477,0.7071067811865474,0.43388373911755823,-0.900968867902419,-1.0,-1.8369701987210297e-16,0
2025-10-30 22:00:00,65157.0,13.0,0,0.0,1,0.8,0,74.0,0,0.0,1,0.0,1,9.4,0,0.0,1,1.1,0,84.0,0,0.0,1,0.0,1,9.4,0,0.0,1,1.4,0,88.0,0,0.0,1,0.0,1,15.1,0,0.0,1,0.6,0,61.0,0,0.0,1,0.0,1,13.2,0,0.0,1,0.7,0,75.0,0,0.0,1,0.0,1,14.0,0,0.0,1,0.3,0,79.0,0,0.0,1,0.0,1,17.9,0,0.0,0,0.7,0,70.0,0,0.0,1,0.0,1,-0.5000000000000004,0.8660254037844384,0.43388373911755823,-0.900968867902419,-1.0,-1.8369701987210297e-16,0
2025-10-30 23:00:00,64178.0,12.6,0,0.0,1,0.7,0,77.0,0,0.0,1,0.0,1,8.9,0,0.0,1,0.2,0,87.0,0,0.0,1,0.0,1,8.8,0,0.0,1,1.4,0,90.0,0,0.0,1,0.0,1,14.9,0,0.0,1,0.5,0,63.0,0,0.0,1,0.0,1,12.8,0,0.0,1,0.7,0,78.0,0,0.0,1,0.0,1,13.6,0,0.0,1,1.1,0,78.0,0,0.0,1,0.0,1,17.9,0,0.0,1,1.5,0,69.0,0,0.0,1,0.0,1,-0.25881904510252157,0.9659258262890681,0.43388373911755823,-0.900968867902419,-1.0,-1.8369701987210297e-16,0
2025-10-31 00:00:00,62306.0,11.9,0,0.0,1,0.7,0,80.0,0,0.0,1,0.0,1,8.2,0,0.0,1,1.0,0,89.0,0,0.0,1,0.0,1,8.2,0,0.0,1,0.5,0,92.0,0,0.0,1,0.0,1,14.9,0,0.0,1,1.1,0,64.0,0,0.0,1,0.0,1,12.5,0,0.0,1,1.1,0,78.0,0,0.0,1,0.0,1,13.1,0,0.0,1,1.3,0,80.0,0,0.0,1,0.0,1,17.8,0,0.0,1,1.5,0,68.0,0,0.0,1,0.0,1,0.0,1.0,-0.433883739117558,-0.9009688679024191,-1.0,-1.8369701987210297e-16,0
2025-10-31 01:00:00,58450.0,10.9,0,0.0,1,0.8,0,82.0,0,0.0,1,0.0,1,8.2,0,0.0,1,1.0,0,89.0,0,0.0,1,0.0,1,7.9,0,0.0,1,0.0,0,91.0,0,0.0,1,0.0,1,14.7,0,0.0,1,0.1,0,67.0,0,0.0,1,0.0,1,12.2,0,0.0,1,0.9,0,78.0,0,0.0,1,0.0,1,13.4,0,0.0,1,0.8,0,80.0,0,0.0,1,0.0,1,17.7,0,0.0,0,1.7,0,69.0,0,0.0,1,0.0,1,0.25881904510252074,0.9659258262890683,-0.433883739117558,-0.9009688679024191,-1.0,-1.8369701987210297e-16,0
2025-10-31 02:00:00,56209.0,10.6,0,0.0,1,0.2,0,85.0,0,0.0,1,0.0,1,7.9,0,0.0,1,0.0,0,90.0,0,0.0,1,0.0,1,7.3,0,0.0,1,1.0,0,93.0,0,0.0,1,0.0,1,14.4,0,0.0,1,0.0,0,69.0,0,0.0,1,0.0,1,11.8,0,0.0,1,1.1,0,82.0,0,0.0,1,0.0,1,13.2,0,0.0,1,1.0,0,83.0,0,0.0,1,0.0,1,17.7,0,0.0,0,1.7,0,70.0,0,0.0,1,0.0,1,0.49999999999999994,0.8660254037844387,-0.433883739117558,-0.9009688679024191,-1.0,-1.8369701987210297e-16,0
2025-10-31 03:00:00,55088.0,9.9,0,0.0,1,0.4,0,86.0,0,0.0,1,0.0,1,7.2,0,0.0,1,1.7,0,91.0,0,0.0,1,0.0,1,7.5,0,0.0,1,0.6,0,93.0,0,0.0,1,0.0,1,14.3,0,0.0,1,0.6,0,69.0,0,0.0,1,0.0,1,11.7,0,0.0,1,1.0,0,83.0,0,0.0,1,0.0,1,12.9,0,0.0,1,0.9,0,82.0,0,0.0,1,0.0,1,17.7,0,0.0,0,1.4,0,71.0,0,0.0,1,0.0,1,0.7071067811865475,0.7071067811865476,-0.433883739117558,-0.9009688679024191,-1.0,-1.8369701987210297e-16,0
2025-10-31 04:00:00,54483.0,9.4,0,0.0,1,0.8,0,86.0,0,0.0,1,0.0,1,7.0,0,0.0,1,0.9,0,93.0,0,0.0,1,0.0,1,7.5,0,0.0,1,0.7,0,92.0,0,0.0,1,0.0,1,14.1,0,0.0,1,0.8,0,67.0,0,0.0,1,0.0,1,11.4,0,0.0,1,1.4,0,83.0,0,0.0,1,0.0,1,12.9,0,0.0,1,1.3,0,84.0,0,0.0,1,0.0,1,17.6,0,0.0,1,1.6,0,71.0,0,0.0,1,0.0,1,0.8660254037844386,0.5000000000000001,-0.433883739117558,-0.9009688679024191,-1.0,-1.8369701987210297e-16,0
2025-10-31 05:00:00,54867.0,9.1,0,0.0,1,0.4,0,88.0,0,0.0,1,0.0,1,6.6,0,0.0,1,1.0,0,93.0,0,0.0,1,0.0,1,7.5,0,0.0,1,0.7,0,98.0,0,0.0,1,0.0,1,14.3,0,0.0,1,1.2,0,69.0,0,0.0,1,0.0,1,11.4,0,0.0,1,1.8,0,86.0,0,0.0,1,0.0,1,12.8,0,0.0,1,1.2,0,83.0,0,0.0,1,0.0,1,17.4,0,0.0,1,1.6,0,72.0,0,0.0,1,0.0,1,0.9659258262890683,0.25881904510252074,-0.433883739117558,-0.9009688679024191,-1.0,-1.8369701987210297e-16,0
2025-10-31 06:00:00,56400.0,8.5,0,0.0,1,0.0,0,90.0,0,0.0,1,0.0,1,6.6,0,0.0,1,1.4,0,95.0,0,0.0,1,0.0,1,7.3,0,0.0,1,1.0,0,97.0,0,0.0,1,0.0,1,14.2,0,0.0,1,1.2,0,69.0,0,0.0,1,0.0,1,11.4,0,0.0,1,1.3,0,86.0,0,0.0,1,0.0,1,12.9,0,0.0,0,2.5,0,82.0,0,0.0,1,0.0,1,17.2,0,0.0,1,1.6,0,73.0,0,0.0,1,0.0,1,1.0,6.123233995736766e-17,-0.433883739117558,-0.9009688679024191,-1.0,-1.8369701987210297e-16,0
2025-10-31 07:00:00,59624.0,8.0,0,0.0,1,0.4,0,88.0,0,0.0,0,0.06,0,6.7,0,0.0,1,0.9,0,94.0,0,0.0,0,0.0,0,7.5,0,0.0,1,0.1,0,98.0,0,0.0,0,0.0,0,13.9,0,0.0,1,1.1,0,73.0,0,0.0,0,0.0,0,11.3,0,0.0,1,1.5,0,86.0,0,0.0,0,0.0,0,12.9,0,0.0,1,3.0,0,81.0,0,0.0,0,0.0,0,17.1,0,0.0,1,1.5,0,74.0,0,0.0,0,0.0,0,0.9659258262890683,-0.25881904510252063,-0.433883739117558,-0.9009688679024191,-1.0,-1.8369701987210297e-16,0
2025-10-31 08:00:00,63559.0,9.0,0,0.0,1,0.0,0,86.0,0,0.3,0,0.27,0,7.2,0,0.0,1,1.6,0,94.0,0,0.0,0,0.12,0,7.9,0,0.0,1,0.1,0,98.0,0,0.0,0,0.07,0,14.4,0,0.0,1,1.5,0,72.0,0,0.0,0,0.06,0,11.8,0,0.0,1,2.2,0,85.0,0,0.0,0,0.06,0,13.2,0,0.0,1,2.1,0,80.0,0,0.0,0,0.08,0,17.2,0,0.0,1,1.5,0,73.0,0,0.0,0,0.03,0,0.8660254037844387,-0.49999999999999983,-0.433883739117558,-0.9009688679024191,-1.0,-1.8369701987210297e-16,0
2025-10-31 09:00:00,65284.0,11.5,0,0.0,1,0.3,0,74.0,0,1.0,0,1.0,0,8.6,0,0.0,1,1.1,0,87.0,0,0.2,0,0.46,0,9.0,0,0.0,1,0.5,0,95.0,0,0.0,0,0.35,0,15.5,0,0.0,1,1.7,0,69.0,0,0.0,0,0.35,0,13.1,0,0.0,1,1.9,0,80.0,0,0.0,0,0.38,0,13.8,0,0.0,1,2.2,0,77.0,0,0.0,0,0.36,0,19.3,0,0.0,1,1.3,0,68.0,0,0.6,0,0.63,0,0.7071067811865476,-0.7071067811865475,-0.433883739117558,-0.9009688679024191,-1.0,-1.8369701987210297e-16,0
2025-10-31 10:00:00,63347.0,13.5,0,0.0,1,0.6,0,69.0,0,1.0,0,1.62,0,10.0,0,0.0,1,0.5,0,78.0,0,0.4,0,0.9,0,11.7,0,0.0,1,0.6,0,81.0,0,0.6,0,1.2,0,17.8,0,0.0,1,2.1,0,57.0,0,0.2,0,0.99,0,14.5,0,0.0,1,2.3,0,74.0,0,0.0,0,0.86,0,15.0,0,0.0,1,1.6,0,72.0,0,0.1,0,0.73,0,19.5,0,0.0,0,1.4,0,66.0,0,0.2,0,0.37,0,0.49999999999999994,-0.8660254037844387,-0.433883739117558,-0.9009688679024191,-1.0,-1.8369701987210297e-16,0
2025-10-31 11:00:00,60389.0,16.3,0,0.0,1,0.6,0,56.0,0,1.0,0,2.13,0,12.3,0,0.0,1,1.2,0,65.0,0,0.8,0,1.44,0,15.0,0,0.0,1,0.5,0,67.0,0,1.0,0,1.88,0,17.7,0,0.0,1,3.2,0,59.0,0,0.1,0,1.08,0,15.9,0,0.0,1,1.7,0,64.0,0,0.0,0,1.28,0,16.6,0,0.0,1,0.3,0,64.0,0,0.3,0,1.39,0,20.2,0,0.0,0,3.2,0,64.0,0,0.1,0,0.68,0,0.258819045102521,-0.9659258262890682,-0.433883739117558,-0.9009688679024191,-1.0,-1.8369701987210297e-16,0
2025-10-31 12:00:00,57007.0,18.6,0,0.0,1,0.5,0,40.0,0,1.0,0,2.43,0,14.8,0,0.0,1,1.3,0,56.0,0,1.0,0,2.25,0,16.5,0,0.0,1,0.7,0,59.0,0,1.0,0,2.19,0,19.2,0,0.0,1,2.4,0,54.0,0,0.3,0,1.49,0,17.8,0,0.0,1,2.0,0,55.0,0,0.4,0,1.91,0,17.0,0,0.0,1,2.3,0,70.0,0,0.1,0,1.45,0,20.7,0,0.0,1,2.5,0,60.0,0,0.5,0,1.5,0,1.2246467991473532e-16,-1.0,-0.433883739117558,-0.9009688679024191,-1.0,-1.8369701987210297e-16,0
2025-10-31 13:00:00,53811.0,19.2,0,0.0,1,1.0,0,42.0,0,1.0,0,2.47,0,17.5,0,0.0,1,1.3,0,49.0,0,1.0,0,2.35,0,19.4,0,0.0,1,4.4,0,40.0,0,1.0,0,2.31,0,21.1,0,0.0,1,2.9,0,51.0,0,0.5,0,2.0,0,19.3,0,0.0,1,1.0,0,51.0,0,0.4,0,1.86,0,17.5,0,0.0,1,2.1,0,69.0,0,0.0,0,1.37,0,20.7,0,0.0,1,3.2,0,57.0,0,0.4,0,1.71,0,-0.2588190451025208,-0.9659258262890683,-0.433883739117558,-0.9009688679024191,-1.0,-1.8369701987210297e-16,0
2025-10-31 14:00:00,57237.0,20.0,0,0.0,1,1.2,0,36.0,0,1.0,0,2.29,0,18.4,0,0.0,1,2.3,0,50.0,0,1.0,0,2.14,0,20.5,0,0.0,1,2.9,0,38.0,0,1.0,0,2.17,0,21.2,0,0.0,1,3.2,0,53.0,0,1.0,0,2.26,0,20.4,0,0.0,1,1.2,0,45.0,0,0.6,0,1.86,0,17.8,0,0.0,1,2.0,0,66.0,0,0.1,0,1.22,0,21.2,0,0.0,1,3.7,0,53.0,0,0.4,0,1.57,0,-0.4999999999999998,-0.8660254037844388,-0.433883739117558,-0.9009688679024191,-1.0,-1.8369701987210297e-16,0
2025-10-31 15:00:00,60024.0,20.7,0,0.0,1,0.6,0,41.0,0,1.0,0,1.85,0,18.9,0,0.0,1,2.7,0,47.0,0,1.0,0,1.76,0,20.5,0,0.0,1,2.6,0,37.0,0,1.0,0,1.75,0,20.8,0,0.0,1,2.1,0,54.0,0,0.4,0,1.2,0,20.5,0,0.0,1,1.6,0,50.0,0,0.8,0,1.41,0,17.8,0,0.0,1,1.9,0,68.0,0,0.6,0,1.14,0,20.1,0,0.0,1,4.1,0,56.0,0,0.3,0,1.1,0,-0.7071067811865471,-0.7071067811865479,-0.433883739117558,-0.9009688679024191,-1.0,-1.8369701987210297e-16,0
2025-10-31 16:00:00,63622.0,19.7,0,0.0,1,1.1,0,41.0,0,1.0,0,1.23,0,19.1,0,0.0,1,1.9,0,49.0,0,1.0,0,1.16,0,19.7,0,0.0,1,1.9,0,39.0,0,1.0,0,1.16,0,20.9,0,0.0,1,2.3,0,53.0,0,0.8,0,1.12,0,19.3,0,0.0,1,2.2,0,53.0,0,0.3,0,0.59,0,17.4,0,0.0,1,1.6,0,68.0,0,0.0,0,0.5,0,20.9,0,0.0,1,4.1,0,43.0,0,0.9,0,1.2,0,-0.8660254037844384,-0.5000000000000004,-0.433883739117558,-0.9009688679024191,-1.0,-1.8369701987210297e-16,0
2025-10-31 17:00:00,67490.0,18.3,0,0.0,1,1.3,0,48.0,0,1.0,0,0.57,0,18.1,0,0.0,1,1.3,0,49.0,0,1.0,0,0.48,0,17.2,0,0.0,1,1.7,0,50.0,0,0.9,0,0.49,0,18.8,0,0.0,1,2.0,0,57.0,0,0.5,0,0.49,0,18.2,0,0.0,1,2.0,0,55.0,0,0.0,0,0.19,0,16.2,0,0.0,1,1.9,0,77.0,0,0.0,0,0.15,0,19.8,0,0.0,1,3.0,0,41.0,0,1.0,0,0.61,0,-0.9659258262890683,-0.25881904510252063,-0.433883739117558,-0.9009688679024191,-1.0,-1.8369701987210297e-16,0
2025-10-31 18:00:00,68755.0,16.5,0,0.0,1,0.9,0,61.0,0,0.2,0,0.11,0,16.0,0,0.0,1,0.9,0,60.0,0,0.1,0,0.03,0,14.9,0,0.0,1,2.4,0,65.0,0,0.0,0,0.03,0,17.4,0,0.0,1,1.8,0,62.0,0,0.0,0,0.03,0,17.3,0,0.0,1,2.6,0,57.0,0,0.0,0,0.02,0,15.2,0,0.0,1,2.3,0,78.0,0,0.0,0,0.03,0,18.0,0,0.0,1,3.5,0,48.0,0,0.5,0,0.06,0,-1.0,-1.8369701987210297e-16,-0.433883739117558,-0.9009688679024191,-1.0,-1.8369701987210297e-16,0
2025-10-31 19:00:00,68971.0,14.9,0,0.0,1,1.1,0,61.0,0,0.0,1,0.0,1,14.1,0,0.0,1,0.4,0,70.0,0,0.0,1,0.0,1,13.4,0,0.0,1,0.8,0,71.0,0,0.0,1,0.0,1,16.7,0,0.0,1,2.4,0,62.0,0,0.0,1,0.0,1,16.8,0,0.0,1,3.1,0,60.0,0,0.0,1,0.0,1,14.8,0,0.0,1,2.8,0,82.0,0,0.0,1,0.0,1,17.9,0,0.0,1,4.1,0,49.0,0,0.0,1,0.0,1,-0.9659258262890684,0.2588190451025203,-0.433883739117558,-0.9009688679024191,-1.0,-1.8369701987210297e-16,0
2025-10-31 20:00:00,67632.0,14.7,0,0.0,1,0.8,0,61.0,0,0.0,1,0.0,1,12.3,0,0.0,1,0.4,0,78.0,0,0.0,1,0.0,1,12.8,0,0.0,1,1.4,0,71.0,0,0.0,1,0.0,1,16.0,0,0.0,1,0.9,0,62.0,0,0.0,1,0.0,1,16.1,0,0.0,1,3.0,0,64.0,0,0.0,1,0.0,1,14.6,0,0.0,1,1.5,0,80.0,0,0.0,1,0.0,1,17.9,0,0.0,1,4.1,0,39.0,0,0.0,1,0.0,1,-0.8660254037844386,0.5000000000000001,-0.433883739117558,-0.9009688679024191,-1.0,-1.8369701987210297e-16,0
2025-10-31 21:00:00,65631.0,14.7,0,0.0,1,0.6,0,66.0,0,0.0,1,0.0,1,11.2,0,0.0,1,1.0,0,85.0,0,0.0,1,0.0,1,12.5,0,0.0,1,1.2,0,76.0,0,0.0,1,0.0,1,15.5,0,0.0,1,1.7,0,62.0,0,0.0,1,0.0,1,15.6,0,0.0,1,1.8,0,71.0,0,0.0,1,0.0,1,14.3,0,0.0,0,2.9,0,79.0,0,0.0,1,0.0,1,17.4,0,0.0,1,2.4,0,47.0,0,0.0,1,0.0,1,-0.7071067811865477,0.7071067811865474,-0.433883739117558,-0.9009688679024191,-1.0,-1.8369701987210297e-16,0
2025-10-31 22:00:00,63845.0,14.2,0,0.0,1,0.8,0,67.0,0,0.0,1,0.0,1,10.7,0,0.0,1,0.4,0,86.0,0,0.0,1,0.0,1,13.0,0,0.0,1,0.8,0,78.0,0,0.0,1,0.0,1,15.3,0,0.0,1,2.3,0,60.0,0,0.0,1,0.0,1,14.6,0,0.0,0,3.6,0,70.0,0,0.0,1,0.0,1,13.9,0,0.0,0,2.5,0,80.0,0,0.0,1,0.0,1,16.4,0,0.0,1,2.2,0,52.0,0,0.0,1,0.0,1,-0.5000000000000004,0.8660254037844384,-0.433883739117558,-0.9009688679024191,-1.0,-1.8369701987210297e-16,0
2025-10-31 23:00:00,63203.0,13.4,0,0.0,1,1.6,0,72.0,0,0.0,1,0.0,1,10.3,0,0.0,1,1.0,0,89.0,0,0.0,1,0.0,1,13.3,0,0.0,0,1.0,0,81.0,0,0.0,1,0.0,1,14.8,0,0.0,1,2.7,0,61.0,0,0.0,1,0.0,1,13.9,0,0.0,0,3.6,0,77.0,0,0.0,1,0.0,1,13.1,0,0.0,0,3.2,0,84.0,0,0.0,1,0.0,1,17.8,0,0.0,1,4.6,0,60.0,0,0.0,1,0.0,1,-0.25881904510252157,0.9659258262890681,-0.433883739117558,-0.9009688679024191,-1.0,-1.8369701987210297e-16,0
2025-11-01 00:00:00,61363.0,13.0,0,0.4,0,0.7,0,78.0,0,0.0,1,0.0,1,9.9,0,0.0,1,0.9,0,91.0,0,0.0,1,0.0,1,12.3,0,0.0,1,0.1,0,85.0,0,0.0,1,0.0,1,14.3,0,0.0,1,2.0,0,63.0,0,0.0,1,0.0,1,13.4,0,0.1,0,1.5,0,77.0,0,0.0,1,0.0,1,12.4,0,0.5,0,2.1,0,89.0,0,0.0,1,0.0,1,18.3,0,0.0,1,5.3,0,63.0,0,0.0,1,0.0,1,0.0,1.0,-0.9749279121818236,-0.2225209339563146,-0.8660254037844386,0.5000000000000001,1
2025-11-01 01:00:00,57487.0,11.9,0,0.0,1,0.5,0,92.0,0,0.0,1,0.0,1,9.3,0,0.0,1,0.4,0,93.0,0,0.0,1,0.0,1,12.0,0,0.0,1,0.5,0,86.0,0,0.0,1,0.0,1,14.2,0,0.0,1,1.9,0,63.0,0,0.0,1,0.0,1,12.9,0,0.0,1,0.6,0,82.0,0,0.0,1,0.0,1,12.1,0,0.0,1,1.4,0,89.0,0,0.0,1,0.0,1,17.2,0,0.0,1,6.8,0,72.0,0,0.0,1,0.0,1,0.25881904510252074,0.9659258262890683,-0.9749279121818236,-0.2225209339563146,-0.8660254037844386,0.5000000000000001,1
2025-11-01 02:00:00,55263.0,12.0,0,0.0,1,1.1,0,93.0,0,0.0,1,0.0,1,9.3,0,0.0,1,0.5,0,91.0,0,0.0,1,0.0,1,12.4,0,0.0,1,1.2,0,91.0,0,0.0,1,0.0,1,14.1,0,0.0,1,1.5,0,64.0,0,0.0,1,0.0,1,12.7,0,0.0,1,1.1,0,83.0,0,0.0,1,0.0,1,12.2,0,0.0,1,1.0,0,90.0,0,0.0,1,0.0,1,17.1,0,0.0,1,5.5,0,68.0,0,0.0,1,0.0,1,0.49999999999999994,0.8660254037844387,-0.9749279121818236,-0.2225209339563146,-0.8660254037844386,0.5000000000000001,1
2025-11-01 03:00:00,53849.0,12.3,0,5.5,0,0.7,0,93.0,0,0.0,1,0.0,1,9.8,0,0.0,0,0.4,0,92.0,0,0.0,1,0.0,1,11.8,0,0.2,0,1.0,0,94.0,0,0.0,1,0.0,1,14.2,0,0.0,1,2.5,0,63.0,0,0.0,1,0.0,1,12.5,0,0.7,0,2.9,0,87.0,0,0.0,1,0.0,1,12.2,0,0.0,0,1.9,0,92.0,0,0.0,1,0.0,1,17.5,0,0.4,0,5.9,0,67.0,0,0.0,1,0.0,1,0.7071067811865475,0.7071067811865476,-0.9749279121818236,-0.2225209339563146,-0.8660254037844386,0.5000000000000001,1
2025-11-01 04:00:00,53024.0,12.2,0,0.0,1,0.5,0,94.0,0,0.0,1,0.0,1,10.2,0,0.0,1,0.0,0,92.0,0,0.0,1,0.0,1,11.9,0,0.0,1,1.3,0,94.0,0,0.0,1,0.0,1,13.8,0,0.0,1,1.6,0,65.0,0,0.0,1,0.0,1,12.4,0,0.0,1,3.0,0,88.0,0,0.0,1,0.0,1,11.6,0,0.0,1,2.7,0,91.0,0,0.0,1,0.0,1,17.3,0,0.0,1,7.1,0,66.0,0,0.0,1,0.0,1,0.8660254037844386,0.5000000000000001,-0.9749279121818236,-0.2225209339563146,-0.8660254037844386,0.5000000000000001,1
2025-11-01 05:00:00,53098.0,12.4,0,0.0,1,0.7,0,94.0,0,0.0,1,0.0,1,10.2,0,0.0,1,0.4,0,94.0,0,0.0,1,0.0,1,12.0,0,0.0,1,1.8,0,92.0,0,0.0,1,0.0,1,13.6,0,0.0,1,2.2,0,65.0,0,0.0,1,0.0,1,12.0,0,0.0,1,3.7,0,85.0,0,0.0,1,0.0,1,10.8,0,0.0,1,2.0,0,87.0,0,0.0,1,0.0,1,17.3,0,0.0,1,6.0,0,61.0,0,0.0,1,0.0,1,0.9659258262890683,0.25881904510252074,-0.9749279121818236,-0.2225209339563146,-0.8660254037844386,0.5000000000000001,1
2025-11-01 06:00:00,54006.0,12.2,0,1.7,0,0.9,0,94.0,0,0.0,1,0.0,1,10.5,0,0.4,0,0.7,0,92.0,0,0.0,1,0.0,1,11.6,0,0.0,0,2.8,0,87.0,0,0.0,1,0.0,1,12.8,0,0.0,0,2.1,0,71.0,0,0.0,1,0.0,1,11.7,0,0.0,1,2.2,0,87.0,0,0.0,1,0.0,1,10.3,0,0.0,1,2.0,0,81.0,0,0.0,1,0.0,1,17.1,0,0.1,0,7.1,0,61.0,0,0.0,1,0.0,1,1.0,6.123233995736766e-17,-0.9749279121818236,-0.2225209339563146,-0.8660254037844386,0.5000000000000001,1
2025-11-01 07:00:00,55267.0,11.4,0,0.0,1,0.4,0,92.0,0,0.0,0,0.06,0,10.6,0,0.0,1,1.7,0,91.0,0,0.0,0,0.0,0,10.7,0,0.0,1,1.8,0,87.0,0,0.0,0,0.0,0,12.6,0,0.0,1,2.7,0,73.0,0,0.0,0,0.0,0,10.8,0,0.0,1,1.9,0,84.0,0,0.0,0,0.0,0,10.8,0,0.0,1,2.0,0,82.0,0,0.0,0,0.0,0,16.7,0,0.0,1,6.5,0,46.0,0,0.0,0,0.0,0,0.9659258262890683,-0.25881904510252063,-0.9749279121818236,-0.2225209339563146,-0.8660254037844386,0.5000000000000001,1
2025-11-01 08:00:00,55400.0,11.6,0,0.0,1,0.8,0,87.0,0,0.3,0,0.26,0,11.2,0,0.0,1,1.1,0,92.0,0,0.0,0,0.07,0,12.1,0,0.0,1,1.2,0,80.0,0,0.8,0,0.24,0,14.0,0,0.0,1,1.2,0,67.0,0,0.9,0,0.34,0,10.6,0,0.0,1,1.4,0,83.0,0,0.5,0,0.2,0,10.9,0,0.0,1,2.2,0,80.0,0,0.0,0,0.1,0,16.8,0,0.0,1,5.9,0,54.0,0,0.3,0,0.14,0,0.8660254037844387,-0.49999999999999983,-0.9749279121818236,-0.2225209339563146,-0.8660254037844386,0.5000000000000001,1
2025-11-01 09:00:00,52555.0,13.8,0,0.0,1,0.8,0,77.0,0,1.0,0,0.96,0,13.3,0,0.0,1,3.8,0,78.0,0,0.5,0,0.57,0,13.9,0,0.0,1,2.5,0,64.0,0,1.0,0,0.87,0,15.6,0,0.0,1,3.5,0,60.0,0,1.0,0,1.06,0,11.8,0,0.0,1,2.2,0,78.0,0,1.0,0,0.79,0,12.1,0,0.0,1,2.4,0,75.0,0,1.0,0,0.78,0,17.6,0,0.0,1,6.4,0,44.0,0,0.8,0,0.77,0,0.7071067811865476,-0.7071067811865475,-0.9749279121818236,-0.2225209339563146,-0.8660254037844386,0.5000000000000001,1
2025-11-01 10:00:00,49444.0,15.3,0,0.0,1,0.8,0,67.0,0,0.9,0,1.35,0,15.0,0,0.0,1,5.6,0,51.0,0,1.0,0,1.57,0,15.2,0,0.0,1,2.8,0,57.0,0,1.0,0,1.45,0,16.6,0,0.0,1,3.3,0,57.0,0,1.0,0,1.69,0,13.2,0,0.0,1,3.1,0,70.0,0,1.0,0,1.46,0,13.0,0,0.0,1,3.0,0,65.0,0,1.0,0,1.41,0,18.6,0,0.0,1,5.7,0,51.0,0,0.7,0,1.22,0,0.49999999999999994,-0.8660254037844387,-0.9749279121818236,-0.2225209339563146,-0.8660254037844386,0.5000000000000001,1
2025-11-01 11:00:00,47457.0,16.0,0,0.0,1,2.2,0,57.0,0,0.6,0,1.36,0,16.3,0,0.0,1,4.9,0,44.0,0,1.0,0,1.94,0,16.0,0,0.0,1,3.6,0,54.0,0,0.8,0,1.64,0,17.1,0,0.0,1,5.4,0,44.0,0,1.0,0,2.18,0,14.2,0,0.0,1,3.9,0,56.0,0,1.0,0,1.93,0,13.9,0,0.0,1,3.6,0,58.0,0,1.0,0,1.92,0,18.9,0,0.0,1,5.9,0,48.0,0,0.7,0,1.73,0,0.258819045102521,-0.9659258262890682,-0.9749279121818236,-0.2225209339563146,-0.8660254037844386,0.5000000000000001,1
2025-11-01 12:00:00,45508.0,16.1,0,0.0,1,2.6,0,57.0,0,0.7,0,1.42,0,17.2,0,0.0,1,5.7,0,40.0,0,1.0,0,2.28,0,16.8,0,0.0,1,3.4,0,47.0,0,0.7,0,1.88,0,17.9,0,0.0,1,4.4,0,36.0,0,1.0,0,2.54,0,15.7,0,0.0,1,3.0,0,51.0,0,1.0,0,2.28,0,14.9,0,0.0,1,3.5,0,45.0,0,1.0,0,2.24,0,19.7,0,0.0,1,5.9,0,49.0,0,0.8,0,1.98,0,1.2246467991473532e-16,-1.0,-0.9749279121818236,-0.2225209339563146,-0.8660254037844386,0.5000000000000001,1
2025-11-01 13:00:00,44224.0,16.5,0,0.0,1,2.5,0,55.0,0,0.8,0,1.57,0,18.2,0,0.0,1,4.7,0,37.0,0,0.9,0,2.26,0,16.1,0,0.0,1,3.8,0,44.0,0,0.7,0,1.94,0,18.8,0,0.0,1,4.3,0,34.0,0,1.0,0,2.58,0,16.6,0,0.0,1,3.0,0,39.0,0,1.0,0,2.4,0,15.7,0,0.0,1,3.2,0,40.0,0,1.0,0,2.31,0,19.5,0,0.0,1,6.9,0,49.0,0,0.7,0,1.95,0,-0.2588190451025208,-0.9659258262890683,-0.9749279121818236,-0.2225209339563146,-0.8660254037844386,0.5000000000000001,1
2025-11-01 14:00:00,45866.0,16.1,0,0.0,1,2.7,0,60.0,0,0.3,0,1.12,0,18.4,0,0.0,1,4.3,0,36.0,0,1.0,0,2.25,0,15.8,0,0.0,1,3.1,0,49.0,0,0.5,0,1.32,0,20.1,0,0.0,1,2.8,0,32.0,0,1.0,0,2.31,0,17.2,0,0.0,1,3.8,0,37.0,0,1.0,0,2.23,0,16.0,0,0.0,1,3.0,0,38.0,0,1.0,0,2.18,0,19.4,0,0.0,1,5.9,0,49.0,0,0.6,0,1.64,0,-0.4999999999999998,-0.8660254037844388,-0.9749279121818236,-0.2225209339563146,-0.8660254037844386,0.5000000000000001,1
2025-11-01 15:00:00,47959.0,16.7,0,0.0,1,1.3,0,62.0,0,0.6,0,1.42,0,18.9,0,0.0,1,5.4,0,31.0,0,1.0,0,1.85,0,18.2,0,0.0,1,3.5,0,43.0,0,0.7,0,1.42,0,20.5,0,0.0,1,5.0,0,33.0,0,1.0,0,1.89,0,17.3,0,0.0,1,3.8,0,38.0,0,1.0,0,1.85,0,16.0,0,0.0,1,4.9,0,44.0,0,1.0,0,1.8,0,19.4,0,0.0,1,5.9,0,49.0,0,0.6,0,1.34,0,-0.7071067811865471,-0.7071067811865479,-0.9749279121818236,-0.2225209339563146,-0.8660254037844386,0.5000000000000001,1
2025-11-01 16:00:00,51790.0,16.0,0,0.0,1,2.1,0,59.0,0,0.7,0,0.9,0,17.9,0,0.0,1,5.0,0,36.0,0,0.9,0,1.03,0,16.7,0,0.0,1,2.8,0,43.0,0,0.8,0,1.03,0,19.1,0,0.0,1,6.7,0,33.0,0,0.9,0,1.12,0,16.0,0,0.0,1,2.8,0,36.0,0,0.6,0,0.93,0,14.9,0,0.0,1,4.9,0,52.0,0,0.4,0,0.79,0,18.8,0,0.0,1,5.7,0,42.0,0,0.5,0,0.86,0,-0.8660254037844384,-0.5000000000000004,-0.9749279121818236,-0.2225209339563146,-0.8660254037844386,0.5000000000000001,1
2025-11-01 17:00:00,56343.0,15.4,0,0.0,1,0.7,0,66.0,0,1.0,0,0.56,0,17.3,0,0.0,1,3.7,0,38.0,0,0.9,0,0.4,0,15.0,0,0.0,1,2.7,0,47.0,0,0.6,0,0.41,0,18.1,0,0.0,1,3.6,0,37.0,0,1.0,0,0.54,0,15.0,0,0.0,1,4.1,0,54.0,0,0.0,0,0.1,0,13.3,0,0.0,1,2.4,0,68.0,0,0.2,0,0.21,0,18.0,0,0.0,1,6.3,0,45.0,0,0.3,0,0.29,0,-0.9659258262890683,-0.25881904510252063,-0.9749279121818236,-0.2225209339563146,-0.8660254037844386,0.5000000000000001,1
2025-11-01 18:00:00,59002.0,14.7,0,0.0,1,1.1,0,69.0,0,0.1,0,0.13,0,15.6,0,0.0,1,2.4,0,43.0,0,0.1,0,0.03,0,14.3,0,0.0,1,2.0,0,51.0,0,0.0,0,0.03,0,16.8,0,0.0,1,2.2,0,41.0,0,0.2,0,0.04,0,11.9,0,1.5,0,2.8,0,76.0,0,0.0,0,0.06,0,13.1,0,0.0,0,2.0,0,71.0,0,0.1,0,0.06,0,17.3,0,0.0,1,6.1,0,43.0,0,0.0,0,0.03,0,-1.0,-1.8369701987210297e-16,-0.9749279121818236,-0.2225209339563146,-0.8660254037844386,0.5000000000000001,1
2025-11-01 19:00:00,60385.0,14.1,0,0.0,1,0.7,0,70.0,0,0.0,1,0.0,1,14.6,0,0.0,1,2.0,0,46.0,0,0.0,1,0.0,1,13.2,0,0.0,1,2.4,0,65.0,0,0.0,1,0.0,1,16.2,0,0.0,1,1.2,0,43.0,0,0.0,1,0.0,1,11.6,0,0.0,1,0.8,0,79.0,0,0.0,1,0.0,1,13.6,0,0.0,1,4.0,0,67.0,0,0.0,1,0.0,1,17.0,0,0.0,1,5.5,0,46.0,0,0.0,1,0.0,1,-0.9659258262890684,0.2588190451025203,-0.9749279121818236,-0.2225209339563146,-0.8660254037844386,0.5000000000000001,1
2025-11-01 20:00:00,60046.0,13.5,0,0.0,1,1.0,0,72.0,0,0.0,1,0.0,1,13.3,0,0.0,1,0.9,0,52.0,0,0.0,1,0.0,1,11.7,0,0.0,1,2.3,0,76.0,0,0.0,1,0.0,1,15.1,0,0.0,1,2.0,0,46.0,0,0.0,1,0.0,1,11.2,0,0.0,1,1.0,0,84.0,0,0.0,1,0.0,1,14.1,0,0.0,1,2.8,0,56.0,0,0.0,1,0.0,1,16.9,0,0.0,1,4.6,0,52.0,0,0.0,1,0.0,1,-0.8660254037844386,0.5000000000000001,-0.9749279121818236,-0.2225209339563146,-0.8660254037844386,0.5000000000000001,1
2025-11-01 21:00:00,59311.0,13.1,0,0.0,1,1.2,0,75.0,0,0.0,1,0.0,1,12.5,0,0.0,1,1.1,0,59.0,0,0.0,1,0.0,1,11.7,0,0.0,0,2.7,0,78.0,0,0.0,1,0.0,1,14.2,0,0.0,1,2.4,0,45.0,0,0.0,1,0.0,1,11.3,0,0.0,1,0.7,0,82.0,0,0.0,1,0.0,1,13.6,0,0.0,1,1.3,0,62.0,0,0.0,1,0.0,1,16.9,0,0.0,1,4.6,0,50.0,0,0.0,1,0.0,1,-0.7071067811865477,0.7071067811865474,-0.9749279121818236,-0.2225209339563146,-0.8660254037844386,0.5000000000000001,1
2025-11-01 22:00:00,58169.0,12.5,0,0.0,1,2.1,0,79.0,0,0.0,1,0.0,1,13.9,0,0.0,1,3.1,0,50.0,0,0.0,1,0.0,1,11.5,0,0.0,1,2.4,0,81.0,0,0.0,1,0.0,1,14.1,0,0.0,1,2.3,0,44.0,0,0.0,1,0.0,1,11.8,0,0.0,1,1.7,0,78.0,0,0.0,1,0.0,1,12.7,0,0.0,1,4.3,0,73.0,0,0.0,1,0.0,1,17.0,0,0.0,1,4.5,0,51.0,0,0.0,1,0.0,1,-0.5000000000000004,0.8660254037844384,-0.9749279121818236,-0.2225209339563146,-0.8660254037844386,0.5000000000000001,1
2025-11-01 23:00:00,57897.0,11.7,0,0.0,1,1.4,0,81.0,0,0.0,1,0.0,1,13.0,0,0.0,1,1.8,0,50.0,0,0.0,1,0.0,1,11.1,0,0.0,1,2.6,0,84.0,0,0.0,1,0.0,1,14.0,0,0.0,1,3.9,0,47.0,0,0.0,1,0.0,1,11.4,0,0.0,1,1.4,0,80.0,0,0.0,1,0.0,1,11.6,0,0.0,1,2.4,0,76.0,0,0.0,1,0.0,1,17.2,0,0.0,1,4.4,0,47.0,0,0.0,1,0.0,1,-0.25881904510252157,0.9659258262890681,-0.9749279121818236,-0.2225209339563146,-0.8660254037844386,0.5000000000000001,1
2025-11-02 00:00:00,56617.0,11.5,0,0.0,1,1.4,0,81.0,0,0.0,1,0.0,1,11.0,0,0.0,0,0.8,0,66.0,0,0.0,1,0.0,1,10.3,0,0.4,0,4.1,0,88.0,0,0.0,1,0.0,1,13.4,0,0.0,1,3.0,0,50.0,0,0.0,1,0.0,1,10.6,0,0.2,0,1.3,0,85.0,0,0.0,1,0.0,1,11.0,0,1.1,0,0.5,0,74.0,0,0.0,1,0.0,1,17.2,0,0.0,1,4.1,0,52.0,0,0.0,1,0.0,1,0.0,1.0,-0.7818314824680299,0.6234898018587334,-0.8660254037844386,0.5000000000000001,1
2025-11-02 01:00:00,53389.0,10.8,0,0.0,1,1.3,0,83.0,0,0.0,1,0.0,1,9.4,0,0.0,1,0.1,0,74.0,0,0.0,1,0.0,1,10.0,0,0.0,1,0.9,0,92.0,0,0.0,1,0.0,1,13.2,0,0.0,1,3.7,0,55.0,0,0.0,1,0.0,1,9.8,0,0.0,1,1.6,0,85.0,0,0.0,1,0.0,1,10.7,0,0.0,1,1.4,0,78.0,0,0.0,1,0.0,1,17.3,0,0.0,1,4.2,0,52.0,0,0.0,1,0.0,1,0.25881904510252074,0.9659258262890683,-0.7818314824680299,0.6234898018587334,-0.8660254037844386,0.5000000000000001,1
2025-11-02 02:00:00,51089.0,11.0,0,0.0,1,1.5,0,82.0,0,0.0,1,0.0,1,9.7,0,0.0,1,0.3,0,75.0,0,0.0,1,0.0,1,10.2,0,0.0,1,2.7,0,93.0,0,0.0,1,0.0,1,13.3,0,0.0,1,5.3,0,60.0,0,0.0,1,0.0,1,9.2,0,0.0,1,0.9,0,84.0,0,0.0,1,0.0,1,10.5,0,0.0,1,1.4,0,81.0,0,0.0,1,0.0,1,17.5,0,0.0,1,5.0,0,50.0,0,0.0,1,0.0,1,0.49999999999999994,0.8660254037844387,-0.7818314824680299,0.6234898018587334,-0.8660254037844386,0.5000000000000001,1
2025-11-02 03:00:00,49707.0,11.2,0,0.0,1,2.0,0,80.0,0,0.0,1,0.0,1,10.7,0,0.3,0,3.1,0,81.0,0,0.0,1,0.0,1,9.8,0,2.1,0,2.9,0,91.0,0,0.0,1,0.0,1,13.0,0,0.0,1,5.7,0,61.0,0,0.0,1,0.0,1,8.8,0,0.2,0,0.5,0,85.0,0,0.0,1,0.0,1,10.7,0,0.0,1,2.7,0,82.0,0,0.0,1,0.0,1,17.6,0,0.0,1,4.8,0,49.0,0,0.0,1,0.0,1,0.7071067811865475,0.7071067811865476,-0.7818314824680299,0.6234898018587334,-0.8660254037844386,0.5000000000000001,1
2025-11-02 04:00:00,49137.0,11.1,0,0.0,1,0.7,0,86.0,0,0.0,1,0.0,1,10.3,0,0.0,1,1.3,0,83.0,0,0.0,1,0.0,1,9.2,0,0.0,1,1.3,0,92.0,0,0.0,1,0.0,1,13.1,0,0.0,1,5.2,0,60.0,0,0.0,1,0.0,1,8.7,0,0.0,1,0.7,0,84.0,0,0.0,1,0.0,1,10.3,0,0.0,1,2.6,0,73.0,0,0.0,1,0.0,1,18.0,0,0.0,1,5.2,0,51.0,0,0.0,1,0.0,1,0.8660254037844386,0.5000000000000001,-0.7818314824680299,0.6234898018587334,-0.8660254037844386,0.5000000000000001,1
2025-11-02 05:00:00,49254.0,11.1,0,0.0,1,0.6,0,87.0,0,0.0,1,0.0,1,10.2,0,0.0,1,1.4,0,83.0,0,0.0,1,0.0,1,9.0,0,0.0,1,1.2,0,95.0,0,0.0,1,0.0,1,13.1,0,0.0,1,4.5,0,60.0,0,0.0,1,0.0,1,8.3,0,0.0,1,1.0,0,85.0,0,0.0,1,0.0,1,10.1,0,0.0,1,2.9,0,74.0,0,0.0,1,0.0,1,17.4,0,0.0,1,3.4,0,53.0,0,0.0,1,0.0,1,0.9659258262890683,0.25881904510252074,-0.7818314824680299,0.6234898018587334,-0.8660254037844386,0.5000000000000001,1
2025-11-02 06:00:00,50271.0,11.0,0,0.0,0,0.5,0,87.0,0,0.0,1,0.0,1,10.1,0,0.1,0,1.2,0,84.0,0,0.0,1,0.0,1,9.2,0,0.0,1,0.3,0,95.0,0,0.0,1,0.0,1,12.8,0,0.0,1,2.8,0,62.0,0,0.0,1,0.0,1,8.4,0,0.0,1,2.7,0,81.0,0,0.0,1,0.0,1,9.6,0,0.0,1,3.2,0,66.0,0,0.0,1,0.0,1,17.1,0,0.0,1,3.4,0,60.0,0,0.0,1,0.0,1,1.0,6.123233995736766e-17,-0.7818314824680299,0.6234898018587334,-0.8660254037844386,0.5000000000000001,1
2025-11-02 07:00:00,51379.0,10.7,0,0.0,1,0.9,0,88.0,0,0.0,0,0.06,0,9.4,0,0.0,1,1.3,0,86.0,0,0.0,0,0.0,0,8.2,0,0.0,1,1.4,0,97.0,0,0.0,0,0.0,0,13.0,0,0.0,1,3.4,0,62.0,0,0.0,0,0.0,0,8.1,0,0.0,1,2.4,0,73.0,0,0.0,0,0.0,0,9.1,0,0.0,1,4.0,0,62.0,0,0.0,0,0.0,0,18.2,0,0.0,1,5.2,0,58.0,0,0.0,0,0.0,0,0.9659258262890683,-0.25881904510252063,-0.7818314824680299,0.6234898018587334,-0.8660254037844386,0.5000000000000001,1
2025-11-02 08:00:00,51360.0,11.1,0,0.0,1,0.5,0,87.0,0,0.2,0,0.26,0,10.9,0,0.0,1,0.3,0,81.0,0,0.7,0,0.25,0,9.2,0,0.0,1,1.6,0,96.0,0,0.6,0,0.24,0,13.5,0,0.0,1,3.4,0,61.0,0,0.0,0,0.13,0,7.9,0,0.0,1,2.3,0,71.0,0,0.2,0,0.14,0,9.0,0,0.0,1,2.1,0,66.0,0,0.0,0,0.11,0,18.3,0,0.0,1,5.7,0,60.0,0,0.0,0,0.04,0,0.8660254037844387,-0.49999999999999983,-0.7818314824680299,0.6234898018587334,-0.8660254037844386,0.5000000000000001,1
2025-11-02 09:00:00,48561.0,12.8,0,0.0,1,0.7,0,81.0,0,1.0,0,0.88,0,12.5,0,0.0,1,1.3,0,74.0,0,1.0,0,0.88,0,11.1,0,0.0,1,2.5,0,80.0,0,0.7,0,0.67,0,15.8,0,0.0,1,4.6,0,53.0,0,0.9,0,0.95,0,8.6,0,0.0,1,4.4,0,65.0,0,1.0,0,0.79,0,8.9,0,0.0,1,5.5,0,59.0,0,1.0,0,0.77,0,18.4,0,0.0,1,5.0,0,56.0,0,0.0,0,0.35,0,0.7071067811865476,-0.7071067811865475,-0.7818314824680299,0.6234898018587334,-0.8660254037844386,0.5000000000000001,1
2025-11-02 10:00:00,45470.0,14.8,0,0.0,1,1.6,0,67.0,0,1.0,0,1.61,0,15.2,0,0.0,1,3.4,0,51.0,0,1.0,0,1.57,0,12.5,0,0.0,1,2.9,0,64.0,0,0.5,0,0.95,0,16.9,0,0.0,1,3.4,0,46.0,0,1.0,0,1.71,0,9.6,0,0.0,1,4.3,0,55.0,0,1.0,0,1.5,0,8.8,0,0.0,1,4.5,0,57.0,0,1.0,0,1.45,0,18.8,0,0.0,1,5.6,0,46.0,0,0.3,0,0.85,0,0.49999999999999994,-0.8660254037844387,-0.7818314824680299,0.6234898018587334,-0.8660254037844386,0.5000000000000001,1
2025-11-02 11:00:00,44333.0,15.4,0,0.0,1,2.1,0,55.0,0,0.7,0,1.71,0,15.5,0,0.0,1,6.0,0,40.0,0,0.4,0,1.33,0,13.5,0,0.0,1,5.6,0,44.0,0,0.4,0,1.15,0,16.9,0,0.0,1,5.5,0,38.0,0,0.8,0,1.81,0,10.6,0,0.0,1,4.5,0,48.0,0,1.0,0,2.06,0,9.1,0,0.0,1,5.0,0,56.0,0,1.0,0,1.95,0,19.5,0,0.0,1,5.6,0,38.0,0,0.9,0,1.88,0,0.258819045102521,-0.9659258262890682,-0.7818314824680299,0.6234898018587334,-0.8660254037844386,0.5000000000000001,1
2025-11-02 12:00:00,42297.0,15.5,0,0.0,1,2.2,0,48.0,0,0.8,0,2.01,0,16.5,0,0.0,1,6.2,0,31.0,0,1.0,0,2.45,0,13.1,0,0.0,1,5.4,0,45.0,0,0.8,0,2.11,0,16.9,0,0.0,1,7.5,0,34.0,0,0.7,0,1.7,0,10.7,0,0.0,1,4.7,0,48.0,0,0.9,0,2.23,0,9.7,0,0.0,1,5.6,0,49.0,0,0.9,0,2.19,0,19.3,0,0.0,1,6.5,0,40.0,0,0.9,0,2.29,0,1.2246467991473532e-16,-1.0,-0.7818314824680299,0.6234898018587334,-0.8660254037844386,0.5000000000000001,1
2025-11-02 13:00:00,41305.0,15.0,0,0.0,1,2.6,0,48.0,0,1.0,0,2.53,0,15.9,0,0.0,1,6.3,0,28.0,0,0.8,0,2.12,0,13.1,0,0.0,1,5.6,0,42.0,0,0.8,0,2.09,0,17.4,0,0.0,1,4.6,0,37.0,0,0.6,0,1.99,0,10.9,0,0.0,1,5.0,0,44.0,0,0.8,0,2.19,0,9.9,0,0.0,1,5.9,0,43.0,0,0.9,0,2.09,0,19.7,0,0.0,1,5.5,0,44.0,0,0.8,0,2.08,0,-0.2588190451025208,-0.9659258262890683,-0.7818314824680299,0.6234898018587334,-0.8660254037844386,0.5000000000000001,1
2025-11-02 14:00:00,42393.0,14.0,0,0.0,1,2.9,0,49.0,0,1.0,0,2.47,0,16.9,0,0.0,1,5.7,0,28.0,0,0.8,0,1.88,0,13.1,0,0.0,1,5.5,0,33.0,0,0.8,0,1.95,0,18.9,0,0.0,1,4.3,0,34.0,0,0.9,0,2.04,0,11.2,0,0.0,1,4.7,0,41.0,0,0.9,0,2.36,0,9.4,0,0.0,1,5.0,0,46.0,0,0.7,0,1.81,0,18.7,0,0.0,1,6.9,0,44.0,0,0.6,0,1.67,0,-0.4999999999999998,-0.8660254037844388,-0.7818314824680299,0.6234898018587334,-0.8660254037844386,0.5000000000000001,1
2025-11-02 15:00:00,44937.0,13.5,0,0.0,1,2.5,0,44.0,0,1.0,0,1.97,0,16.1,0,0.0,1,5.2,0,29.0,0,1.0,0,1.77,0,11.9,0,0.0,1,4.4,0,39.0,0,0.4,0,0.89,0,18.2,0,0.0,1,6.8,0,29.0,0,1.0,0,1.92,0,10.6,0,0.0,1,4.3,0,41.0,0,0.7,0,1.53,0,10.0,0,0.0,1,4.2,0,42.0,0,0.8,0,1.59,0,17.4,0,0.0,1,7.5,0,52.0,0,0.7,0,1.51,0,-0.7071067811865471,-0.7071067811865479,-0.7818314824680299,0.6234898018587334,-0.8660254037844386,0.5000000000000001,1
2025-11-02 16:00:00,49135.0,12.4,0,0.0,1,3.6,0,46.0,0,1.0,0,1.42,0,15.3,0,0.0,1,5.7,0,28.0,0,1.0,0,1.19,0,11.9,0,0.0,1,3.4,0,41.0,0,0.9,0,1.14,0,18.2,0,0.0,1,6.0,0,26.0,0,1.0,0,1.3,0,10.4,0,0.0,1,4.3,0,40.0,0,0.7,0,1.05,0,10.0,0,0.0,1,3.7,0,48.0,0,0.9,0,1.35,0,16.5,0,0.0,1,6.7,0,48.0,0,0.4,0,0.76,0,-0.8660254037844384,-0.5000000000000004,-0.7818314824680299,0.6234898018587334,-0.8660254037844386,0.5000000000000001,1
2025-11-02 17:00:00,54346.0,11.0,0,0.0,1,2.9,0,52.0,0,0.6,0,0.53,0,13.7,0,0.0,1,5.1,0,33.0,0,1.0,0,0.52,0,9.6,0,0.0,1,3.7,0,51.0,0,0.8,0,0.52,0,16.2,0,0.0,1,6.3,0,31.0,0,1.0,0,0.6,0,9.4,0,0.0,1,4.8,0,41.0,0,0.8,0,0.5,0,8.6,0,0.0,1,4.8,0,49.0,0,0.8,0,0.57,0,15.1,0,0.0,1,7.2,0,53.0,0,0.1,0,0.21,0,-0.9659258262890683,-0.25881904510252063,-0.7818314824680299,0.6234898018587334,-0.8660254037844386,0.5000000000000001,1
2025-11-02 18:00:00,58350.0,10.5,0,0.0,1,1.7,0,56.0,0,0.0,0,0.1,0,11.9,0,0.0,1,4.4,0,37.0,0,0.1,0,0.03,0,8.6,0,0.0,1,2.6,0,53.0,0,0.0,0,0.03,0,14.2,0,0.0,1,6.1,0,32.0,0,0.2,0,0.04,0,7.8,0,0.0,1,3.1,0,45.0,0,0.1,0,0.05,0,7.3,0,0.0,1,4.7,0,44.0,0,0.2,0,0.07,0,14.0,0,0.0,1,6.6,0,49.0,0,0.0,0,0.01,0,-1.0,-1.8369701987210297e-16,-0.7818314824680299,0.6234898018587334,-0.8660254037844386,0.5000000000000001,1
2025-11-02 19:00:00,60384.0,10.3,0,0.0,1,1.6,0,57.0,0,0.0,1,0.0,1,10.9,0,0.0,1,4.9,0,40.0,0,0.0,1,0.0,1,8.0,0,0.0,1,2.9,0,53.0,0,0.0,1,0.0,1,13.0,0,0.0,1,5.7,0,34.0,0,0.0,1,0.0,1,7.1,0,0.0,1,3.5,0,49.0,0,0.0,1,0.0,1,6.6,0,0.0,1,4.6,0,51.0,0,0.0,1,0.0,1,13.7,0,0.0,1,6.3,0,49.0,0,0.0,1,0.0,1,-0.9659258262890684,0.2588190451025203,-0.7818314824680299,0.6234898018587334,-0.8660254037844386,0.5000000000000001,1
2025-11-02 20:00:00,60208.0,10.0,0,0.0,1,1.7,0,56.0,0,0.0,1,0.0,1,10.2,0,0.0,1,5.5,0,43.0,0,0.0,1,0.0,1,7.4,0,0.0,1,2.4,0,55.0,0,0.0,1,0.0,1,11.9,0,0.0,1,3.5,0,40.0,0,0.0,1,0.0,1,6.5,0,0.0,1,3.0,0,48.0,0,0.0,1,0.0,1,6.2,0,0.0,1,4.7,0,51.0,0,0.0,1,0.0,1,13.6,0,0.0,1,6.3,0,48.0,0,0.0,1,0.0,1,-0.8660254037844386,0.5000000000000001,-0.7818314824680299,0.6234898018587334,-0.8660254037844386,0.5000000000000001,1
2025-11-02 21:00:00,59626.0,9.5,0,0.0,1,1.8,0,58.0,0,0.0,1,0.0,1,9.5,0,0.0,1,6.2,0,44.0,0,0.0,1,0.0,1,6.9,0,0.0,1,1.9,0,58.0,0,0.0,1,0.0,1,11.0,0,0.0,1,4.3,0,45.0,0,0.0,1,0.0,1,5.6,0,0.0,1,2.5,0,44.0,0,0.0,1,0.0,1,5.4,0,0.0,1,5.6,0,45.0,0,0.0,1,0.0,1,13.6,0,0.0,1,6.0,0,50.0,0,0.0,1,0.0,1,-0.7071067811865477,0.7071067811865474,-0.7818314824680299,0.6234898018587334,-0.8660254037844386,0.5000000000000001,1
2025-11-02 22:00:00,58427.0,9.2,0,0.0,1,1.7,0,58.0,0,0.0,1,0.0,1,8.8,0,0.0,1,5.0,0,47.0,0,0.0,1,0.0,1,5.9,0,0.0,1,1.9,0,64.0,0,0.0,1,0.0,1,10.3,0,0.0,1,3.8,0,46.0,0,0.0,1,0.0,1,4.8,0,0.0,1,3.2,0,47.0,0,0.0,1,0.0,1,4.7,0,0.0,1,4.4,0,43.0,0,0.0,1,0.0,1,13.4,0,0.0,1,6.5,0,51.0,0,0.0,1,0.0,1,-0.5000000000000004,0.8660254037844384,-0.7818314824680299,0.6234898018587334,-0.8660254037844386,0.5000000000000001,1
2025-11-02 23:00:00,57327.0,9.0,0,0.0,1,0.9,0,59.0,0,0.0,1,0.0,1,8.4,0,0.0,1,4.1,0,46.0,0,0.0,1,0.0,1,4.5,0,0.0,1,1.4,0,70.0,0,0.0,1,0.0,1,9.3,0,0.0,1,1.6,0,50.0,0,0.0,1,0.0,1,4.2,0,0.0,1,3.6,0,46.0,0,0.0,1,0.0,1,4.0,0,0.0,1,3.7,0,50.0,0,0.0,1,0.0,1,13.1,0,0.0,1,5.7,0,50.0,0,0.0,1,0.0,1,-0.25881904510252157,0.9659258262890681,-0.7818314824680299,0.6234898018587334,-0.8660254037844386,0.5000000000000001,1
2025-11-03 00:00:00,55999.0,8.8,0,0.0,1,2.7,0,58.0,0,0.0,1,0.0,1,7.5,0,0.0,1,4.8,0,44.0,0,0.0,1,0.0,1,4.4,0,0.0,1,3.5,0,61.0,0,0.0,1,0.0,1,8.5,0,0.0,1,2.0,0,45.0,0,0.0,1,0.0,1,3.7,0,0.0,1,2.7,0,47.0,0,0.0,1,0.0,1,3.2,0,0.0,1,3.5,0,51.0,0,0.0,1,0.0,1,13.1,0,0.0,1,6.2,0,56.0,0,0.0,1,0.0,1,0.0,1.0,0.0,1.0,-0.8660254037844386,0.5000000000000001,0
2025-11-03 01:00:00,53132.0,7.8,0,0.0,1,2.4,0,58.0,0,0.0,1,0.0,1,6.8,0,0.0,1,3.0,0,45.0,0,0.0,1,0.0,1,3.1,0,0.0,1,2.6,0,68.0,0,0.0,1,0.0,1,7.8,0,0.0,1,2.6,0,45.0,0,0.0,1,0.0,1,3.3,0,0.0,1,3.1,0,47.0,0,0.0,1,0.0,1,2.7,0,0.0,1,3.7,0,52.0,0,0.0,1,0.0,1,12.8,0,0.0,1,4.7,0,54.0,0,0.0,1,0.0,1,0.25881904510252074,0.9659258262890683,0.0,1.0,-0.8660254037844386,0.5000000000000001,0
2025-11-03 02:00:00,51026.0,7.1,0,0.0,1,2.0,0,60.0,0,0.0,1,0.0,1,5.9,0,0.0,1,2.3,0,48.0,0,0.0,1,0.0,1,3.0,0,0.0,1,1.5,0,66.0,0,0.0,1,0.0,1,7.4,0,0.0,1,3.2,0,48.0,0,0.0,1,0.0,1,3.0,0,0.0,1,3.5,0,49.0,0,0.0,1,0.0,1,2.2,0,0.0,1,2.9,0,54.0,0,0.0,1,0.0,1,12.7,0,0.0,1,5.7,0,54.0,0,0.0,1,0.0,1,0.49999999999999994,0.8660254037844387,0.0,1.0,-0.8660254037844386,0.5000000000000001,0
2025-11-03 03:00:00,49919.0,5.9,0,0.0,1,2.4,0,62.0,0,0.0,1,0.0,1,5.6,0,0.0,1,2.4,0,50.0,0,0.0,1,0.0,1,1.9,0,0.0,1,1.3,0,73.0,0,0.0,1,0.0,1,6.9,0,0.0,1,3.6,0,46.0,0,0.0,1,0.0,1,2.1,0,0.0,1,1.4,0,54.0,0,0.0,1,0.0,1,1.7,0,0.0,1,2.9,0,57.0,0,0.0,1,0.0,1,12.6,0,0.0,1,4.7,0,50.0,0,0.0,1,0.0,1,0.7071067811865475,0.7071067811865476,0.0,1.0,-0.8660254037844386,0.5000000000000001,0
2025-11-03 04:00:00,49694.0,5.1,0,0.0,1,2.7,0,64.0,0,0.0,1,0.0,1,5.4,0,0.0,1,3.3,0,51.0,0,0.0,1,0.0,1,1.3,0,0.0,1,0.5,0,72.0,0,0.0,1,0.0,1,6.4,0,0.0,1,4.5,0,46.0,0,0.0,1,0.0,1,1.6,0,0.0,1,0.5,0,59.0,0,0.0,1,0.0,1,1.3,0,0.0,1,2.3,0,57.0,0,0.0,1,0.0,1,12.3,0,0.0,1,3.7,0,52.0,0,0.0,1,0.0,1,0.8660254037844386,0.5000000000000001,0.0,1.0,-0.8660254037844386,0.5000000000000001,0
2025-11-03 05:00:00,50584.0,4.6,0,0.0,1,2.5,0,67.0,0,0.0,1,0.0,1,5.0,0,0.0,1,3.0,0,52.0,0,0.0,1,0.0,1,1.1,0,0.0,1,1.2,0,77.0,0,0.0,1,0.0,1,6.3,0,0.0,1,3.5,0,45.0,0,0.0,1,0.0,1,0.9,0,0.0,1,0.4,0,59.0,0,0.0,1,0.0,1,1.0,0,0.0,1,1.7,0,60.0,0,0.0,1,0.0,1,12.2,0,0.0,1,5.1,0,50.0,0,0.0,1,0.0,1,0.9659258262890683,0.25881904510252074,0.0,1.0,-0.8660254037844386,0.5000000000000001,0
2025-11-03 06:00:00,52930.0,3.9,0,0.0,1,1.6,0,68.0,0,0.0,1,0.0,1,4.1,0,0.0,1,1.2,0,60.0,0,0.0,1,0.0,1,0.8,0,0.0,1,1.5,0,78.0,0,0.0,1,0.0,1,6.1,0,0.0,1,4.3,0,48.0,0,0.0,1,0.0,1,0.8,0,0.0,1,1.0,0,68.0,0,0.0,1,0.0,1,1.3,0,0.0,1,1.9,0,59.0,0,0.0,1,0.0,1,12.2,0,0.0,1,6.0,0,57.0,0,0.0,1,0.0,1,1.0,6.123233995736766e-17,0.0,1.0,-0.8660254037844386,0.5000000000000001,0
2025-11-03 07:00:00,57238.0,3.2,0,0.0,1,1.4,0,70.0,0,0.0,0,0.06,0,2.9,0,0.0,1,1.5,0,67.0,0,0.0,0,0.0,0,0.2,0,0.0,1,1.4,0,83.0,0,0.0,0,0.0,0,5.9,0,0.0,1,2.0,0,53.0,0,0.0,0,0.0,0,0.8,0,0.0,1,1.0,0,63.0,0,0.0,0,0.0,0,0.9,0,0.0,1,1.7,0,62.0,0,0.0,1,0.0,1,11.5,0,0.0,1,5.0,0,51.0,0,0.0,0,0.0,0,0.9659258262890683,-0.25881904510252063,0.0,1.0,-0.8660254037844386,0.5000000000000001,0
2025-11-03 08:00:00,62589.0,4.0,0,0.0,1,1.7,0,66.0,0,0.2,0,0.25,0,4.0,0,0.0,1,1.4,0,64.0,0,0.9,0,0.27,0,2.4,0,0.0,1,1.2,0,74.0,0,0.9,0,0.24,0,8.2,0,0.0,1,1.5,0,49.0,0,0.9,0,0.36,0,1.0,0,0.0,1,1.2,0,68.0,0,0.5,0,0.2,0,1.4,0,0.0,1,1.9,0,62.0,0,0.0,0,0.08,0,11.3,0,0.0,1,3.9,0,54.0,0,0.4,0,0.17,0,0.8660254037844387,-0.49999999999999983,0.0,1.0,-0.8660254037844386,0.5000000000000001,0
2025-11-03 09:00:00,64913.0,6.3,0,0.0,1,1.0,0,58.0,0,1.0,0,1.05,0,6.9,0,0.0,1,1.5,0,48.0,0,1.0,0,0.91,0,5.5,0,0.0,1,0.6,0,55.0,0,1.0,0,0.9,0,11.4,0,0.0,1,3.3,0,50.0,0,1.0,0,1.07,0,3.8,0,0.0,1,1.3,0,56.0,0,1.0,0,0.82,0,3.8,0,0.0,1,1.6,0,55.0,0,1.0,0,0.78,0,11.8,0,0.0,1,3.8,0,49.0,0,0.5,0,0.63,0,0.7071067811865476,-0.7071067811865475,0.0,1.0,-0.8660254037844386,0.5000000000000001,0
2025-11-03 10:00:00,62681.0,7.9,0,0.0,1,1.2,0,52.0,0,1.0,0,1.72,0,8.8,0,0.0,1,1.7,0,42.0,0,1.0,0,1.53,0,7.2,0,0.0,1,0.4,0,50.0,0,1.0,0,1.53,0,13.8,0,0.0,1,2.9,0,48.0,0,1.0,0,1.71,0,7.2,0,0.0,1,2.0,0,48.0,0,1.0,0,1.52,0,6.4,0,0.0,1,1.1,0,51.0,0,1.0,0,1.42,0,13.3,0,0.0,1,4.3,0,45.0,0,0.9,0,1.55,0,0.49999999999999994,-0.8660254037844387,0.0,1.0,-0.8660254037844386,0.5000000000000001,0
2025-11-03 11:00:00,60070.0,9.3,0,0.0,1,1.0,0,45.0,0,1.0,0,2.21,0,11.0,0,0.0,1,2.1,0,39.0,0,1.0,0,1.99,0,8.8,0,0.0,1,0.4,0,47.0,0,1.0,0,2.0,0,14.4,0,0.0,1,3.0,0,53.0,0,0.6,0,1.58,0,9.0,0,0.0,1,2.0,0,43.0,0,1.0,0,2.03,0,8.6,0,0.0,1,1.0,0,44.0,0,1.0,0,1.92,0,13.8,0,0.0,1,3.2,0,45.0,0,1.0,0,2.17,0,0.258819045102521,-0.9659258262890682,0.0,1.0,-0.8660254037844386,0.5000000000000001,0
2025-11-03 12:00:00,57274.0,10.9,0,0.0,1,1.0,0,40.0,0,1.0,0,2.49,0,12.1,0,0.0,1,1.2,0,38.0,0,1.0,0,2.26,0,11.1,0,0.0,1,0.7,0,43.0,0,1.0,0,2.29,0,16.4,0,0.0,1,3.7,0,48.0,0,0.9,0,2.27,0,11.0,0,0.0,1,1.5,0,42.0,0,1.0,0,2.32,0,9.4,0,0.0,1,1.6,0,43.0,0,1.0,0,2.21,0,14.0,0,0.0,1,2.9,0,46.0,0,1.0,0,2.46,0,1.2246467991473532e-16,-1.0,0.0,1.0,-0.8660254037844386,0.5000000000000001,0
2025-11-03 13:00:00,54304.0,12.9,0,0.0,1,1.1,0,42.0,0,1.0,0,2.53,0,13.6,0,0.0,1,1.3,0,40.0,0,1.0,0,2.3,0,12.3,0,0.0,1,1.0,0,44.0,0,1.0,0,2.35,0,15.8,0,0.0,1,3.4,0,49.0,0,0.4,0,1.57,0,12.2,0,0.0,1,1.3,0,40.0,0,1.0,0,2.4,0,10.9,0,0.0,1,1.6,0,42.0,0,1.0,0,2.28,0,14.5,0,0.0,1,3.4,0,41.0,0,1.0,0,2.47,0,-0.2588190451025208,-0.9659258262890683,0.0,1.0,-0.8660254037844386,0.5000000000000001,0
2025-11-03 14:00:00,57829.0,12.9,0,0.0,1,0.8,0,40.0,0,1.0,0,2.33,0,15.1,0,0.0,1,1.3,0,41.0,0,1.0,0,2.09,0,14.0,0,0.0,1,1.2,0,41.0,0,1.0,0,2.18,0,17.3,0,0.0,1,4.3,0,50.0,0,0.7,0,1.97,0,13.4,0,0.0,1,1.5,0,38.0,0,1.0,0,2.23,0,11.6,0,0.0,1,2.2,0,41.0,0,1.0,0,2.13,0,15.2,0,0.0,1,3.0,0,45.0,0,1.0,0,2.29,0,-0.4999999999999998,-0.8660254037844388,0.0,1.0,-0.8660254037844386,0.5000000000000001,0
2025-11-03 15:00:00,61090.0,14.1,0,0.0,1,0.9,0,41.0,0,1.0,0,1.91,0,15.1,0,0.0,1,1.6,0,43.0,0,1.0,0,1.67,0,14.5,0,0.0,1,1.5,0,39.0,0,1.0,0,1.75,0,17.1,0,0.0,1,3.5,0,50.0,0,0.8,0,1.8,0,14.5,0,0.0,1,1.4,0,37.0,0,1.0,0,1.83,0,11.8,0,0.0,1,1.9,0,42.0,0,1.0,0,1.74,0,15.1,0,0.0,1,3.4,0,48.0,0,1.0,0,1.84,0,-0.7071067811865471,-0.7071067811865479,0.0,1.0,-0.8660254037844386,0.5000000000000001,0
2025-11-03 16:00:00,64717.0,14.5,0,0.0,1,1.0,0,43.0,0,1.0,0,1.3,0,14.5,0,0.0,1,3.9,0,50.0,0,0.9,0,1.04,0,14.5,0,0.0,1,1.5,0,42.0,0,1.0,0,1.18,0,16.0,0,0.0,1,3.0,0,54.0,0,0.4,0,0.84,0,14.3,0,0.0,1,0.8,0,36.0,0,1.0,0,1.25,0,12.4,0,0.0,1,1.9,0,45.0,0,1.0,0,1.19,0,14.7,0,0.0,1,3.1,0,46.0,0,1.0,0,1.24,0,-0.8660254037844384,-0.5000000000000004,0.0,1.0,-0.8660254037844386,0.5000000000000001,0
2025-11-03 17:00:00,68973.0,13.1,0,0.0,1,0.7,0,49.0,0,1.0,0,0.62,0,13.8,0,0.0,1,4.2,0,54.0,0,0.6,0,0.31,0,11.8,0,0.0,1,2.4,0,54.0,0,0.8,0,0.49,0,15.0,0,0.0,1,2.6,0,53.0,0,0.0,0,0.07,0,13.0,0,0.0,1,1.5,0,40.0,0,1.0,0,0.52,0,11.6,0,0.0,1,1.0,0,45.0,0,1.0,0,0.54,0,14.5,0,0.0,1,1.7,0,51.0,0,0.8,0,0.51,0,-0.9659258262890683,-0.25881904510252063,0.0,1.0,-0.8660254037844386,0.5000000000000001,0
2025-11-03 18:00:00,70775.0,12.5,0,0.0,1,1.0,0,52.0,0,0.4,0,0.11,0,12.9,0,0.0,1,2.7,0,59.0,0,0.0,0,0.03,0,10.0,0,0.0,1,0.8,0,59.0,0,0.0,0,0.03,0,14.5,0,0.0,1,2.6,0,55.0,0,0.0,0,0.01,0,10.9,0,0.0,1,1.8,0,46.0,0,0.1,0,0.04,0,9.7,0,0.0,1,1.1,0,55.0,0,0.3,0,0.05,0,13.5,0,0.0,1,1.8,0,55.0,0,0.0,0,0.03,0,-1.0,-1.8369701987210297e-16,0.0,1.0,-0.8660254037844386,0.5000000000000001,0
2025-11-03 19:00:00,71072.0,11.0,0,0.0,1,0.9,0,61.0,0,0.0,1,0.0,1,11.6,0,0.0,1,1.9,0,66.0,0,0.0,1,0.0,1,9.3,0,0.0,1,1.3,0,65.0,0,0.0,1,0.0,1,14.0,0,0.0,1,2.5,0,55.0,0,0.0,1,0.0,1,9.5,0,0.0,1,1.9,0,53.0,0,0.0,1,0.0,1,8.7,0,0.0,1,1.7,0,59.0,0,0.0,1,0.0,1,12.7,0,0.0,1,1.9,0,60.0,0,0.0,1,0.0,1,-0.9659258262890684,0.2588190451025203,0.0,1.0,-0.8660254037844386,0.5000000000000001,0
2025-11-03 20:00:00,69915.0,10.0,0,0.0,1,0.3,0,66.0,0,0.0,1,0.0,1,10.6,0,0.0,1,2.2,0,70.0,0,0.0,1,0.0,1,7.7,0,0.0,1,1.1,0,76.0,0,0.0,1,0.0,1,13.5,0,0.0,1,3.0,0,55.0,0,0.0,1,0.0,1,8.7,0,0.0,1,0.9,0,56.0,0,0.0,1,0.0,1,8.4,0,0.0,1,1.5,0,67.0,0,0.0,1,0.0,1,12.5,0,0.0,1,2.1,0,64.0,0,0.0,1,0.0,1,-0.8660254037844386,0.5000000000000001,0.0,1.0,-0.8660254037844386,0.5000000000000001,0
2025-11-03 21:00:00,67660.0,9.7,0,0.0,1,1.2,0,65.0,0,0.0,1,0.0,1,10.1,0,0.0,1,1.3,0,72.0,0,0.0,1,0.0,1,6.7,0,0.0,1,1.3,0,82.0,0,0.0,1,0.0,1,13.3,0,0.0,1,3.0,0,57.0,0,0.0,1,0.0,1,7.8,0,0.0,1,0.4,0,61.0,0,0.0,1,0.0,1,7.6,0,0.0,1,1.1,0,64.0,0,0.0,1,0.0,1,12.4,0,0.0,1,1.4,0,66.0,0,0.0,1,0.0,1,-0.7071067811865477,0.7071067811865474,0.0,1.0,-0.8660254037844386,0.5000000000000001,0
2025-11-03 22:00:00,65450.0,8.8,0,0.0,1,0.4,0,71.0,0,0.0,1,0.0,1,8.6,0,0.0,1,0.8,0,82.0,0,0.0,1,0.0,1,6.0,0,0.0,1,1.4,0,85.0,0,0.0,1,0.0,1,13.2,0,0.0,1,2.1,0,57.0,0,0.0,1,0.0,1,7.6,0,0.0,1,0.9,0,65.0,0,0.0,1,0.0,1,7.6,0,0.0,1,1.0,0,63.0,0,0.0,1,0.0,1,12.0,0,0.0,1,2.1,0,67.0,0,0.0,1,0.0,1,-0.5000000000000004,0.8660254037844384,0.0,1.0,-0.8660254037844386,0.5000000000000001,0
2025-11-03 23:00:00,64462.0,8.9,0,0.0,1,0.6,0,71.0,0,0.0,1,0.0,1,7.4,0,0.0,1,0.0,0,86.0,0,0.0,1,0.0,1,5.7,0,0.0,1,1.4,0,86.0,0,0.0,1,0.0,1,13.3,0,0.0,1,1.8,0,58.0,0,0.0,1,0.0,1,7.0,0,0.0,1,1.8,0,66.0,0,0.0,1,0.0,1,7.8,0,0.0,1,1.5,0,77.0,0,0.0,1,0.0,1,11.7,0,0.0,1,2.0,0,65.0,0,0.0,1,0.0,1,-0.25881904510252157,0.9659258262890681,0.0,1.0,-0.8660254037844386,0.5000000000000001,0
2025-11-04 00:00:00,62780.0,8.0,0,0.0,1,0.7,0,75.0,0,0.0,1,0.0,1,7.0,0,0.0,1,1.5,0,90.0,0,0.0,1,0.0,1,5.2,0,0.0,1,0.5,0,88.0,0,0.0,1,0.0,1,13.4,0,0.0,1,2.0,0,59.0,0,0.0,1,0.0,1,6.7,0,0.0,1,1.2,0,69.0,0,0.0,1,0.0,1,7.5,0,0.0,1,1.3,0,68.0,0,0.0,1,0.0,1,12.5,0,0.0,1,2.7,0,66.0,0,0.0,1,0.0,1,0.0,1.0,0.7818314824680298,0.6234898018587336,-0.8660254037844386,0.5000000000000001,0
2025-11-04 01:00:00,58774.0,8.2,0,0.0,1,0.4,0,75.0,0,0.0,1,0.0,1,6.3,0,0.0,1,1.3,0,92.0,0,0.0,1,0.0,1,5.1,0,0.0,1,1.5,0,88.0,0,0.0,1,0.0,1,13.4,0,0.0,1,2.1,0,58.0,0,0.0,1,0.0,1,6.6,0,0.0,1,1.6,0,69.0,0,0.0,1,0.0,1,6.9,0,0.0,1,0.9,0,68.0,0,0.0,1,0.0,1,13.1,0,0.0,1,2.2,0,69.0,0,0.0,1,0.0,1,0.25881904510252074,0.9659258262890683,0.7818314824680298,0.6234898018587336,-0.8660254037844386,0.5000000000000001,0
2025-11-04 02:00:00,56435.0,8.2,0,0.0,1,0.3,0,78.0,0,0.0,1,0.0,1,6.1,0,0.0,1,1.7,0,93.0,0,0.0,1,0.0,1,5.1,0,0.0,1,1.6,0,89.0,0,0.0,1,0.0,1,13.1,0,0.0,1,2.0,0,58.0,0,0.0,1,0.0,1,6.5,0,0.0,1,1.3,0,71.0,0,0.0,1,0.0,1,7.4,0,0.0,1,0.8,0,72.0,0,0.0,1,0.0,1,13.8,0,0.0,1,1.4,0,70.0,0,0.0,1,0.0,1,0.49999999999999994,0.8660254037844387,0.7818314824680298,0.6234898018587336,-0.8660254037844386,0.5000000000000001,0
2025-11-04 03:00:00,55137.0,8.4,0,0.0,1,0.3,0,75.0,0,0.0,1,0.0,1,5.4,0,0.0,1,0.9,0,93.0,0,0.0,1,0.0,1,5.0,0,0.0,1,0.0,0,90.0,0,0.0,1,0.0,1,12.7,0,0.0,1,1.5,0,57.0,0,0.0,1,0.0,1,6.5,0,0.0,1,1.5,0,71.0,0,0.0,1,0.0,1,7.0,0,0.0,1,1.6,0,75.0,0,0.0,1,0.0,1,14.5,0,0.0,1,1.3,0,71.0,0,0.0,1,0.0,1,0.7071067811865475,0.7071067811865476,0.7818314824680298,0.6234898018587336,-0.8660254037844386,0.5000000000000001,0
2025-11-04 04:00:00,54560.0,7.7,0,0.0,1,0.6,0,79.0,0,0.0,1,0.0,1,5.1,0,0.0,1,0.7,0,94.0,0,0.0,1,0.0,1,4.7,0,0.0,1,1.8,0,92.0,0,0.0,1,0.0,1,12.2,0,0.0,1,2.2,0,58.0,0,0.0,1,0.0,1,6.1,0,0.0,1,1.9,0,74.0,0,0.0,1,0.0,1,6.4,0,0.0,1,1.6,0,76.0,0,0.0,1,0.0,1,14.6,0,0.0,1,0.5,0,71.0,0,0.0,1,0.0,1,0.8660254037844386,0.5000000000000001,0.7818314824680298,0.6234898018587336,-0.8660254037844386,0.5000000000000001,0
2025-11-04 05:00:00,54962.0,7.9,0,0.0,1,0.8,0,81.0,0,0.0,1,0.0,1,5.1,0,0.0,1,0.2,0,95.0,0,0.0,1,0.0,1,5.0,0,0.0,1,0.5,0,91.0,0,0.0,1,0.0,1,12.0,0,0.0,1,2.2,0,60.0,0,0.0,1,0.0,1,6.0,0,0.0,1,0.8,0,73.0,0,0.0,1,0.0,1,6.1,0,0.0,1,1.7,0,79.0,0,0.0,1,0.0,1,14.6,0,0.0,1,1.7,0,72.0,0,0.0,1,0.0,1,0.9659258262890683,0.25881904510252074,0.7818314824680298,0.6234898018587336,-0.8660254037844386,0.5000000000000001,0
2025-11-04 06:00:00,56615.0,7.9,0,0.0,1,0.5,0,81.0,0,0.0,1,0.0,1,4.9,0,0.0,1,2.0,0,95.0,0,0.0,1,0.0,1,4.6,0,0.0,1,1.0,0,93.0,0,0.0,1,0.0,1,12.0,0,0.0,1,2.2,0,61.0,0,0.0,1,0.0,1,5.7,0,0.0,1,1.7,0,75.0,0,0.0,1,0.0,1,5.8,0,0.0,1,2.1,0,78.0,0,0.0,1,0.0,1,14.6,0,0.0,1,2.5,0,73.0,0,0.0,1,0.0,1,1.0,6.123233995736766e-17,0.7818314824680298,0.6234898018587336,-0.8660254037844386,0.5000000000000001,0
2025-11-04 07:00:00,60170.0,7.5,0,0.0,1,0.5,0,84.0,0,0.0,0,0.06,0,4.7,0,0.0,1,0.4,0,94.0,0,0.0,0,0.0,0,4.5,0,0.0,1,1.2,0,94.0,0,0.0,0,0.0,0,12.3,0,0.0,1,1.4,0,59.0,0,0.0,0,0.0,0,5.7,0,0.0,1,1.3,0,75.0,0,0.0,1,0.0,1,5.8,0,0.0,1,1.8,0,74.0,0,0.0,1,0.0,1,14.8,0,0.0,1,1.3,0,74.0,0,0.0,0,0.0,0,0.9659258262890683,-0.25881904510252063,0.7818314824680298,0.6234898018587336,-0.8660254037844386,0.5000000000000001,0
2025-11-04 08:00:00,64512.0,8.1,0,0.0,1,0.3,0,82.0,0,0.2,0,0.24,0,6.2,0,0.0,1,0.2,0,92.0,0,0.4,0,0.2,0,5.5,0,0.0,1,0.6,0,91.0,0,0.3,0,0.16,0,14.1,0,0.0,1,1.2,0,61.0,0,0.7,0,0.27,0,6.3,0,0.0,1,1.2,0,76.0,0,0.2,0,0.14,0,6.5,0,0.0,1,1.3,0,71.0,0,0.0,0,0.12,0,15.1,0,0.0,1,0.9,0,73.0,0,0.0,0,0.04,0,0.8660254037844387,-0.49999999999999983,0.7818314824680298,0.6234898018587336,-0.8660254037844386,0.5000000000000001,0
2025-11-04 09:00:00,66552.0,9.7,0,0.0,1,0.3,0,76.0,0,0.9,0,0.76,0,8.5,0,0.0,1,0.7,0,79.0,0,1.0,0,0.81,0,8.3,0,0.0,1,0.4,0,79.0,0,0.6,0,0.63,0,16.6,0,0.0,1,2.6,0,53.0,0,1.0,0,0.95,0,8.1,0,0.0,1,1.8,0,73.0,0,0.8,0,0.69,0,8.1,0,0.0,1,1.0,0,70.0,0,0.7,0,0.57,0,16.1,0,0.0,1,1.0,0,69.0,0,0.0,0,0.32,0,0.7071067811865476,-0.7071067811865475,0.7818314824680298,0.6234898018587336,-0.8660254037844386,0.5000000000000001,0
2025-11-04 10:00:00,64026.0,11.7,0,0.0,1,0.9,0,69.0,0,0.5,0,1.15,0,11.4,0,0.0,1,0.7,0,68.0,0,1.0,0,1.4,0,11.2,0,0.0,1,0.3,0,65.0,0,1.0,0,1.42,0,18.8,0,0.0,1,1.9,0,51.0,0,1.0,0,1.6,0,10.7,0,0.0,1,1.2,0,61.0,0,1.0,0,1.42,0,10.1,0,0.0,1,1.1,0,65.0,0,1.0,0,1.28,0,17.1,0,0.0,1,1.8,0,65.0,0,0.0,0,0.5,0,0.49999999999999994,-0.8660254037844387,0.7818314824680298,0.6234898018587336,-0.8660254037844386,0.5000000000000001,0
2025-11-04 11:00:00,61236.0,14.6,0,0.0,1,0.5,0,62.0,0,1.0,0,2.17,0,13.4,0,0.0,1,1.7,0,59.0,0,1.0,0,1.87,0,13.2,0,0.0,1,0.4,0,58.0,0,0.6,0,1.59,0,19.7,0,0.0,1,2.3,0,55.0,0,1.0,0,2.07,0,12.8,0,0.0,1,0.5,0,53.0,0,1.0,0,1.86,0,11.3,0,0.0,1,1.1,0,59.0,0,1.0,0,1.77,0,18.6,0,0.0,1,1.6,0,63.0,0,0.4,0,1.17,0,0.258819045102521,-0.9659258262890682,0.7818314824680298,0.6234898018587336,-0.8660254037844386,0.5000000000000001,0
2025-11-04 12:00:00,58059.0,16.1,0,0.0,1,0.9,0,58.0,0,1.0,0,2.33,0,16.0,0,0.0,1,1.1,0,50.0,0,1.0,0,2.16,0,15.9,0,0.0,1,1.7,0,51.0,0,1.0,0,2.13,0,20.0,0,0.0,1,2.5,0,49.0,0,0.8,0,1.99,0,14.6,0,0.0,1,1.6,0,54.0,0,1.0,0,2.17,0,12.8,0,0.0,1,1.5,0,59.0,0,1.0,0,2.04,0,18.6,0,0.0,1,2.9,0,63.0,0,0.2,0,1.01,0,1.2246467991473532e-16,-1.0,0.7818314824680298,0.6234898018587336,-0.8660254037844386,0.5000000000000001,0
2025-11-04 13:00:00,54483.0,18.4,0,0.0,1,0.9,0,53.0,0,1.0,0,2.32,0,17.2,0,0.0,1,1.2,0,45.0,0,1.0,0,2.21,0,17.7,0,0.0,1,0.8,0,50.0,0,1.0,0,2.27,0,20.1,0,0.0,1,2.8,0,50.0,0,0.5,0,1.49,0,15.2,0,0.0,1,2.4,0,50.0,0,1.0,0,2.22,0,13.6,0,0.0,1,1.8,0,54.0,0,1.0,0,2.19,0,18.8,0,0.0,1,4.0,0,67.0,0,0.1,0,1.25,0,-0.2588190451025208,-0.9659258262890683,0.7818314824680298,0.6234898018587336,-0.8660254037844386,0.5000000000000001,0
2025-11-04 14:00:00,58183.0,18.6,0,0.0,1,1.1,0,53.0,0,1.0,0,2.13,0,18.0,0,0.0,1,1.2,0,41.0,0,1.0,0,2.07,0,16.6,0,0.0,1,0.8,0,52.0,0,0.8,0,1.68,0,18.3,0,0.0,1,3.3,0,54.0,0,0.4,0,1.24,0,15.7,0,0.0,1,2.5,0,48.0,0,1.0,0,2.06,0,14.2,0,0.0,1,2.2,0,53.0,0,1.0,0,2.02,0,18.3,0,0.0,1,2.8,0,68.0,0,0.1,0,1.08,0,-0.4999999999999998,-0.8660254037844388,0.7818314824680298,0.6234898018587336,-0.8660254037844386,0.5000000000000001,0
2025-11-04 15:00:00,61020.0,18.7,0,0.0,1,1.3,0,53.0,0,1.0,0,1.76,0,19.3,0,0.0,1,0.9,0,40.0,0,1.0,0,1.66,0,17.9,0,0.0,1,1.2,0,47.0,0,0.9,0,1.32,0,19.4,0,0.0,1,1.9,0,51.0,0,0.5,0,1.37,0,16.2,0,0.0,1,2.2,0,42.0,0,1.0,0,1.6,0,14.1,0,0.0,1,2.2,0,52.0,0,1.0,0,1.61,0,18.3,0,0.0,1,2.1,0,68.0,0,0.0,0,0.75,0,-0.7071067811865471,-0.7071067811865479,0.7818314824680298,0.6234898018587336,-0.8660254037844386,0.5000000000000001,0
2025-11-04 16:00:00,64605.0,18.4,0,0.0,1,1.0,0,53.0,0,0.9,0,1.08,0,19.2,0,0.0,1,1.0,0,39.0,0,1.0,0,1.03,0,17.8,0,0.0,1,1.0,0,47.0,0,1.0,0,1.04,0,18.7,0,0.0,1,1.4,0,51.0,0,0.8,0,1.11,0,15.3,0,0.0,1,1.8,0,44.0,0,1.0,0,1.01,0,13.7,0,0.0,1,1.8,0,48.0,0,1.0,0,1.07,0,18.1,0,0.0,1,1.4,0,69.0,0,0.0,0,0.29,0,-0.8660254037844384,-0.5000000000000004,0.7818314824680298,0.6234898018587336,-0.8660254037844386,0.5000000000000001,0
2025-11-04 17:00:00,68602.0,17.2,0,0.0,1,0.3,0,57.0,0,0.9,0,0.49,0,17.2,0,0.0,1,0.7,0,46.0,0,0.7,0,0.29,0,15.7,0,0.0,1,1.3,0,52.0,0,0.8,0,0.45,0,17.5,0,0.0,1,2.0,0,55.0,0,0.8,0,0.41,0,14.0,0,0.0,1,1.7,0,45.0,0,1.0,0,0.43,0,12.4,0,0.0,1,1.9,0,46.0,0,1.0,0,0.45,0,18.1,0,0.0,1,1.7,0,71.0,0,0.0,0,0.14,0,-0.9659258262890683,-0.25881904510252063,0.7818314824680298,0.6234898018587336,-0.8660254037844386,0.5000000000000001,0
2025-11-04 18:00:00,70095.0,15.6,0,0.0,1,0.9,0,65.0,0,0.1,0,0.11,0,14.4,0,0.0,1,0.3,0,59.0,0,0.0,0,0.02,0,14.5,0,0.0,1,1.8,0,55.0,0,0.0,0,0.03,0,15.9,0,0.0,1,1.4,0,59.0,0,0.0,0,0.04,0,12.4,0,0.0,1,2.1,0,48.0,0,0.0,0,0.04,0,11.4,0,0.0,1,2.5,0,61.0,0,0.1,0,0.04,0,17.5,0,0.0,1,3.0,0,71.0,0,0.0,0,0.0,0,-1.0,-1.8369701987210297e-16,0.7818314824680298,0.6234898018587336,-0.8660254037844386,0.5000000000000001,0
2025-11-04 19:00:00,70465.0,13.8,0,0.0,1,0.5,0,71.0,0,0.0,1,0.0,1,12.4,0,0.0,1,0.5,0,71.0,0,0.0,1,0.0,1,11.8,0,0.0,1,2.2,0,74.0,0,0.0,1,0.0,1,15.2,0,0.0,1,0.3,0,63.0,0,0.0,1,0.0,1,11.3,0,0.0,1,1.3,0,53.0,0,0.0,1,0.0,1,10.5,0,0.0,1,1.7,0,58.0,0,0.0,1,0.0,1,16.7,0,0.0,1,2.2,0,71.0,0,0.0,1,0.0,1,-0.9659258262890684,0.2588190451025203,0.7818314824680298,0.6234898018587336,-0.8660254037844386,0.5000000000000001,0
2025-11-04 20:00:00,69205.0,13.7,0,0.0,1,0.9,0,74.0,0,0.0,1,0.0,1,11.3,0,0.0,1,0.3,0,74.0,0,0.0,1,0.0,1,11.0,0,0.0,1,1.2,0,72.0,0,0.0,1,0.0,1,14.7,0,0.0,1,0.2,0,63.0,0,0.0,1,0.0,1,10.3,0,0.0,1,1.1,0,54.0,0,0.0,1,0.0,1,9.9,0,0.0,1,1.5,0,57.0,0,0.0,1,0.0,1,16.1,0,0.0,1,1.7,0,67.0,0,0.0,1,0.0,1,-0.8660254037844386,0.5000000000000001,0.7818314824680298,0.6234898018587336,-0.8660254037844386,0.5000000000000001,0
2025-11-04 21:00:00,67093.0,12.8,0,0.0,1,0.5,0,79.0,0,0.0,1,0.0,1,10.1,0,0.0,1,0.4,0,82.0,0,0.0,1,0.0,1,10.1,0,0.0,1,1.6,0,78.0,0,0.0,1,0.0,1,14.4,0,0.0,1,0.4,0,66.0,0,0.0,1,0.0,1,9.6,0,0.0,1,0.2,0,58.0,0,0.0,1,0.0,1,9.7,0,0.0,1,1.8,0,60.0,0,0.0,1,0.0,1,16.3,0,0.0,1,1.7,0,68.0,0,0.0,1,0.0,1,-0.7071067811865477,0.7071067811865474,0.7818314824680298,0.6234898018587336,-0.8660254037844386,0.5000000000000001,0
2025-11-04 22:00:00,65102.0,12.0,0,0.0,1,0.5,0,82.0,0,0.0,1,0.0,1,9.8,0,0.0,1,1.5,0,85.0,0,0.0,1,0.0,1,9.4,0,0.0,1,0.3,0,81.0,0,0.0,1,0.0,1,14.0,0,0.0,1,0.6,0,67.0,0,0.0,1,0.0,1,9.0,0,0.0,1,0.7,0,62.0,0,0.0,1,0.0,1,9.3,0,0.0,1,1.7,0,61.0,0,0.0,1,0.0,1,16.5,0,0.0,1,1.1,0,66.0,0,0.0,1,0.0,1,-0.5000000000000004,0.8660254037844384,0.7818314824680298,0.6234898018587336,-0.8660254037844386,0.5000000000000001,0
2025-11-04 23:00:00,63999.0,11.2,0,0.0,1,0.1,0,85.0,0,0.0,1,0.0,1,8.9,0,0.0,1,0.6,0,89.0,0,0.0,1,0.0,1,8.5,0,0.0,1,0.0,0,86.0,0,0.0,1,0.0,1,13.6,0,0.0,1,0.3,0,68.0,0,0.0,1,0.0,1,8.7,0,0.0,1,0.8,0,58.0,0,0.0,1,0.0,1,8.6,0,0.0,1,0.7,0,64.0,0,0.0,1,0.0,1,16.3,0,0.0,1,1.9,0,66.0,0,0.0,1,0.0,1,-0.25881904510252157,0.9659258262890681,0.7818314824680298,0.6234898018587336,-0.8660254037844386,0.5000000000000001,0
2025-11-05 00:00:00,62142.0,10.4,0,0.0,1,1.5,0,86.0,0,0.0,1,0.0,1,8.5,0,0.0,1,1.3,0,90.0,0,0.0,1,0.0,1,7.8,0,0.0,1,0.9,0,88.0,0,0.0,1,0.0,1,13.3,0,0.0,1,0.6,0,69.0,0,0.0,1,0.0,1,8.1,0,0.0,1,0.6,0,64.0,0,0.0,1,0.0,1,8.4,0,0.0,1,0.8,0,68.0,0,0.0,1,0.0,1,16.1,0,0.0,1,1.5,0,67.0,0,0.0,1,0.0,1,0.0,1.0,0.9749279121818236,-0.22252093395631434,-0.8660254037844386,0.5000000000000001,0
2025-11-05 01:00:00,58249.0,10.4,0,0.0,1,0.3,0,87.0,0,0.0,1,0.0,1,7.8,0,0.0,1,0.6,0,93.0,0,0.0,1,0.0,1,7.1,0,0.0,1,0.6,0,91.0,0,0.0,1,0.0,1,13.0,0,0.0,1,0.4,0,71.0,0,0.0,1,0.0,1,7.9,0,0.0,1,1.6,0,60.0,0,0.0,1,0.0,1,8.3,0,0.0,1,1.2,0,73.0,0,0.0,1,0.0,1,15.8,0,0.0,1,1.7,0,68.0,0,0.0,1,0.0,1,0.25881904510252074,0.9659258262890683,0.9749279121818236,-0.22252093395631434,-0.8660254037844386,0.5000000000000001,0
2025-11-05 02:00:00,56053.0,9.6,0,0.0,1,0.6,0,86.0,0,0.0,1,0.0,1,7.3,0,0.0,1,1.1,0,94.0,0,0.0,1,0.0,1,6.4,0,0.0,1,1.6,0,93.0,0,0.0,1,0.0,1,12.9,0,0.0,1,0.8,0,71.0,0,0.0,1,0.0,1,7.5,0,0.0,1,1.5,0,63.0,0,0.0,1,0.0,1,8.3,0,0.0,1,1.7,0,74.0,0,0.0,1,0.0,1,15.7,0,0.0,1,1.5,0,69.0,0,0.0,1,0.0,1,0.49999999999999994,0.8660254037844387,0.9749279121818236,-0.22252093395631434,-0.8660254037844386,0.5000000000000001,0
2025-11-05 03:00:00,54987.0,8.9,0,0.0,1,0.1,0,89.0,0,0.0,1,0.0,1,6.8,0,0.0,1,1.6,0,95.0,0,0.0,1,0.0,1,6.0,0,0.0,1,0.0,0,94.0,0,0.0,1,0.0,1,12.6,0,0.0,1,0.1,0,71.0,0,0.0,1,0.0,1,7.0,0,0.0,1,1.8,0,66.0,0,0.0,1,0.0,1,7.9,0,0.0,1,2.5,0,74.0,0,0.0,1,0.0,1,15.6,0,0.0,1,2.5,0,67.0,0,0.0,1,0.0,1,0.7071067811865475,0.7071067811865476,0.9749279121818236,-0.22252093395631434,-0.8660254037844386,0.5000000000000001,0
2025-11-05 04:00:00,54507.0,8.8,0,0.0,1,0.0,0,90.0,0,0.0,1,0.0,1,6.5,0,0.0,1,1.2,0,95.0,0,0.0,1,0.0,1,5.6,0,0.0,1,0.0,0,95.0,0,0.0,1,0.0,1,12.6,0,0.0,1,1.0,0,71.0,0,0.0,1,0.0,1,6.8,0,0.0,1,1.2,0,69.0,0,0.0,1,0.0,1,7.6,0,0.0,1,1.9,0,73.0,0,0.0,1,0.0,1,15.4,0,0.0,1,2.1,0,65.0,0,0.0,1,0.0,1,0.8660254037844386,0.5000000000000001,0.9749279121818236,-0.22252093395631434,-0.8660254037844386,0.5000000000000001,0
2025-11-05 05:00:00,54876.0,8.4,0,0.0,1,0.4,0,91.0,0,0.0,1,0.0,1,6.0,0,0.0,1,0.2,0,95.0,0,0.0,1,0.0,1,5.3,0,0.0,1,1.2,0,95.0,0,0.0,1,0.0,1,12.7,0,0.0,1,0.5,0,74.0,0,0.0,1,0.0,1,6.4,0,0.0,1,1.2,0,71.0,0,0.0,1,0.0,1,7.4,0,0.0,1,1.3,0,76.0,0,0.0,1,0.0,1,15.3,0,0.0,1,2.6,0,65.0,0,0.0,1,0.0,1,0.9659258262890683,0.25881904510252074,0.9749279121818236,-0.22252093395631434,-0.8660254037844386,0.5000000000000001,0
2025-11-05 06:00:00,56632.0,8.3,0,0.0,1,0.0,0,92.0,0,0.0,1,0.0,1,5.9,0,0.0,1,1.3,0,96.0,0,0.0,1,0.0,1,5.0,0,0.0,1,0.0,0,95.0,0,0.0,1,0.0,1,12.4,0,0.0,1,1.0,0,75.0,0,0.0,1,0.0,1,6.1,0,0.0,1,2.0,0,73.0,0,0.0,1,0.0,1,7.1,0,0.0,1,1.2,0,76.0,0,0.0,1,0.0,1,15.2,0,0.0,1,2.6,0,65.0,0,0.0,1,0.0,1,1.0,6.123233995736766e-17,0.9749279121818236,-0.22252093395631434,-0.8660254037844386,0.5000000000000001,0
2025-11-05 07:00:00,60263.0,7.9,0,0.0,1,0.3,0,92.0,0,0.0,0,0.06,0,5.6,0,0.0,1,0.5,0,96.0,0,0.0,0,0.0,0,5.2,0,0.0,1,0.5,0,96.0,0,0.0,0,0.0,0,12.0,0,0.0,1,0.7,0,73.0,0,0.0,0,0.0,0,5.7,0,0.0,1,1.8,0,76.0,0,0.0,1,0.0,1,7.0,0,0.0,1,1.9,0,73.0,0,0.0,1,0.0,1,15.0,0,0.0,1,2.1,0,67.0,0,0.0,0,0.0,0,0.9659258262890683,-0.25881904510252063,0.9749279121818236,-0.22252093395631434,-0.8660254037844386,0.5000000000000001,0
2025-11-05 08:00:00,64799.0,8.5,0,0.0,1,0.0,0,92.0,0,0.2,0,0.22,0,7.0,0,0.0,1,1.0,0,95.0,0,0.6,0,0.2,0,6.1,0,0.0,1,0.3,0,98.0,0,0.0,0,0.08,0,13.6,0,0.0,1,0.6,0,67.0,0,0.7,0,0.27,0,5.9,0,0.0,1,2.5,0,78.0,0,0.5,0,0.15,0,8.0,0,0.0,1,2.7,0,72.0,0,0.0,0,0.1,0,15.2,0,0.0,1,1.6,0,69.0,0,0.2,0,0.08,0,0.8660254037844387,-0.49999999999999983,0.9749279121818236,-0.22252093395631434,-0.8660254037844386,0.5000000000000001,0
2025-11-05 09:00:00,66832.0,10.6,0,0.0,1,0.3,0,82.0,0,1.0,0,0.91,0,9.0,0,0.0,1,1.2,0,84.0,0,1.0,0,0.78,0,7.5,0,0.0,1,0.3,0,97.0,0,0.0,0,0.27,0,17.2,0,0.0,1,1.0,0,57.0,0,1.0,0,0.96,0,8.1,0,0.0,1,1.3,0,73.0,0,1.0,0,0.72,0,9.5,0,0.0,1,0.9,0,72.0,0,0.9,0,0.64,0,17.8,0,0.0,1,1.9,0,63.0,0,0.8,0,0.74,0,0.7071067811865476,-0.7071067811865475,0.9749279121818236,-0.22252093395631434,-0.8660254037844386,0.5000000000000001,0
2025-11-05 10:00:00,63951.0,13.6,0,0.0,1,0.6,0,72.0,0,1.0,0,1.56,0,11.3,0,0.0,1,0.7,0,76.0,0,1.0,0,1.37,0,9.8,0,0.0,1,0.9,0,84.0,0,0.5,0,1.09,0,19.3,0,0.0,1,2.2,0,51.0,0,1.0,0,1.61,0,11.2,0,0.0,1,1.3,0,62.0,0,1.0,0,1.39,0,11.9,0,0.0,1,1.5,0,63.0,0,1.0,0,1.27,0,20.0,0,0.0,1,3.9,0,53.0,0,0.7,0,1.22,0,0.49999999999999994,-0.8660254037844387,0.9749279121818236,-0.22252093395631434,-0.8660254037844386,0.5000000000000001,0
2025-11-05 11:00:00,60375.0,15.7,0,0.0,1,0.9,0,62.0,0,1.0,0,2.06,0,14.0,0,0.0,1,1.2,0,61.0,0,1.0,0,1.85,0,12.6,0,0.0,1,0.2,0,68.0,0,1.0,0,1.71,0,20.5,0,0.0,1,2.4,0,54.0,0,1.0,0,2.05,0,14.1,0,0.0,1,1.0,0,53.0,0,1.0,0,1.87,0,14.0,0,0.0,1,2.4,0,55.0,0,1.0,0,1.78,0,20.4,0,0.0,1,3.4,0,51.0,0,0.7,0,1.5,0,0.258819045102521,-0.9659258262890682,0.9749279121818236,-0.22252093395631434,-0.8660254037844386,0.5000000000000001,0
2025-11-05 12:00:00,57203.0,17.5,0,0.0,1,0.3,0,51.0,0,1.0,0,2.27,0,16.0,0,0.0,1,1.2,0,54.0,0,1.0,0,2.11,0,15.2,0,0.0,1,0.9,0,59.0,0,1.0,0,1.96,0,21.2,0,0.0,1,2.6,0,51.0,0,1.0,0,2.31,0,16.0,0,0.0,1,1.5,0,48.0,0,1.0,0,2.16,0,15.8,0,0.0,1,1.9,0,54.0,0,1.0,0,2.09,0,20.4,0,0.0,1,4.7,0,55.0,0,0.8,0,2.04,0,1.2246467991473532e-16,-1.0,0.9749279121818236,-0.22252093395631434,-0.8660254037844386,0.5000000000000001,0
2025-11-05 13:00:00,54057.0,18.7,0,0.0,1,0.9,0,47.0,0,1.0,0,2.41,0,17.6,0,0.0,1,1.6,0,47.0,0,1.0,0,2.15,0,17.0,0,0.0,1,1.7,0,45.0,0,1.0,0,2.04,0,21.0,0,0.0,1,2.8,0,49.0,0,1.0,0,2.41,0,16.8,0,0.0,1,1.7,0,45.0,0,1.0,0,2.22,0,16.5,0,0.0,1,3.1,0,46.0,0,1.0,0,2.19,0,20.8,0,0.0,1,5.0,0,54.0,0,0.9,0,2.22,0,-0.2588190451025208,-0.9659258262890683,0.9749279121818236,-0.22252093395631434,-0.8660254037844386,0.5000000000000001,0
2025-11-05 14:00:00,57998.0,19.8,0,0.0,1,0.9,0,45.0,0,1.0,0,2.21,0,18.8,0,0.0,1,1.1,0,43.0,0,1.0,0,1.98,0,18.0,0,0.0,1,0.6,0,44.0,0,1.0,0,1.86,0,20.7,0,0.0,1,3.2,0,51.0,0,1.0,0,2.09,0,18.5,0,0.0,1,1.2,0,41.0,0,1.0,0,2.07,0,17.2,0,0.0,1,2.9,0,44.0,0,1.0,0,2.03,0,21.0,0,0.0,1,4.7,0,54.0,0,1.0,0,2.09,0,-0.4999999999999998,-0.8660254037844388,0.9749279121818236,-0.22252093395631434,-0.8660254037844386,0.5000000000000001,0
2025-11-05 15:00:00,61339.0,20.4,0,0.0,1,0.5,0,43.0,0,1.0,0,1.78,0,20.1,0,0.0,1,0.7,0,38.0,0,1.0,0,1.6,0,18.4,0,0.0,1,1.1,0,42.0,0,1.0,0,1.53,0,20.5,0,0.0,1,2.9,0,53.0,0,1.0,0,1.62,0,18.7,0,0.0,1,1.2,0,38.0,0,1.0,0,1.65,0,16.8,0,0.0,1,2.5,0,45.0,0,1.0,0,1.34,0,21.0,0,0.0,1,4.7,0,55.0,0,1.0,0,1.78,0,-0.7071067811865471,-0.7071067811865479,0.9749279121818236,-0.22252093395631434,-0.8660254037844386,0.5000000000000001,0
2025-11-05 16:00:00,64820.0,20.0,0,0.0,1,0.4,0,41.0,0,1.0,0,1.18,0,19.8,0,0.0,1,0.8,0,39.0,0,1.0,0,0.97,0,17.9,0,0.0,1,1.3,0,47.0,0,1.0,0,0.84,0,19.3,0,0.0,1,2.9,0,57.0,0,0.8,0,0.89,0,18.7,0,0.0,1,2.2,0,40.0,0,1.0,0,1.07,0,17.0,0,0.0,1,2.7,0,43.0,0,1.0,0,1.13,0,20.2,0,0.0,1,4.2,0,57.0,0,0.8,0,1.03,0,-0.8660254037844384,-0.5000000000000004,0.9749279121818236,-0.22252093395631434,-0.8660254037844386,0.5000000000000001,0
2025-11-05 17:00:00,68317.0,18.7,0,0.0,1,1.0,0,45.0,0,1.0,0,0.56,0,18.3,0,0.0,1,0.4,0,43.0,0,1.0,0,0.42,0,15.3,0,0.0,1,1.3,0,55.0,0,0.8,0,0.42,0,18.3,0,0.0,1,2.3,0,63.0,0,0.8,0,0.39,0,17.3,0,0.0,1,1.7,0,44.0,0,1.0,0,0.39,0,15.6,0,0.0,1,2.5,0,57.0,0,1.0,0,0.44,0,19.7,0,0.0,1,2.9,0,58.0,0,0.7,0,0.49,0,-0.9659258262890683,-0.25881904510252063,0.9749279121818236,-0.22252093395631434,-0.8660254037844386,0.5000000000000001,0
2025-11-05 18:00:00,69375.0,17.2,0,0.0,1,0.5,0,52.0,0,0.3,0,0.1,0,15.6,0,0.0,1,0.5,0,56.0,0,0.0,0,0.02,0,13.5,0,0.0,1,1.7,0,65.0,0,0.0,0,0.03,0,16.8,0,0.0,1,2.4,0,67.0,0,0.1,0,0.04,0,15.1,0,0.0,1,1.6,0,50.0,0,0.1,0,0.04,0,14.2,0,0.0,1,2.4,0,65.0,0,0.2,0,0.04,0,18.6,0,0.0,1,2.1,0,64.0,0,0.3,0,0.05,0,-1.0,-1.8369701987210297e-16,0.9749279121818236,-0.22252093395631434,-0.8660254037844386,0.5000000000000001,0
2025-11-05 19:00:00,69436.0,14.8,0,0.0,1,1.6,0,63.0,0,0.0,1,0.0,1,13.7,0,0.0,1,0.9,0,68.0,0,0.0,1,0.0,1,11.8,0,0.0,1,2.1,0,73.0,0,0.0,1,0.0,1,15.9,0,0.0,1,1.6,0,70.0,0,0.0,1,0.0,1,13.5,0,0.0,1,1.8,0,53.0,0,0.0,1,0.0,1,13.4,0,0.0,1,2.0,0,62.0,0,0.0,1,0.0,1,17.6,0,0.0,1,2.0,0,68.0,0,0.0,1,0.0,1,-0.9659258262890684,0.2588190451025203,0.9749279121818236,-0.22252093395631434,-0.8660254037844386,0.5000000000000001,0
2025-11-05 20:00:00,68501.0,14.0,0,0.0,1,1.4,0,64.0,0,0.0,1,0.0,1,12.7,0,0.0,1,0.8,0,71.0,0,0.0,1,0.0,1,10.6,0,0.0,1,0.1,0,78.0,0,0.0,1,0.0,1,15.5,0,0.0,1,2.0,0,71.0,0,0.0,1,0.0,1,12.7,0,0.0,1,1.3,0,60.0,0,0.0,1,0.0,1,13.0,0,0.0,1,1.9,0,60.0,0,0.0,1,0.0,1,17.1,0,0.0,1,1.2,0,69.0,0,0.0,1,0.0,1,-0.8660254037844386,0.5000000000000001,0.9749279121818236,-0.22252093395631434,-0.8660254037844386,0.5000000000000001,0
2025-11-05 21:00:00,66549.0,14.0,0,0.0,1,1.4,0,64.0,0,0.0,1,0.0,1,11.3,0,0.0,1,0.4,0,81.0,0,0.0,1,0.0,1,9.8,0,0.0,1,0.8,0,81.0,0,0.0,1,0.0,1,15.0,0,0.0,1,2.5,0,70.0,0,0.0,1,0.0,1,11.9,0,0.0,1,0.2,0,65.0,0,0.0,1,0.0,1,12.7,0,0.0,1,2.3,0,74.0,0,0.0,1,0.0,1,17.2,0,0.0,1,1.8,0,70.0,0,0.0,1,0.0,1,-0.7071067811865477,0.7071067811865474,0.9749279121818236,-0.22252093395631434,-0.8660254037844386,0.5000000000000001,0
2025-11-05 22:00:00,64743.0,12.8,0,0.0,1,0.8,0,72.0,0,0.0,1,0.0,1,10.8,0,0.0,1,0.4,0,85.0,0,0.0,1,0.0,1,8.9,0,0.0,1,0.3,0,86.0,0,0.0,1,0.0,1,14.7,0,0.0,1,2.4,0,70.0,0,0.0,1,0.0,1,11.5,0,0.0,1,0.9,0,63.0,0,0.0,1,0.0,1,12.1,0,0.0,1,2.0,0,76.0,0,0.0,1,0.0,1,16.8,0,0.0,1,1.8,0,71.0,0,0.0,1,0.0,1,-0.5000000000000004,0.8660254037844384,0.9749279121818236,-0.22252093395631434,-0.8660254037844386,0.5000000000000001,0
2025-11-05 23:00:00,64026.0,12.1,0,0.0,1,0.4,0,75.0,0,0.0,1,0.0,1,10.2,0,0.0,1,0.1,0,89.0,0,0.0,1,0.0,1,8.0,0,0.0,1,1.8,0,90.0,0,0.0,1,0.0,1,14.6,0,0.0,1,3.1,0,71.0,0,0.0,1,0.0,1,10.7,0,0.0,1,0.6,0,66.0,0,0.0,1,0.0,1,11.8,0,0.0,1,2.1,0,69.0,0,0.0,1,0.0,1,16.4,0,0.0,1,2.1,0,71.0,0,0.0,1,0.0,1,-0.25881904510252157,0.9659258262890681,0.9749279121818236,-0.22252093395631434,-0.8660254037844386,0.5000000000000001,0
2025-11-06 00:00:00,62124.0,11.4,0,0.0,1,0.3,0,79.0,0,0.0,1,0.0,1,9.6,0,0.0,1,0.4,0,92.0,0,0.0,1,0.0,1,7.5,0,0.0,1,0.1,0,92.0,0,0.0,1,0.0,1,14.7,0,0.0,1,2.5,0,73.0,0,0.0,1,0.0,1,10.1,0,0.0,1,1.4,0,67.0,0,0.0,1,0.0,1,11.3,0,0.0,1,1.9,0,69.0,0,0.0,1,0.0,1,16.3,0,0.0,1,2.2,0,71.0,0,0.0,1,0.0,1,0.0,1.0,0.43388373911755823,-0.900968867902419,-0.8660254037844386,0.5000000000000001,0
2025-11-06 01:00:00,58257.0,10.6,0,0.0,1,0.4,0,81.0,0,0.0,1,0.0,1,8.9,0,0.0,1,0.1,0,93.0,0,0.0,1,0.0,1,6.9,0,0.0,1,1.2,0,93.0,0,0.0,1,0.0,1,14.7,0,0.0,1,2.7,0,73.0,0,0.0,1,0.0,1,9.8,0,0.0,1,0.5,0,69.0,0,0.0,1,0.0,1,11.1,0,0.0,1,1.6,0,71.0,0,0.0,1,0.0,1,16.1,0,0.0,1,1.9,0,72.0,0,0.0,1,0.0,1,0.25881904510252074,0.9659258262890683,0.43388373911755823,-0.900968867902419,-0.8660254037844386,0.5000000000000001,0
2025-11-06 02:00:00,56057.0,10.5,0,0.0,1,0.9,0,82.0,0,0.0,1,0.0,1,8.5,0,0.0,1,0.9,0,94.0,0,0.0,1,0.0,1,6.7,0,0.0,1,1.1,0,93.0,0,0.0,1,0.0,1,14.8,0,0.0,1,3.4,0,74.0,0,0.0,1,0.0,1,9.4,0,0.0,1,1.5,0,71.0,0,0.0,1,0.0,1,10.8,0,0.0,1,2.7,0,78.0,0,0.0,1,0.0,1,16.1,0,0.0,1,1.9,0,73.0,0,0.0,1,0.0,1,0.49999999999999994,0.8660254037844387,0.43388373911755823,-0.900968867902419,-0.8660254037844386,0.5000000000000001,0
2025-11-06 03:00:00,54902.0,10.0,0,0.0,1,0.1,0,84.0,0,0.0,1,0.0,1,8.2,0,0.0,1,0.3,0,95.0,0,0.0,1,0.0,1,6.1,0,0.0,1,0.3,0,95.0,0,0.0,1,0.0,1,14.4,0,0.0,1,1.7,0,76.0,0,0.0,1,0.0,1,8.7,0,0.0,1,1.0,0,74.0,0,0.0,1,0.0,1,10.1,0,0.0,1,2.4,0,76.0,0,0.0,1,0.0,1,15.9,0,0.0,1,2.0,0,73.0,0,0.0,1,0.0,1,0.7071067811865475,0.7071067811865476,0.43388373911755823,-0.900968867902419,-0.8660254037844386,0.5000000000000001,0
2025-11-06 04:00:00,54483.0,9.3,0,0.0,1,0.4,0,86.0,0,0.0,1,0.0,1,8.0,0,0.0,1,0.6,0,95.0,0,0.0,1,0.0,1,5.5,0,0.0,1,1.9,0,95.0,0,0.0,1,0.0,1,13.7,0,0.0,1,1.4,0,78.0,0,0.0,1,0.0,1,8.1,0,0.0,1,2.2,0,77.0,0,0.0,1,0.0,1,9.9,0,0.0,1,2.3,0,78.0,0,0.0,1,0.0,1,15.9,0,0.0,1,1.5,0,73.0,0,0.0,1,0.0,1,0.8660254037844386,0.5000000000000001,0.43388373911755823,-0.900968867902419,-0.8660254037844386,0.5000000000000001,0
2025-11-06 05:00:00,54997.0,8.4,0,0.0,1,0.5,0,87.0,0,0.0,1,0.0,1,7.5,0,0.0,1,1.0,0,95.0,0,0.0,1,0.0,1,5.3,0,0.0,1,1.0,0,96.0,0,0.0,1,0.0,1,13.6,0,0.0,1,1.2,0,78.0,0,0.0,1,0.0,1,8.0,0,0.0,1,1.7,0,79.0,0,0.0,1,0.0,1,9.5,0,0.0,1,2.8,0,76.0,0,0.0,1,0.0,1,15.7,0,0.0,1,1.8,0,72.0,0,0.0,1,0.0,1,0.9659258262890683,0.25881904510252074,0.43388373911755823,-0.900968867902419,-0.8660254037844386,0.5000000000000001,0
2025-11-06 06:00:00,56725.0,8.0,0,0.0,1,0.0,0,89.0,0,0.0,1,0.0,1,7.2,0,0.0,1,0.3,0,96.0,0,0.0,1,0.0,1,5.8,0,0.0,1,0.0,0,98.0,0,0.0,1,0.0,1,13.4,0,0.0,1,1.3,0,79.0,0,0.0,1,0.0,1,7.8,0,0.0,1,1.3,0,80.0,0,0.0,1,0.0,1,9.1,0,0.0,1,2.2,0,79.0,0,0.0,1,0.0,1,15.8,0,0.0,1,1.7,0,73.0,0,0.0,1,0.0,1,1.0,6.123233995736766e-17,0.43388373911755823,-0.900968867902419,-0.8660254037844386,0.5000000000000001,0
2025-11-06 07:00:00,60296.0,8.1,0,0.0,1,0.0,0,90.0,0,0.0,0,0.06,0,6.9,0,0.0,1,0.7,0,96.0,0,0.0,0,0.0,0,6.3,0,0.0,1,0.5,0,98.0,0,0.0,0,0.0,0,13.3,0,0.0,1,1.3,0,77.0,0,0.0,0,0.0,0,7.5,0,0.0,1,1.5,0,82.0,0,0.0,1,0.0,1,8.6,0,0.0,1,1.7,0,81.0,0,0.0,1,0.0,1,15.5,0,0.0,1,2.3,0,77.0,0,0.0,0,0.0,0,0.9659258262890683,-0.25881904510252063,0.43388373911755823,-0.900968867902419,-0.8660254037844386,0.5000000000000001,0
2025-11-06 08:00:00,64441.0,8.4,0,0.0,1,0.3,0,87.0,0,0.2,0,0.26,0,8.5,0,0.0,1,0.2,0,97.0,0,0.6,0,0.21,0,6.9,0,0.0,1,0.1,0,98.0,0,0.0,0,0.07,0,15.0,0,0.0,1,1.7,0,71.0,0,0.8,0,0.28,0,7.6,0,0.0,1,1.2,0,83.0,0,0.4,0,0.15,0,9.0,0,0.0,1,1.1,0,81.0,0,0.0,0,0.13,0,15.8,0,0.0,1,1.6,0,76.0,0,0.1,0,0.07,0,0.8660254037844387,-0.49999999999999983,0.43388373911755823,-0.900968867902419,-0.8660254037844386,0.5000000000000001,0
2025-11-06 09:00:00,66596.0,10.6,0,0.0,1,0.4,0,80.0,0,0.9,0,0.86,0,10.4,0,0.0,1,0.9,0,83.0,0,1.0,0,0.77,0,7.2,0,0.0,1,0.2,0,98.0,0,0.0,0,0.23,0,16.8,0,0.0,1,2.9,0,63.0,0,1.0,0,0.91,0,9.1,0,0.0,1,1.5,0,82.0,0,0.7,0,0.53,0,10.4,0,0.0,1,1.4,0,78.0,0,0.2,0,0.51,0,17.8,0,0.0,1,1.6,0,69.0,0,0.8,0,0.61,0,0.7071067811865476,-0.7071067811865475,0.43388373911755823,-0.900968867902419,-0.8660254037844386,0.5000000000000001,0
2025-11-06 10:00:00,64703.0,13.3,0,0.0,1,0.5,0,73.0,0,1.0,0,1.46,0,11.4,0,0.0,1,0.6,0,80.0,0,0.8,0,1.09,0,8.5,0,0.0,1,0.4,0,98.0,0,0.0,0,0.53,0,18.6,0,0.0,1,3.0,0,58.0,0,0.8,0,1.3,0,11.2,0,0.0,1,1.3,0,72.0,0,0.8,0,0.99,0,11.8,0,0.0,1,2.2,0,72.0,0,0.3,0,0.82,0,20.5,0,0.0,1,3.8,0,53.0,0,1.0,0,1.32,0,0.49999999999999994,-0.8660254037844387,0.43388373911755823,-0.900968867902419,-0.8660254037844386,0.5000000000000001,0
2025-11-06 11:00:00,61595.0,16.3,0,0.0,1,0.6,0,63.0,0,1.0,0,1.94,0,14.0,0,0.0,1,1.6,0,67.0,0,0.9,0,1.62,0,11.5,0,0.0,1,0.1,0,82.0,0,0.7,0,1.57,0,20.2,0,0.0,1,2.9,0,55.0,0,1.0,0,2.0,0,13.4,0,0.0,1,1.2,0,68.0,0,0.5,0,1.28,0,13.1,0,0.0,1,2.1,0,71.0,0,0.5,0,1.16,0,21.6,0,0.0,1,3.3,0,44.0,0,1.0,0,1.96,0,0.258819045102521,-0.9659258262890682,0.43388373911755823,-0.900968867902419,-0.8660254037844386,0.5000000000000001,0
2025-11-06 12:00:00,58059.0,19.2,0,0.0,1,1.3,0,40.0,0,1.0,0,2.29,0,16.3,0,0.0,1,1.9,0,57.0,0,1.0,0,2.06,0,15.8,0,0.0,1,0.9,0,62.0,0,1.0,0,1.98,0,20.8,0,0.0,1,2.2,0,52.0,0,1.0,0,2.26,0,16.1,0,0.0,1,2.2,0,59.0,0,1.0,0,1.93,0,14.7,0,0.0,1,2.0,0,64.0,0,1.0,0,1.93,0,22.0,0,0.0,1,2.9,0,43.0,0,1.0,0,2.27,0,1.2246467991473532e-16,-1.0,0.43388373911755823,-0.900968867902419,-0.8660254037844386,0.5000000000000001,0
2025-11-06 13:00:00,54439.0,20.1,0,0.0,1,1.3,0,39.0,0,1.0,0,2.42,0,18.3,0,0.0,1,2.0,0,51.0,0,1.0,0,2.1,0,17.9,0,0.0,1,1.9,0,54.0,0,1.0,0,2.13,0,21.8,0,0.0,1,2.2,0,44.0,0,1.0,0,2.3,0,17.4,0,0.0,1,2.2,0,53.0,0,1.0,0,2.03,0,16.4,0,0.0,1,2.4,0,58.0,0,1.0,0,2.02,0,21.5,0,0.0,1,4.4,0,41.0,0,1.0,0,2.36,0,-0.2588190451025208,-0.9659258262890683,0.43388373911755823,-0.900968867902419,-0.8660254037844386,0.5000000000000001,0
2025-11-06 14:00:00,57994.0,20.8,0,0.0,1,0.8,0,41.0,0,1.0,0,2.15,0,19.5,0,0.0,1,1.0,0,46.0,0,1.0,0,1.94,0,19.3,0,0.0,1,1.4,0,40.0,0,1.0,0,2.02,0,22.8,0,0.0,1,2.4,0,52.0,0,1.0,0,2.07,0,18.1,0,0.0,1,2.7,0,51.0,0,1.0,0,1.92,0,17.0,0,0.0,1,2.4,0,56.0,0,1.0,0,1.85,0,21.7,0,0.0,1,3.5,0,46.0,0,1.0,0,2.18,0,-0.4999999999999998,-0.8660254037844388,0.43388373911755823,-0.900968867902419,-0.8660254037844386,0.5000000000000001,0
2025-11-06 15:00:00,60743.0,21.5,0,0.0,1,0.5,0,40.0,0,1.0,0,1.66,0,20.7,0,0.0,1,1.1,0,41.0,0,1.0,0,1.55,0,19.8,0,0.0,1,0.8,0,42.0,0,1.0,0,1.63,0,21.5,0,0.0,1,2.1,0,53.0,0,1.0,0,1.56,0,18.5,0,0.0,1,2.9,0,49.0,0,1.0,0,1.54,0,17.0,0,0.0,1,3.0,0,58.0,0,0.9,0,1.3,0,21.2,0,0.0,1,3.8,0,44.0,0,1.0,0,1.82,0,-0.7071067811865471,-0.7071067811865479,0.43388373911755823,-0.900968867902419,-0.8660254037844386,0.5000000000000001,0
2025-11-06 16:00:00,63979.0,20.8,0,0.0,1,0.9,0,38.0,0,1.0,0,0.99,0,20.7,0,0.0,1,1.2,0,39.0,0,1.0,0,0.98,0,19.6,0,0.0,1,0.4,0,41.0,0,1.0,0,1.07,0,20.4,0,0.0,1,2.2,0,58.0,0,1.0,0,1.04,0,17.8,0,0.0,1,2.5,0,52.0,0,1.0,0,0.86,0,16.8,0,0.0,1,2.9,0,62.0,0,1.0,0,1.04,0,20.6,0,0.0,1,3.3,0,43.0,0,1.0,0,1.23,0,-0.8660254037844384,-0.5000000000000004,0.43388373911755823,-0.900968867902419,-0.8660254037844386,0.5000000000000001,0
2025-11-06 17:00:00,67918.0,18.9,0,0.0,1,0.8,0,46.0,0,0.5,0,0.41,0,18.2,0,0.0,1,1.3,0,47.0,0,0.4,0,0.23,0,16.6,0,0.0,1,2.2,0,55.0,0,0.7,0,0.37,0,18.7,0,0.0,1,2.1,0,63.0,0,0.8,0,0.38,0,16.7,0,0.0,1,3.1,0,58.0,0,0.7,0,0.39,0,15.7,0,0.0,1,2.7,0,64.0,0,0.7,0,0.42,0,19.7,0,0.0,1,2.5,0,44.0,0,0.8,0,0.48,0,-0.9659258262890683,-0.25881904510252063,0.43388373911755823,-0.900968867902419,-0.8660254037844386,0.5000000000000001,0
2025-11-06 18:00:00,69350.0,17.5,0,0.0,1,1.2,0,53.0,0,0.0,0,0.09,0,14.9,0,0.0,1,1.0,0,66.0,0,0.0,0,0.01,0,14.0,0,0.0,1,1.3,0,68.0,0,0.0,0,0.02,0,17.1,0,0.0,1,2.5,0,64.0,0,0.0,0,0.03,0,15.4,0,0.0,1,1.2,0,62.0,0,0.0,0,0.02,0,14.5,0,0.0,1,1.6,0,72.0,0,0.0,0,0.03,0,18.8,0,0.0,1,1.5,0,47.0,0,0.0,0,0.01,0,-1.0,-1.8369701987210297e-16,0.43388373911755823,-0.900968867902419,-0.8660254037844386,0.5000000000000001,0
2025-11-06 19:00:00,70055.0,15.8,0,0.0,1,0.8,0,59.0,0,0.0,1,0.0,1,13.5,0,0.0,1,1.6,0,75.0,0,0.0,1,0.0,1,12.8,0,0.0,1,1.4,0,74.0,0,0.0,1,0.0,1,16.4,0,0.0,1,1.8,0,66.0,0,0.0,1,0.0,1,14.2,0,0.0,1,1.8,0,69.0,0,0.0,1,0.0,1,14.3,0,0.0,1,1.6,0,76.0,0,0.0,1,0.0,1,18.2,0,0.0,1,2.0,0,52.0,0,0.0,1,0.0,1,-0.9659258262890684,0.2588190451025203,0.43388373911755823,-0.900968867902419,-0.8660254037844386,0.5000000000000001,0
2025-11-06 20:00:00,68910.0,15.7,0,0.0,1,0.5,0,64.0,0,0.0,1,0.0,1,14.7,0,0.0,1,2.6,0,71.0,0,0.0,1,0.0,1,12.7,0,0.0,1,0.5,0,75.0,0,0.0,1,0.0,1,15.7,0,0.0,1,2.7,0,66.0,0,0.0,1,0.0,1,13.7,0,0.0,1,0.9,0,71.0,0,0.0,1,0.0,1,13.9,0,0.0,1,1.3,0,77.0,0,0.0,1,0.0,1,18.0,0,0.0,1,1.3,0,58.0,0,0.0,1,0.0,1,-0.8660254037844386,0.5000000000000001,0.43388373911755823,-0.900968867902419,-0.8660254037844386,0.5000000000000001,0
2025-11-06 21:00:00,66989.0,14.9,0,0.0,1,0.3,0,66.0,0,0.0,1,0.0,1,13.8,0,0.0,1,2.1,0,74.0,0,0.0,1,0.0,1,11.9,0,0.0,1,0.0,0,80.0,0,0.0,1,0.0,1,15.3,0,0.0,1,2.5,0,68.0,0,0.0,1,0.0,1,13.1,0,0.0,1,1.5,0,75.0,0,0.0,1,0.0,1,13.4,0,0.0,1,1.5,0,79.0,0,0.0,1,0.0,1,17.6,0,0.0,1,1.9,0,61.0,0,0.0,1,0.0,1,-0.7071067811865477,0.7071067811865474,0.43388373911755823,-0.900968867902419,-0.8660254037844386,0.5000000000000001,0
2025-11-06 22:00:00,64964.0,14.8,0,0.0,1,0.6,0,64.0,0,0.0,1,0.0,1,13.3,0,0.0,1,2.0,0,76.0,0,0.0,1,0.0,1,11.1,0,0.0,1,0.1,0,85.0,0,0.0,1,0.0,1,15.5,0,0.0,1,3.1,0,65.0,0,0.0,1,0.0,1,12.6,0,0.0,1,1.5,0,78.0,0,0.0,1,0.0,1,12.9,0,0.0,1,2.5,0,76.0,0,0.0,1,0.0,1,17.2,0,0.0,1,2.1,0,63.0,0,0.0,1,0.0,1,-0.5000000000000004,0.8660254037844384,0.43388373911755823,-0.900968867902419,-0.8660254037844386,0.5000000000000001,0
2025-11-06 23:00:00,64000.0,14.0,0,0.0,1,0.5,0,71.0,0,0.0,1,0.0,1,12.4,0,0.0,1,1.2,0,79.0,0,0.0,1,0.0,1,10.1,0,0.0,1,1.7,0,89.0,0,0.0,1,0.0,1,15.2,0,0.0,1,2.7,0,66.0,0,0.0,1,0.0,1,12.0,0,0.0,1,0.8,0,80.0,0,0.0,1,0.0,1,12.3,0,0.0,1,2.4,0,75.0,0,0.0,1,0.0,1,16.9,0,0.0,1,2.6,0,67.0,0,0.0,1,0.0,1,-0.25881904510252157,0.9659258262890681,0.43388373911755823,-0.900968867902419,-0.8660254037844386,0.5000000000000001,0
2025-11-07 00:00:00,62070.0,13.1,0,0.0,1,0.3,0,75.0,0,0.0,1,0.0,1,10.8,0,0.0,1,1.6,0,86.0,0,0.0,1,0.0,1,9.6,0,0.0,1,0.0,0,92.0,0,0.0,1,0.0,1,14.8,0,0.0,1,3.3,0,68.0,0,0.0,1,0.0,1,11.3,0,0.0,1,1.0,0,78.0,0,0.0,1,0.0,1,11.8,0,0.0,1,2.3,0,77.0,0,0.0,1,0.0,1,16.7,0,0.0,1,1.9,0,67.0,0,0.0,1,0.0,1,0.0,1.0,-0.433883739117558,-0.9009688679024191,-0.8660254037844386,0.5000000000000001,0
2025-11-07 01:00:00,58163.0,13.0,0,0.0,1,0.5,0,77.0,0,0.0,1,0.0,1,9.8,0,0.0,1,0.6,0,88.0,0,0.0,1,0.0,1,9.0,0,0.0,1,0.2,0,93.0,0,0.0,1,0.0,1,14.8,0,0.0,1,2.6,0,68.0,0,0.0,1,0.0,1,10.5,0,0.0,1,0.8,0,80.0,0,0.0,1,0.0,1,11.4,0,0.0,1,2.5,0,79.0,0,0.0,1,0.0,1,16.7,0,0.0,1,2.0,0,70.0,0,0.0,1,0.0,1,0.25881904510252074,0.9659258262890683,-0.433883739117558,-0.9009688679024191,-0.8660254037844386,0.5000000000000001,0
2025-11-07 02:00:00,55863.0,11.9,0,0.0,1,0.3,0,80.0,0,0.0,1,0.0,1,9.4,0,0.0,1,0.8,0,91.0,0,0.0,1,0.0,1,8.8,0,0.0,1,0.8,0,94.0,0,0.0,1,0.0,1,14.6,0,0.0,1,2.2,0,68.0,0,0.0,1,0.0,1,10.2,0,0.0,1,1.3,0,82.0,0,0.0,1,0.0,1,10.8,0,0.0,1,2.3,0,81.0,0,0.0,1,0.0,1,17.1,0,0.0,1,2.0,0,71.0,0,0.0,1,0.0,1,0.49999999999999994,0.8660254037844387,-0.433883739117558,-0.9009688679024191,-0.8660254037844386,0.5000000000000001,0
2025-11-07 03:00:00,54699.0,11.5,0,0.0,1,0.1,0,83.0,0,0.0,1,0.0,1,9.1,0,0.0,1,0.0,0,93.0,0,0.0,1,0.0,1,8.5,0,0.0,1,0.4,0,95.0,0,0.0,1,0.0,1,14.4,0,0.0,1,1.8,0,70.0,0,0.0,1,0.0,1,9.7,0,0.0,1,1.6,0,84.0,0,0.0,1,0.0,1,10.5,0,0.0,1,2.0,0,83.0,0,0.0,1,0.0,1,17.1,0,0.0,1,1.8,0,72.0,0,0.0,1,0.0,1,0.7071067811865475,0.7071067811865476,-0.433883739117558,-0.9009688679024191,-0.8660254037844386,0.5000000000000001,0
2025-11-07 04:00:00,54241.0,10.7,0,0.0,1,0.5,0,86.0,0,0.0,1,0.0,1,8.4,0,0.0,1,0.7,0,94.0,0,0.0,1,0.0,1,8.0,0,0.0,1,0.6,0,96.0,0,0.0,1,0.0,1,14.5,0,0.0,1,2.2,0,71.0,0,0.0,1,0.0,1,9.2,0,0.0,1,2.0,0,86.0,0,0.0,1,0.0,1,10.1,0,0.0,1,1.8,0,85.0,0,0.0,1,0.0,1,17.0,0,0.0,1,1.2,0,70.0,0,0.0,1,0.0,1,0.8660254037844386,0.5000000000000001,-0.433883739117558,-0.9009688679024191,-0.8660254037844386,0.5000000000000001,0
2025-11-07 05:00:00,54445.0,10.3,0,0.0,1,0.2,0,86.0,0,0.0,1,0.0,1,7.9,0,0.0,1,1.2,0,95.0,0,0.0,1,0.0,1,8.0,0,0.0,1,1.1,0,95.0,0,0.0,1,0.0,1,14.3,0,0.0,1,2.8,0,72.0,0,0.0,1,0.0,1,9.1,0,0.0,1,1.6,0,86.0,0,0.0,1,0.0,1,10.0,0,0.0,1,1.9,0,86.0,0,0.0,1,0.0,1,16.9,0,0.0,1,2.1,0,69.0,0,0.0,1,0.0,1,0.9659258262890683,0.25881904510252074,-0.433883739117558,-0.9009688679024191,-0.8660254037844386,0.5000000000000001,0
2025-11-07 06:00:00,56243.0,10.0,0,0.0,1,0.2,0,87.0,0,0.0,1,0.0,1,8.0,0,0.0,1,0.7,0,96.0,0,0.0,1,0.0,1,7.8,0,0.0,1,0.2,0,97.0,0,0.0,1,0.0,1,14.0,0,0.0,1,2.4,0,75.0,0,0.0,1,0.0,1,9.1,0,0.0,1,1.5,0,87.0,0,0.0,1,0.0,1,10.0,0,0.0,1,1.7,0,85.0,0,0.0,1,0.0,1,16.6,0,0.0,1,1.8,0,70.0,0,0.0,1,0.0,1,1.0,6.123233995736766e-17,-0.433883739117558,-0.9009688679024191,-0.8660254037844386,0.5000000000000001,0
