datetime,arima_actual,arima_prediction,arima_lower_95,arima_upper_95,lstm_actual,lstm_prediction,lstm_lower_95,lstm_upper_95,transformer_actual,transformer_prediction,transformer_lower_95,transformer_upper_95
2025-11-07 07:00:00,59756.0,-11689.735275018293,-47484.81363522931,24105.343085192726,59756.0,56163.96,53055.926,59271.996,59756.0,56724.2,53227.094,60221.305
2025-11-07 08:00:00,63994.0,-8664.293855113412,-44459.37221532443,27130.784505097603,63994.0,59512.99,56404.953,62621.023,63994.0,61376.918,57879.812,64874.023
2025-11-07 09:00:00,66349.0,-5337.859082857522,-41132.93744306854,30457.219277353495,66349.0,64244.58,61136.543,67352.62,66349.0,65916.67,62419.566,69413.78
2025-11-07 10:00:00,64292.0,-3452.411069501144,-39247.489429712165,32342.667290709873,64292.0,66271.266,63163.23,69379.305,64292.0,65949.086,62451.98,69446.195
2025-11-07 11:00:00,61143.0,-2720.46115902414,-38515.53951923516,33074.61720118688,61143.0,63580.742,60472.707,66688.78,61143.0,61108.242,57611.137,64605.348
2025-11-07 12:00:00,57084.0,-3048.8256178800148,-38843.90397809103,32746.252742331002,57084.0,59365.54,56257.504,62473.574,57084.0,56127.953,52630.848,59625.06
2025-11-07 13:00:00,54071.0,-4104.5610488334605,-39899.63940904448,31690.517311377556,54071.0,57045.977,53937.94,60154.01,54071.0,54044.633,50547.527,57541.74
2025-11-07 14:00:00,57797.0,-1905.646886136431,-37700.72524634745,33889.43147407458,57797.0,55791.758,52683.723,58899.793,57797.0,52047.53,48550.426,55544.637
2025-11-07 15:00:00,60256.0,-754.7159359602622,-36549.794296171276,35040.36242425076,60256.0,57994.168,54886.133,61102.203,60256.0,56340.555,52843.45,59837.66
2025-11-07 16:00:00,63060.0,116.66987168012417,-35678.40848853089,35911.74823189114,63060.0,61829.402,58721.367,64937.438,63060.0,59682.086,56184.98,63179.19
2025-11-07 17:00:00,66437.0,1517.197782342404,-34277.880577868615,37312.27614255342,66437.0,66215.96,63107.926,69324.0,66437.0,62651.496,59154.39,66148.6
2025-11-07 18:00:00,67386.0,1866.5779886666344,-33928.50037154438,37661.65634887765,67386.0,68868.49,65760.45,71976.53,67386.0,65959.42,62462.316,69456.53
2025-11-07 19:00:00,67814.0,1970.2319625860257,-33824.84639762499,37765.31032279704,67814.0,68318.05,65210.01,71426.086,67814.0,66158.61,62661.504,69655.72
2025-11-07 20:00:00,66776.0,1528.5514187103122,-34266.526941500706,37323.62977892133,66776.0,66707.945,63599.91,69815.984,66776.0,65959.805,62462.7,69456.914
2025-11-07 21:00:00,65202.0,-746.2214633273961,-36541.299823538415,35048.85689688362,65202.0,64890.117,61782.082,67998.16,65202.0,64696.496,61199.39,68193.6
2025-11-07 22:00:00,63247.0,-3511.0091389324275,-39306.08749914345,32284.06922127859,63247.0,62996.703,59888.668,66104.74,63247.0,63091.594,59594.49,66588.7
2025-11-07 23:00:00,62644.0,-5706.893544287494,-41501.97190449851,30088.184815923523,62644.0,60649.938,57541.902,63757.973,62644.0,61287.477,57790.37,64784.582
2025-11-08 00:00:00,61121.0,-8244.183588441614,-44039.26194865263,27550.894771769403,61121.0,58812.3,55704.266,61920.336,61121.0,60290.383,56793.277,63787.49
2025-11-08 01:00:00,57325.0,-11503.001258189719,-47298.079618400734,24292.0771020213,57325.0,57722.06,54614.023,60830.094,57325.0,57750.84,54253.734,61247.945
2025-11-08 02:00:00,54918.0,-13408.168725217407,-49203.247085428426,22386.909634993608,54918.0,56238.113,53130.08,59346.15,54918.0,55365.43,51868.324,58862.535
2025-11-08 03:00:00,53385.0,-14647.378378837635,-50442.45673904865,21147.699981373382,53385.0,54764.098,51656.062,57872.133,53385.0,54022.12,50525.016,57519.227
2025-11-08 04:00:00,52872.0,-15398.639400744352,-51193.71776095537,20396.438959466665,52872.0,53575.812,50467.777,56683.848,52872.0,53214.65,49717.543,56711.754
2025-11-08 05:00:00,52913.0,-15520.553069121648,-51315.631429332665,20274.52529108937,52913.0,52925.277,49817.242,56033.312,52913.0,53130.023,49632.918,56627.13
2025-11-08 06:00:00,53687.0,-14680.142167112426,-50475.22052732344,21114.93619309859,53687.0,52785.137,49677.1,55893.17,53687.0,53590.89,50093.785,57087.996
2025-11-08 07:00:00,54922.0,-12715.11801650421,-48510.19637671523,23079.960343706807,54922.0,53147.785,50039.75,56255.82,54922.0,54382.156,50885.05,57879.26
2025-11-08 08:00:00,55676.0,-9703.389583135038,-45498.467943346055,26091.68877707598,55676.0,53893.535,50785.5,57001.57,55676.0,54906.094,51408.99,58403.2
2025-11-08 09:00:00,56244.0,-6392.032067025555,-42187.11042723657,29403.046293185464,56244.0,54558.74,51450.703,57666.773,56244.0,55154.258,51657.152,58651.363
2025-11-08 10:00:00,56530.0,-4515.129954789863,-40310.208315000884,31279.948405421153,56530.0,54680.65,51572.613,57788.684,56530.0,55178.93,51681.824,58676.035
2025-11-08 11:00:00,55611.0,-3786.4976492088417,-39581.576009419856,32008.580711002174,55611.0,54622.89,51514.855,57730.926,55611.0,55368.125,51871.02,58865.23
2025-11-08 12:00:00,54528.0,-4113.373777345942,-39908.45213755696,31681.704582865073,54528.0,54665.78,51557.746,57773.816,54528.0,55270.883,51773.777,58767.99
2025-11-08 13:00:00,53866.0,-5164.324026985122,-40959.40238719614,30630.754333225894,53866.0,54503.438,51395.402,57611.473,53866.0,54418.562,50921.457,57915.668
2025-11-08 14:00:00,54714.0,-2975.3765686862853,-38770.4549288973,32819.701791524734,54714.0,54421.883,51313.848,57529.918,54714.0,53984.17,50487.066,57481.277
2025-11-08 15:00:00,55286.0,-1829.6622789681433,-37624.74063917916,33965.416081242874,55286.0,55555.59,52447.555,58663.625,55286.0,55525.332,52028.227,59022.438
2025-11-08 16:00:00,56294.0,-962.2260774146449,-36757.30443762566,34832.852282796375,56294.0,56895.168,53787.133,60003.203,56294.0,56242.164,52745.06,59739.27
2025-11-08 17:00:00,57100.0,431.95386026906715,-35363.12449994195,36227.03222048008,57100.0,58236.438,55128.402,61344.473,57100.0,57104.992,53607.887,60602.098
2025-11-08 18:00:00,58800.0,779.7504807953222,-35015.327879415694,36574.82884100634,58800.0,59208.336,56100.3,62316.37,58800.0,57381.79,53884.684,60878.895
2025-11-08 19:00:00,59993.0,882.9346371405315,-34912.14372307048,36678.01299735155,59993.0,59952.438,56844.402,63060.473,59993.0,58192.27,54695.164,61689.375
2025-11-08 20:00:00,59405.0,443.2560356297911,-35351.822324581226,36238.33439584081,59405.0,60222.633,57114.598,63330.668,59405.0,58970.57,55473.465,62467.676
2025-11-08 21:00:00,58564.0,-1821.2063080190571,-37616.28466823007,33973.87205219196,58564.0,59643.895,56535.86,62751.93,58564.0,58127.816,54630.71,61624.92
2025-11-08 22:00:00,57520.0,-4573.462425114899,-40368.54078532592,31221.615935096117,57520.0,58482.055,55374.02,61590.09,57520.0,56907.297,53410.19,60404.402
2025-11-08 23:00:00,57389.0,-6759.393858620471,-42554.47221883149,29035.684501590546,57389.0,57019.09,53911.055,60127.125,57389.0,55728.97,52231.863,59226.074
2025-11-09 00:00:00,56587.0,-9285.183490311221,-45080.261850522234,26509.894869899796,56587.0,55697.363,52589.33,58805.4,56587.0,55202.35,51705.246,58699.457
2025-11-09 01:00:00,53451.0,-12529.230382303203,-48324.30874251422,23265.84797790781,53451.0,54324.023,51215.99,57432.06,53451.0,54158.305,50661.2,57655.41
2025-11-09 02:00:00,51003.0,-14425.762568656894,-50220.84092886791,21369.315791554123,51003.0,52790.4,49682.363,55898.434,51003.0,52398.457,48901.35,55895.562
2025-11-09 03:00:00,49641.0,-15659.35543353905,-51454.43379375007,20135.722926671966,49641.0,51352.316,48244.28,54460.35,49641.0,51118.25,47621.145,54615.355
2025-11-09 04:00:00,49080.0,-16407.211321831073,-52202.28968204209,19387.867038379944,49080.0,50243.957,47135.92,53351.992,49080.0,50328.64,46831.535,53825.746
2025-11-09 05:00:00,49141.0,-16528.572409523127,-52323.650769734144,19266.50595068789,49141.0,49592.8,46484.766,52700.836,49141.0,50357.52,46860.414,53854.625
2025-11-09 06:00:00,49985.0,-15691.97071806675,-51487.04907827776,20103.107642144267,49985.0,49310.535,46202.5,52418.57,49985.0,50076.86,46579.754,53573.965
2025-11-09 07:00:00,51345.0,-13735.853151979505,-49530.931512190524,22059.22520823151,51345.0,49469.555,46361.52,52577.59,51345.0,50520.812,47023.707,54017.918
2025-11-09 08:00:00,51427.0,-10737.775550249076,-46532.85391046009,25057.30280996194,51427.0,50132.94,47024.906,53240.977,51427.0,51190.312,47693.207,54687.418
2025-11-09 09:00:00,49861.0,-7441.426951758878,-43236.50531196989,28353.65140845214,49861.0,50627.54,47519.504,53735.574,49861.0,51370.477,47873.37,54867.582
2025-11-09 10:00:00,46975.0,-5573.032005857525,-41368.11036606854,30222.046354353493,46975.0,49199.58,46091.543,52307.613,46975.0,48957.07,45459.965,52454.176
2025-11-09 11:00:00,44613.0,-4847.702267938259,-40642.780628149274,30947.37609227276,44613.0,47187.703,44079.668,50295.74,44613.0,46640.734,43143.63,50137.84
2025-11-09 12:00:00,42577.0,-5173.09681130082,-40968.17517151184,30621.981548910197,42577.0,45326.65,42218.613,48434.684,42577.0,44814.438,41317.332,48311.543
2025-11-09 13:00:00,41748.0,-6219.283568734141,-42014.36192894516,29575.794791476874,41748.0,44143.414,41035.38,47251.45,41748.0,44195.125,40698.02,47692.23
2025-11-09 14:00:00,42533.0,-4040.257640174911,-39835.33600038593,31754.820720036107,42533.0,43979.15,40871.113,47087.184,42533.0,44537.523,41040.418,48034.63
2025-11-09 15:00:00,44901.0,-2899.7363661024556,-38694.814726313474,32895.34199410856,44901.0,45307.484,42199.45,48415.52,44901.0,45629.773,42132.668,49126.88
2025-11-09 16:00:00,48961.0,-2036.2318688200198,-37831.310229031034,33758.846491391,48961.0,47729.145,44621.11,50837.18,48961.0,47154.02,43656.914,50651.125
2025-11-09 17:00:00,53811.0,-648.3711315637324,-36443.44949177475,35146.70722864728,53811.0,51327.51,48219.477,54435.547,53811.0,50292.336,46795.23,53789.44
2025-11-09 18:00:00,57532.0,-302.15091914211393,-36097.22927935313,35492.9274410689,57532.0,55137.867,52029.832,58245.902,57532.0,55035.805,51538.7,58532.91
2025-11-09 19:00:00,59258.0,-199.43445089602005,-35994.51281110704,35595.643909315,59258.0,57854.547,54746.51,60962.582,59258.0,57701.55,54204.445,61198.656
2025-11-09 20:00:00,59100.0,-637.1201839602297,-36432.198544171246,35157.95817625079,59100.0,59050.438,55942.402,62158.473,59100.0,58639.066,55141.96,62136.17
2025-11-09 21:00:00,58523.0,-2891.318722326062,-38686.39708253708,32903.759637884956,58523.0,58825.645,55717.61,61933.68,58523.0,57974.17,54477.066,61471.277
2025-11-09 22:00:00,57273.0,-5631.100080919476,-41426.17844113049,30163.978279291543,57273.0,57893.8,54785.766,61001.836,57273.0,56956.867,53459.76,60453.973
2025-11-09 23:00:00,56349.0,-7807.123654990577,-43602.20201520159,27987.95470522044,56349.0,56515.55,53407.516,59623.586,56349.0,55410.258,51913.152,58907.363
2025-11-10 00:00:00,55163.0,-10321.4650004962,-46116.54336070722,25473.613359714815,55163.0,55018.016,51909.98,58126.05,55163.0,54225.664,50728.56,57722.77
2025-11-10 01:00:00,52222.0,-13550.808064128323,-49345.88642433934,22244.270296082694,52222.0,53059.78,49951.746,56167.816,52222.0,52983.03,49485.926,56480.137
2025-11-10 02:00:00,50194.0,-15438.744109712306,-51233.822469923325,20356.33425049871,50194.0,51366.188,48258.152,54474.223,50194.0,51366.58,47869.473,54863.684
2025-11-10 03:00:00,48889.0,-16666.745644273084,-52461.8240044841,19128.332715937933,48889.0,50134.656,47026.62,53242.69,48889.0,50405.65,46908.543,53902.754
2025-11-10 04:00:00,48643.0,-17411.21183291357,-53206.29019312459,18383.866527297447,48643.0,49365.6,46257.566,52473.637,48643.0,49269.15,45772.043,52766.254
2025-11-10 05:00:00,49353.0,-17532.022844523988,-53327.10120473501,18263.05551568703,49353.0,49234.95,46126.914,52342.984,49353.0,49258.062,45760.957,52755.168
2025-11-10 06:00:00,51737.0,-16699.21309815543,-52494.291458366446,19095.865262055588,51737.0,49742.57,46634.535,52850.605,51737.0,49606.855,46109.75,53103.96
2025-11-10 07:00:00,56499.0,-14751.961746984638,-50547.04010719566,21043.11661322638,56499.0,51488.625,48380.59,54596.66,56499.0,51742.133,48245.027,55239.24
2025-11-10 08:00:00,61984.0,-11767.473103716617,-47562.55146392764,24027.6052564944,61984.0,55757.4,52649.363,58865.434,61984.0,56666.504,53169.4,60163.61
2025-11-10 09:00:00,64012.0,-8486.06539406687,-44281.14375427789,27309.012966144146,64012.0,63452.754,60344.72,66560.79,64012.0,63039.1,59541.996,66536.21
2025-11-10 10:00:00,61236.0,-6626.139055281148,-42421.21741549217,29168.939304929867,61236.0,66366.26,63258.223,69474.3,61236.0,62980.79,59483.684,66477.9
2025-11-10 11:00:00,58424.0,-5904.096915946537,-41699.175276157555,29890.98144426448,58424.0,61378.867,58270.832,64486.902,58424.0,57116.164,53619.06,60613.27
2025-11-10 12:00:00,55620.0,-6228.016589902418,-42023.09495011343,29567.0617703086,55620.0,56544.348,53436.312,59652.383,55620.0,53693.59,50196.484,57190.695
2025-11-10 13:00:00,52705.0,-7269.46144593116,-43064.53980614217,28525.616914279857,52705.0,54483.766,51375.73,57591.8,52705.0,50808.15,47311.043,54305.254
2025-11-10 14:00:00,56476.0,-5100.312077209677,-40895.39043742069,30694.76628300134,56476.0,54002.4,50894.363,57110.434,56476.0,50113.6,46616.496,53610.707
2025-11-10 15:00:00,59621.0,-3964.9602811420327,-39760.03864135305,31830.118079068983,59621.0,56832.645,53724.61,59940.68,59621.0,54732.492,51235.387,58229.598
2025-11-10 16:00:00,63073.0,-3105.3696674558387,-38900.448027666855,32689.70869275518,63073.0,61637.22,58529.184,64745.254,63073.0,59139.227,55642.12,62636.332
2025-11-10 17:00:00,67740.0,-1723.7994884890688,-37518.87784870009,34071.278871721945,67740.0,67069.37,63961.332,70177.41,67740.0,63006.164,59509.06,66503.27
2025-11-10 18:00:00,69513.0,-1379.1485390120542,-37174.22689922307,34415.929821198966,69513.0,70700.5,67592.46,73808.54,69513.0,66865.55,63368.44,70362.66
2025-11-10 19:00:00,70285.0,-1276.8976390419768,-37071.975999252994,34518.18072116904,70285.0,70827.234,67719.195,73935.27,70285.0,67098.12,63601.01,70595.23
2025-11-10 20:00:00,69247.0,-1712.599536450043,-37507.67789666106,34082.478823760976,69247.0,69017.82,65909.78,72125.86,69247.0,66978.61,63481.504,70475.72
2025-11-10 21:00:00,67188.0,-3956.580790818225,-39751.65915102924,31838.49756939279,67188.0,66894.6,63786.566,70002.64,67188.0,65773.11,62276.004,69270.22
2025-11-10 22:00:00,65075.0,-6683.9439334666895,-42479.022293677706,29111.134426744327,65075.0,64726.547,61618.51,67834.586,65075.0,64012.633,60515.527,67509.74
2025-11-10 23:00:00,64275.0,-8850.104556043738,-44645.18291625475,26944.97380416728,64275.0,62395.324,59287.29,65503.36,64275.0,61959.234,58462.13,65456.34
2025-11-11 00:00:00,62535.0,-11353.049505377137,-47148.127865588154,24442.02885483388,62535.0,60254.895,57146.86,63362.93,62535.0,60537.12,57040.016,64034.227
2025-11-11 01:00:00,58774.0,-14567.75538659369,-50362.83374680471,21227.322973617327,58774.0,58402.33,55294.293,61510.363,58774.0,58762.617,55265.51,62259.723
2025-11-11 02:00:00,56653.0,-16447.1342539084,-52242.21261411942,19347.944106302617,56653.0,56405.6,53297.566,59513.637,56653.0,56582.723,53085.617,60079.83
2025-11-11 03:00:00,55576.0,-17669.569801172755,-53464.64816138377,18125.508559038262,55576.0,54880.066,51772.03,57988.1,55576.0,54825.527,51328.42,58322.633
2025-11-11 04:00:00,55042.0,-18410.661654169537,-54205.74001438056,17384.41670604148,55042.0,54198.312,51090.277,57306.348,55042.0,54183.03,50685.926,57680.137
2025-11-11 05:00:00,55576.0,-18530.925082949667,-54326.003443160684,17264.15327726135,55576.0,54296.906,51188.87,57404.94,55576.0,53833.547,50336.44,57330.652
2025-11-11 06:00:00,57473.0,-17701.89009446061,-53496.96845467163,18093.188265750407,57473.0,55273.406,52165.37,58381.44,57473.0,54485.33,50988.223,57982.434
2025-11-11 07:00:00,61093.0,-15763.4647715793,-51558.54313179031,20031.613588631717,61093.0,57566.035,54458.0,60674.07,61093.0,57031.336,53534.23,60528.44
2025-11-11 08:00:00,65534.0,-12792.503494041068,-48587.58185425209,23002.574866169947,65534.0,61713.285,58605.25,64821.32,65534.0,61695.863,58198.758,65192.97
2025-11-11 09:00:00,67528.0,-9525.968952797275,-45321.04731300829,26269.109407413744,67528.0,66757.3,63649.26,69865.336,67528.0,67594.055,64096.95,71091.164
2025-11-11 10:00:00,64358.0,-7674.472836680343,-43469.55119689136,28120.605523530674,64358.0,67733.88,64625.848,70841.92,64358.0,67329.92,63832.816,70827.03
2025-11-11 11:00:00,60741.0,-6955.703394701485,-42750.7817549125,28839.37496550953,60741.0,62566.625,59458.59,65674.664,60741.0,60677.715,57180.61,64174.82
2025-11-11 12:00:00,57560.0,-7278.154884180753,-43073.23324439177,28516.923476030264,57560.0,57822.047,54714.01,60930.082,57560.0,56117.816,52620.71,59614.92
2025-11-11 13:00:00,54478.0,-8314.87933174465,-44109.95769195567,27480.199028466366,54478.0,55886.992,52778.957,58995.027,54478.0,53366.83,49869.723,56863.934
2025-11-11 14:00:00,59073.0,-6155.561756787713,-41950.64011699873,29639.516603423304,59073.0,55304.785,52196.75,58412.82,59073.0,51453.383,47956.277,54950.49
2025-11-11 15:00:00,61939.0,-5025.356007769712,-40820.43436798073,30769.722352441306,61939.0,58799.703,55691.668,61907.74,61939.0,57420.88,53923.773,60917.984
2025-11-11 16:00:00,65352.0,-4169.66153777817,-39964.73989798919,31625.416822432846,65352.0,64041.7,60933.664,67149.734,65352.0,61390.38,57893.273,64887.484
2025-11-11 17:00:00,69090.0,-2794.353404785142,-38589.43176499616,33000.724955425874,69090.0,67961.82,64853.785,71069.86,69090.0,64443.64,60946.535,67940.75
2025-11-11 18:00:00,70288.0,-2451.264605478547,-38246.34296568956,33343.81375473247,70288.0,70118.125,67010.086,73226.164,70288.0,67070.01,63572.902,70567.12
2025-11-11 19:00:00,70873.0,-2349.4771635696065,-38144.555523780626,33445.60119664141,70873.0,69959.125,66851.086,73067.164,70873.0,67634.92,64137.816,71132.03
2025-11-11 20:00:00,69980.0,-2783.2042171702765,-38578.282577381295,33011.87414304074,69980.0,68740.81,65632.77,71848.85,69980.0,67699.086,64201.98,71196.195
2025-11-11 21:00:00,67971.0,-5017.014497965782,-40812.092858176795,30778.063862245235,67971.0,67040.945,63932.91,70148.984,67971.0,66418.52,62921.418,69915.63
2025-11-11 22:00:00,65867.0,-7732.015710944393,-43527.09407115541,28063.062649266623,65867.0,64901.344,61793.31,68009.38,65867.0,64498.562,61001.457,67995.67
2025-11-11 23:00:00,64865.0,-9888.358086419994,-45683.43644663101,25906.720273791023,64865.0,62686.496,59578.46,65794.53,64865.0,62671.504,59174.4,66168.61
2025-11-12 00:00:00,63276.0,-12379.958294399614,-48175.03665461063,23415.120065811403,63276.0,60345.742,57237.707,63453.777,63276.0,61344.95,57847.844,64842.055
2025-11-12 01:00:00,59504.0,-15580.093337068325,-51375.171697279344,20214.98502314269,59504.0,58473.836,55365.8,61581.87,59504.0,59502.543,56005.438,62999.65
2025-11-12 02:00:00,57461.0,-17450.953812014428,-53246.032172225445,18344.12454819659,57461.0,56494.33,53386.293,59602.363,57461.0,57088.164,53591.06,60585.27
2025-11-12 03:00:00,56061.0,-18667.848600138605,-54462.92696034962,17127.229760072412,56061.0,54979.656,51871.62,58087.69,56061.0,55650.66,52153.555,59147.766
2025-11-12 04:00:00,55327.0,-19405.581411861276,-55200.65977207229,16389.49694834974,55327.0,54107.312,50999.277,57215.348,55327.0,54467.062,50969.957,57964.168
2025-11-12 05:00:00,55479.0,-19525.299739761664,-55320.37809997268,16269.778620449353,55479.0,53938.887,50830.85,57046.92,55479.0,53928.625,50431.52,57425.73
2025-11-12 06:00:00,57179.0,-18700.0223998458,-54495.10076005681,17095.05596036522,57179.0,54490.39,51382.355,57598.426,57179.0,54321.12,50824.016,57818.227
2025-11-12 07:00:00,60931.0,-16770.383100775183,-52565.461460986204,19024.695259435834,60931.0,56183.22,53075.184,59291.254,60931.0,56767.83,53270.723,60264.934
2025-11-12 08:00:00,65503.0,-13812.887875406712,-49607.96623561773,21982.190484804305,65503.0,59785.254,56677.22,62893.29,65503.0,61480.156,57983.05,64977.26
2025-11-12 09:00:00,67898.0,-10561.159089081126,-46356.237449292144,25233.91927112989,67898.0,64991.67,61883.637,68099.71,67898.0,67193.914,63696.81,70691.02
2025-11-12 10:00:00,66020.0,-8718.054985165847,-44513.13334537686,27077.02337504517,66020.0,67097.164,63989.13,70205.2,66020.0,67010.2,63513.098,70507.31
2025-11-12 11:00:00,64360.0,-8002.543406854515,-43797.62176706553,27792.534953356502,64360.0,64017.79,60909.754,67125.83,64360.0,62020.277,58523.17,65517.383
2025-11-12 12:00:00,62233.0,-8323.533366487407,-44118.61172669842,27471.54499372361,62233.0,61024.55,57916.516,64132.586,62233.0,60025.36,56528.254,63522.465
2025-11-12 13:00:00,59071.0,-9355.55880110822,-45150.63716131924,26439.519559102795,59071.0,59884.637,56776.6,62992.67,59071.0,58134.586,54637.48,61631.69
2025-11-12 14:00:00,62981.0,-7206.0284567474155,-43001.10681695843,28589.0499034636,62981.0,59588.03,56479.996,62696.066,62981.0,56064.383,52567.277,59561.49
2025-11-12 15:00:00,65461.0,-6080.945430026033,-41876.02379023705,29714.132930184984,65461.0,62786.156,59678.12,65894.195,65461.0,61224.07,57726.965,64721.176
2025-11-12 16:00:00,67768.0,-5229.129444234672,-41024.20780444569,30565.948915976347,67768.0,67334.375,64226.34,70442.414,67768.0,64584.887,61087.78,68081.99
2025-11-12 17:00:00,69534.0,-3860.054974133314,-39655.13333434433,31935.023386077704,69534.0,70378.41,67270.37,73486.445,69534.0,66953.19,63456.082,70450.3
2025-11-12 18:00:00,70050.0,-3518.5212444620083,-39313.59960467303,32276.55711574901,70050.0,71613.08,68505.04,74721.12,70050.0,68142.97,64645.863,71640.08
2025-11-12 19:00:00,70011.0,-3417.195159963996,-39212.27352017501,32377.883200247023,70011.0,69996.69,66888.65,73104.73,70011.0,68012.484,64515.38,71509.59
2025-11-12 20:00:00,69064.0,-3848.9563208499476,-39644.03468106096,31946.12203936107,69064.0,67934.586,64826.55,71042.625,69064.0,67569.12,64072.01,71066.23
2025-11-12 21:00:00,67196.0,-6072.641728593098,-41867.72008880411,29722.43663161792,67196.0,66231.0,63122.965,69339.04,67196.0,66316.78,62819.676,69813.89
2025-11-12 22:00:00,65123.0,-8775.337043056188,-44570.41540326721,27019.74131715483,65123.0,64422.617,61314.582,67530.66,65123.0,64422.684,60925.58,67919.79
2025-11-12 23:00:00,64339.0,-10921.905673197727,-46716.98403340874,24873.17268701329,64339.0,62307.082,59199.047,65415.117,64339.0,62580.062,59082.957,66077.17
2025-11-13 00:00:00,62811.0,-13402.212560513593,-49197.29092072461,22392.86579969742,62811.0,60096.21,56988.176,63204.246,62811.0,61384.04,57886.934,64881.145
2025-11-13 01:00:00,59070.0,-16587.842807794812,-52382.92116800583,19207.235552416205,59070.0,58452.055,55344.02,61560.09,59070.0,59671.523,56174.418,63168.63
2025-11-13 02:00:00,56861.0,-18450.22350047366,-54245.301860684674,17344.854859737356,56861.0,56661.113,53553.08,59769.15,56861.0,57271.89,53774.785,60768.996
2025-11-13 03:00:00,55612.0,-19661.602643265844,-55456.68100347686,16133.475716945173,55612.0,55254.742,52146.707,58362.777,55612.0,56092.977,52595.87,59590.082
2025-11-13 04:00:00,55049.0,-20395.99163876139,-56191.06999897241,15399.086721449628,55049.0,54506.7,51398.664,57614.734,55049.0,55706.55,52209.445,59203.656
2025-11-13 05:00:00,55537.0,-20515.167336482995,-56310.24569669401,15279.911023728022,55537.0,54468.438,51360.402,57576.473,55537.0,55114.78,51617.676,58611.887
2025-11-13 06:00:00,57549.0,-19693.630613382924,-55488.70897359394,16101.447746828093,57549.0,55239.96,52131.926,58347.996,57549.0,55775.25,52278.145,59272.355
2025-11-13 07:00:00,60925.0,-17772.737514966808,-53567.815875177825,18022.34084524421,60925.0,57269.06,54161.023,60377.094,60925.0,58584.273,55087.168,62081.38
2025-11-13 08:00:00,64958.0,-14828.64730611529,-50623.72566632631,20966.431054095727,64958.0,60888.91,57780.875,63996.945,64958.0,62560.523,59063.418,66057.63
2025-11-13 09:00:00,68143.0,-11591.657166775656,-47386.735526986675,24203.42119343536,68143.0,65151.38,62043.344,68259.414,68143.0,67515.45,64018.348,71012.56
2025-11-13 10:00:00,66418.0,-9756.907037786023,-45551.985397997036,26038.171322424994,66418.0,67410.44,64302.402,70518.48,66418.0,69625.555,66128.445,73122.664
2025-11-13 11:00:00,63202.0,-9044.63855668853,-44839.716916899546,26750.439803522488,63202.0,65408.387,62300.35,68516.42,63202.0,66401.375,62904.27,69898.484
2025-11-13 12:00:00,59823.0,-9364.173610942795,-45159.25197115381,26430.904749268222,59823.0,61559.98,58451.945,64668.016,59823.0,61617.883,58120.777,65114.99
2025-11-13 13:00:00,55854.0,-10391.521331165848,-46186.59969137686,25403.55702904517,55854.0,58553.13,55445.094,61661.164,55854.0,56284.523,52787.418,59781.63
2025-11-13 14:00:00,58929.0,-8251.73385621788,-44046.812216428894,27543.34450399314,58929.0,56995.945,53887.91,60103.98,58929.0,53361.59,49864.484,56858.695
2025-11-13 15:00:00,61485.0,-7131.750332760874,-42926.82869297189,28663.328027450145,61485.0,58966.523,55858.49,62074.56,61485.0,57074.227,53577.12,60571.332
2025-11-13 16:00:00,64968.0,-6283.795251717893,-42078.87361192891,29511.283108493124,64968.0,62949.293,59841.258,66057.33,64968.0,60485.26,56988.156,63982.367
2025-11-13 17:00:00,68485.0,-4920.926190074079,-40716.0045502851,30874.15217013694,68485.0,67404.08,64296.043,70512.12,68485.0,63763.53,60266.426,67260.64
2025-11-13 18:00:00,69737.0,-4580.940481595867,-40376.01884180689,31214.13787861515,69737.0,69943.07,66835.03,73051.11,69737.0,66910.38,63413.277,70407.49
2025-11-13 19:00:00,69937.0,-4480.073663379891,-40275.152023590905,31315.004696831125,69937.0,69688.87,66580.83,72796.91,69937.0,67396.03,63898.926,70893.14
2025-11-13 20:00:00,69010.0,-4909.877842072461,-40704.95620228348,30885.200518138554,69010.0,68213.44,65105.402,71321.48,69010.0,66975.89,63478.785,70473.0
2025-11-13 21:00:00,67203.0,-7123.484268330328,-42918.562628541345,28671.59409188069,67203.0,66527.41,63419.37,69635.445,67203.0,65722.39,62225.285,69219.5
2025-11-13 22:00:00,65038.0,-9813.92946146781,-45609.007821678824,25981.14889874321,65038.0,64672.133,61564.098,67780.17,65038.0,63700.906,60203.8,67198.016
2025-11-13 23:00:00,64136.0,-11950.768646335862,-47745.84700654688,23844.309713875155,64136.0,62662.367,59554.332,65770.41,64136.0,61307.21,57810.105,64804.316
2025-11-14 00:00:00,62646.0,-14419.833400610773,-50214.91176082179,21375.244959600244,62646.0,60482.535,57374.5,63590.57,62646.0,59701.65,56204.543,63198.754
2025-11-14 01:00:00,58758.0,-17591.02459632044,-53386.10295653145,18204.053763890577,58758.0,58673.188,55565.152,61781.223,58758.0,57910.47,54413.363,61407.574
2025-11-14 02:00:00,56553.0,-19444.96394183089,-55240.04230204191,16350.114418380126,56553.0,56660.66,53552.625,59768.695,56553.0,55910.508,52413.402,59407.613
2025-11-14 03:00:00,55505.0,-20650.85243926949,-56445.930799480506,15144.225920941528,55505.0,55075.836,51967.8,58183.87,55505.0,54537.645,51040.54,58034.75
2025-11-14 04:00:00,55010.0,-21381.91277457649,-57176.9911347875,14413.165585634528,55010.0,54306.094,51198.06,57414.13,55010.0,53743.793,50246.688,57240.9
2025-11-14 05:00:00,55321.0,-21500.548301621682,-57295.6266618327,14294.530058589335,55321.0,54273.836,51165.8,57381.87,55321.0,53493.055,49995.95,56990.16
2025-11-14 06:00:00,57108.0,-20682.73524077742,-56477.81360098843,15112.343119433597,57108.0,54985.258,51877.223,58093.293,57108.0,54010.504,50513.4,57507.61
2025-11-14 07:00:00,60577.0,-18770.54870036035,-54565.627060571365,17024.52965985067,60577.0,56831.484,53723.45,59939.52,60577.0,56350.99,52853.883,59848.094
2025-11-14 08:00:00,64938.0,-15839.802749020568,-51634.88110923159,19955.27561119045,64938.0,60442.98,57334.945,63551.016,64938.0,60874.14,57377.035,64371.246
2025-11-14 09:00:00,66532.0,-12617.48445290518,-48412.562813116194,23177.593907305836,66532.0,65564.52,62456.49,68672.56,66532.0,66560.78,63063.676,70057.89
2025-11-14 10:00:00,63003.0,-10791.05043397132,-46586.12879418234,25004.027926239694,63003.0,66894.59,63786.56,70002.63,63003.0,65281.48,61784.375,68778.586
2025-11-14 11:00:00,59398.0,-10082.010350563776,-45877.08871077479,25713.068009647242,59398.0,62015.47,58907.434,65123.504,59398.0,58800.86,55303.754,62297.965
2025-11-14 12:00:00,56227.0,-10400.09709388138,-46195.1754540924,25394.981266329636,56227.0,57200.047,54092.01,60308.082,56227.0,54835.984,51338.88,58333.09
2025-11-14 13:00:00,53032.0,-11422.788301715127,-47217.86666192614,24372.29005849589,53032.0,55128.156,52020.12,58236.19,53032.0,52523.09,49025.984,56020.195
2025-11-14 14:00:00,56615.0,-9292.699536066299,-45087.777896277315,26502.37882414472,56615.0,54552.51,51444.477,57660.547,56615.0,51603.695,48106.59,55100.8
2025-11-14 15:00:00,59498.0,-8177.79240208302,-43972.870762294035,27617.285958128,59498.0,57054.285,53946.25,60162.32,59498.0,55275.113,51778.008,58772.22
2025-11-14 16:00:00,63491.0,-7333.6807260164915,-43128.75908622751,28461.397634194524,63491.0,61106.49,57998.453,64214.523,63491.0,58885.855,55388.75,62382.96
2025-11-14 17:00:00,67554.0,-5976.988946460937,-41772.067306671954,29818.08941375008,67554.0,66274.26,63166.223,69382.3,67554.0,62947.46,59450.355,66444.57
2025-11-14 18:00:00,68713.0,-5638.544242681087,-41433.6226028921,30156.53411752993,68713.0,69506.94,66398.9,72614.98,68713.0,66557.49,63060.387,70054.6
2025-11-14 19:00:00,68656.0,-5538.134609096416,-41333.21296930743,30256.943751114602,68656.0,69414.69,66306.65,72522.73,68656.0,66961.195,63464.09,70458.305
2025-11-14 20:00:00,67911.0,-5965.990675729495,-41761.06903594051,29829.08768448152,67911.0,67615.945,64507.91,70723.984,67911.0,66451.46,62954.355,69948.57
2025-11-14 21:00:00,66333.0,-8169.563804062993,-43964.64216427401,27625.514556148024,66333.0,65720.76,62612.723,68828.8,66333.0,65220.926,61723.82,68718.03
2025-11-14 22:00:00,64480.0,-10847.814400251473,-46642.89276046249,24947.263959959542,64480.0,63875.164,60767.13,66983.2,64480.0,63544.77,60047.664,67041.875
2025-11-14 23:00:00,63924.0,-12974.968239114052,-48770.04659932507,22820.110121096965,63924.0,61779.188,58671.152,64887.223,63924.0,61725.93,58228.824,65223.035
2025-11-15 00:00:00,62496.0,-15432.841815959975,-51227.92017617099,20362.23654425104,62496.0,59802.164,56694.13,62910.2,62496.0,60531.21,57034.105,64028.316
2025-11-15 01:00:00,58610.0,-18589.65940592642,-54384.737766137434,17205.418954284596,58610.0,58628.75,55520.715,61736.785,58610.0,58652.22,55155.113,62149.324
2025-11-15 02:00:00,56298.0,-20435.19566515804,-56230.27402536906,15359.882695052976,56298.0,56945.406,53837.37,60053.44,56298.0,55897.93,52400.824,59395.035
2025-11-15 03:00:00,54950.0,-21635.618403907625,-57430.69676411864,14159.459956303392,54950.0,55311.043,52203.008,58419.08,54950.0,54753.883,51256.777,58250.99
2025-11-15 04:00:00,54281.0,-22363.365166369058,-58158.44352658007,13431.713193841959,54281.0,54206.836,51098.8,57314.87,54281.0,53873.586,50376.48,57370.69
2025-11-15 05:00:00,54471.0,-22481.46297109237,-58276.541331303386,13313.615389118648,54471.0,53639.383,50531.348,56747.418,54471.0,53610.99,50113.883,57108.094
2025-11-15 06:00:00,55395.0,-21667.356694791448,-57462.43505500247,14127.721665419569,55395.0,53632.105,50524.07,56740.14,55395.0,54471.312,50974.207,57968.418
2025-11-15 07:00:00,57044.0,-19763.837249400574,-55558.91560961159,16031.241110810442,57044.0,54216.305,51108.27,57324.34,57044.0,55313.72,51816.613,58810.824
2025-11-15 08:00:00,57507.0,-16846.37507196099,-52641.453432172006,18948.703288250028,57507.0,55311.84,52203.805,58419.875,57507.0,55902.906,52405.8,59400.01
2025-11-15 09:00:00,55019.0,-13638.662118100016,-49433.74047831103,22156.416242111,55019.0,55950.008,52841.973,59058.043,55019.0,56206.69,52709.586,59703.797
2025-11-15 10:00:00,50762.0,-11820.506515976746,-47615.584876187764,23974.57184423427,50762.0,53900.703,50792.668,57008.74,50762.0,52327.664,48830.56,55824.77
2025-11-15 11:00:00,48039.0,-11114.680197361697,-46909.75855757271,24680.39816284932,48039.0,50546.79,47438.754,53654.824,48039.0,49165.39,45668.285,52662.496
2025-11-15 12:00:00,45665.0,-11431.325194294921,-47226.40355450594,24363.753165916096,45665.0,48140.516,45032.48,51248.55,45665.0,48078.543,44581.438,51575.65
2025-11-15 13:00:00,43953.0,-12449.380995648495,-48244.45935585951,23345.697364562522,43953.0,46820.582,43712.547,49928.617,43953.0,47315.496,43818.39,50812.6
2025-11-15 14:00:00,45429.0,-10328.94697934336,-46124.02533955438,25466.131380867657,45429.0,46506.67,43398.637,49614.707,45429.0,47028.676,43531.57,50525.78
2025-11-15 15:00:00,47895.0,-9219.093225807737,-45014.171586018754,26575.98513440328,47895.0,47945.86,44837.824,51053.895,47895.0,49064.543,45567.438,52561.65
2025-11-15 16:00:00,52123.0,-8378.807534264452,-44173.88589447547,27416.270825946565,52123.0,50812.19,47704.156,53920.227,52123.0,50801.414,47304.31,54298.52
2025-11-15 17:00:00,56595.0,-7028.26503791225,-42823.34339812327,28766.813322298767,56595.0,54948.7,51840.664,58056.734,56595.0,54314.316,50817.21,57811.42
2025-11-15 18:00:00,59423.0,-6691.354354138697,-42486.432714349714,29103.72400607232,59423.0,59054.215,55946.18,62162.25,59423.0,57392.855,53895.75,60889.96
2025-11-15 19:00:00,60524.0,-6591.399832969802,-42386.47819318082,29203.678527241216,60524.0,60792.574,57684.54,63900.61,60524.0,59422.703,55925.598,62919.81
2025-11-15 20:00:00,60300.0,-7017.3166174728885,-42812.39497768391,28777.761742738126,60300.0,60894.75,57786.715,64002.785,60300.0,59904.39,56407.285,63401.496
2025-11-15 21:00:00,59680.0,-9210.901924379576,-45005.980284590594,26584.17643583144,59680.0,60090.35,56982.316,63198.387,59680.0,59240.188,55743.082,62737.293
2025-11-15 22:00:00,58534.0,-11877.013196328242,-47672.09155653926,23918.065163882777,58534.0,58826.594,55718.56,61934.63,58534.0,58151.277,54654.17,61648.383
2025-11-15 23:00:00,58505.0,-13994.525588570903,-49789.60394878192,21800.552771640112,58505.0,57350.176,54242.14,60458.21,58505.0,56621.363,53124.258,60118.47
2025-11-16 00:00:00,57521.0,-16441.258712640578,-52236.337072851595,19353.81964757044,57521.0,56135.883,53027.848,59243.918,57521.0,55977.387,52480.28,59474.492
2025-11-16 01:00:00,54357.0,-19583.76784605517,-55378.846206266186,16211.310514155848,54357.0,54806.598,51698.562,57914.633,54357.0,54865.406,51368.3,58362.51
2025-11-16 02:00:00,52074.0,-21420.939106477857,-57216.01746668888,14374.13925373316,52074.0,53261.875,50153.84,56369.91,52074.0,52882.9,49385.793,56380.004
2025-11-16 03:00:00,50577.0,-22615.920860402774,-58410.99922061379,13179.157499808243,50577.0,51820.062,48712.027,54928.098,50577.0,51620.11,48123.004,55117.215
2025-11-16 04:00:00,50013.0,-23340.369068977365,-59135.44742918838,12454.709291233652,50013.0,50697.617,47589.582,53805.652,50013.0,50840.945,47343.84,54338.05
2025-11-16 05:00:00,50264.0,-23457.93158863602,-59253.00994884704,12337.146771574997,50264.0,49996.883,46888.848,53104.918,50264.0,50610.316,47113.21,54107.42
2025-11-16 06:00:00,51288.0,-22647.515295665165,-58442.59365587618,13147.563064545851,51288.0,49750.285,46642.25,52858.32,51288.0,50696.758,47199.652,54193.863
2025-11-16 07:00:00,52566.0,-20752.62366119582,-56547.70202140683,15042.454699015198,52566.0,50015.645,46907.61,53123.68,52566.0,51214.234,47717.13,54711.34
2025-11-16 08:00:00,52734.0,-17848.38504819032,-53643.46340840134,17946.693312020696,52734.0,50744.09,47636.055,53852.125,52734.0,51939.438,48442.332,55436.543
2025-11-16 09:00:00,50591.0,-14655.211237033389,-50450.28959724441,21139.867123177628,50591.0,51261.594,48153.56,54369.63,50591.0,52117.297,48620.19,55614.402
2025-11-16 10:00:00,47161.0,-12845.296529322322,-48640.37488953334,22949.781830888693,47161.0,49614.15,46506.113,52722.184,47161.0,49407.504,45910.4,52904.61
2025-11-16 11:00:00,44798.0,-12142.669408926758,-47937.74776913777,23652.40895128426,44798.0,47047.33,43939.293,50155.363,44798.0,47156.414,43659.31,50653.52
2025-11-16 12:00:00,42761.0,-12457.879194273673,-48252.95755448469,23337.199165937345,42761.0,45078.402,41970.367,48186.438,42761.0,45562.848,42065.742,49059.953
2025-11-16 13:00:00,42100.0,-13471.320599392466,-49266.39895960348,22323.757760818553,42100.0,44104.85,40996.816,47212.887,42100.0,45043.117,41546.01,48540.223
2025-11-16 14:00:00,43156.0,-11360.497571726588,-47155.57593193761,24434.58078848443,43156.0,44231.0,41122.965,47339.035,43156.0,45408.06,41910.953,48905.164
2025-11-16 15:00:00,45260.0,-10255.67429390228,-46050.7526541133,25539.404066308736,45260.0,45674.742,42566.707,48782.777,45260.0,46104.78,42607.676,49601.887
2025-11-16 16:00:00,49518.0,-9419.197245388232,-45214.27560559925,26375.881114822783,49518.0,48258.28,45150.246,51366.316,49518.0,47440.375,43943.27,50937.48
2025-11-16 17:00:00,54697.0,-8074.776160261028,-43869.85452047204,27720.30219994999,54697.0,51889.42,48781.387,54997.457,54697.0,51282.72,47785.613,54779.824
2025-11-16 18:00:00,58691.0,-7739.392543460224,-43534.470903671245,28055.685816750793,58691.0,55724.055,52616.02,58832.09,58691.0,55847.367,52350.26,59344.473
2025-11-16 19:00:00,60424.0,-7639.891071884012,-43434.96943209503,28155.187288327004,60424.0,58539.695,55431.66,61647.73,60424.0,58768.32,55271.215,62265.426
2025-11-16 20:00:00,60225.0,-8063.877364164444,-43858.95572437546,27731.200996046573,60225.0,59772.547,56664.51,62880.582,60225.0,59566.19,56069.086,63063.297
2025-11-16 21:00:00,59619.0,-10247.520120017049,-46042.598480228065,25547.55824019397,59619.0,59497.555,56389.52,62605.59,59619.0,58915.926,55418.82,62413.03
2025-11-16 22:00:00,58374.0,-12901.54708990837,-48696.62545011939,22893.531270302647,58374.0,58461.004,55352.97,61569.04,58374.0,57855.0,54357.895,61352.105
2025-11-16 23:00:00,57311.0,-15009.46173594019,-50804.540096151206,20785.616624270828,57311.0,56992.684,53884.65,60100.72,57311.0,56305.438,52808.332,59802.543
2025-11-17 00:00:00,55942.0,-17445.104901973955,-53240.183262184975,18349.973458237062,55942.0,55529.99,52421.953,58638.023,55942.0,54970.86,51473.754,58467.965
2025-11-17 01:00:00,52981.0,-20573.37043273561,-56368.44879294663,15221.707927475407,52981.0,53621.535,50513.5,56729.57,52981.0,53735.406,50238.3,57232.51
2025-11-17 02:00:00,50946.0,-22402.21460918562,-58197.292969396636,13392.863751025398,50946.0,51930.984,48822.95,55039.02,50946.0,52002.516,48505.41,55499.62
2025-11-17 03:00:00,49870.0,-23591.78003986125,-59386.85840007226,12203.298320349768,49870.0,50696.336,47588.3,53804.37,49870.0,51031.305,47534.2,54528.41
2025-11-17 04:00:00,49793.0,-24312.944645433436,-60108.023005644456,11482.133714777581,49793.0,50214.836,47106.8,53322.87,49793.0,50996.72,47499.613,54493.824
2025-11-17 05:00:00,50608.0,-24429.97430623765,-60225.05266644867,11365.104053973366,50608.0,50266.734,47158.7,53374.77,50608.0,50519.305,47022.2,54016.41
2025-11-17 06:00:00,52993.0,-23623.231271536057,-59418.30963174708,12171.84708867496,52993.0,51051.125,47943.09,54159.16,52993.0,51480.617,47983.51,54977.723
2025-11-17 07:00:00,57589.0,-21736.92834194103,-57532.00670215205,14058.150018269986,57589.0,52795.938,49687.902,55903.973,57589.0,53661.53,50164.426,57158.637
2025-11-17 08:00:00,63726.0,-18845.853356806365,-54640.93171701738,16949.225003404652,63726.0,56634.984,53526.95,59743.02,63726.0,58686.195,55189.09,62183.3
2025-11-17 09:00:00,68074.0,-15667.152788856352,-51462.23114906737,20127.925571354666,68074.0,63882.395,60774.36,66990.43,68074.0,66751.59,63254.49,70248.7
2025-11-17 10:00:00,66504.0,-13865.441623231518,-49660.51998344254,21929.636736979497,66504.0,69455.8,66347.76,72563.836,66504.0,69509.48,66012.37,73006.586
2025-11-17 11:00:00,65425.0,-13165.999200506256,-48961.07756071727,22629.07915970476,65425.0,67595.07,64487.035,70703.11,65425.0,66296.99,62799.887,69794.1
2025-11-17 12:00:00,64595.0,-13479.780279445587,-49274.8586396566,22315.29808076543,64595.0,63236.406,60128.37,66344.445,64595.0,60775.58,57278.473,64272.684
2025-11-17 13:00:00,61535.0,-14488.62820334485,-50283.70656355587,21306.450156866165,61535.0,62305.215,59197.18,65413.25,61535.0,60649.16,57152.055,64146.266
2025-11-17 14:00:00,65495.0,-12387.372601961699,-48182.45096217272,23407.705758249318,65495.0,61949.402,58841.367,65057.438,65495.0,57256.324,53759.22,60753.43
2025-11-17 15:00:00,67443.0,-11287.556998929396,-47082.63535914041,24507.521361281622,67443.0,65252.594,62144.56,68360.63,67443.0,62500.133,59003.027,65997.24
2025-11-17 16:00:00,69958.0,-10454.87133055189,-46249.94969076291,25340.207029659126,69958.0,69518.96,66410.92,72627.0,69958.0,65702.52,62205.418,69199.63
2025-11-17 17:00:00,72839.0,-9116.543911002667,-44911.62227121368,26678.53444920835,72839.0,72616.15,69508.11,75724.19,72839.0,67841.0,64343.895,71338.11
2025-11-17 18:00:00,74529.0,-8782.680439656087,-44577.75879986711,27012.39792055493,74529.0,74752.516,71644.48,77860.555,74529.0,70611.49,67114.38,74108.6
2025-11-17 19:00:00,73944.0,-8683.629964199326,-44478.70832441034,27111.448396011692,73944.0,74057.695,70949.66,77165.734,73944.0,71114.45,67617.34,74611.56
2025-11-17 20:00:00,72251.0,-9105.694514323683,-44900.7728745347,26689.383845887336,72251.0,71820.74,68712.7,74928.78,72251.0,70344.805,66847.695,73841.914
2025-11-17 21:00:00,69857.0,-11279.439784304377,-47074.518144515394,24515.63857590664,69857.0,69651.99,66543.95,72760.03,69857.0,68138.27,64641.168,71635.38
2025-11-17 22:00:00,67389.0,-13921.43722492963,-49716.515585140645,21873.64113528139,67389.0,67410.76,64302.723,70518.8,67389.0,66247.18,62750.074,69744.29
2025-11-17 23:00:00,66327.0,-16019.797627085074,-51814.875987296095,19775.280733125943,66327.0,64902.094,61794.06,68010.13,66327.0,63997.543,60500.438,67494.65
2025-11-18 00:00:00,64760.0,-18444.401100952975,-54239.479461163995,17350.677259258042,64760.0,62681.78,59573.746,65789.82,64760.0,62813.97,59316.863,66311.08
2025-11-18 01:00:00,60880.0,-21558.487589006607,-57353.56594921762,14236.59077120441,60880.0,60661.957,57553.92,63769.992,60880.0,60651.258,57154.152,64148.363
2025-11-18 02:00:00,58581.0,-23379.04242446903,-59174.120784680046,12416.035935741987,58581.0,58252.047,55144.01,61360.082,58581.0,58031.81,54534.703,61528.914
2025-11-18 03:00:00,57358.0,-24563.21608169075,-60358.294441901766,11231.862278520268,57358.0,56457.97,53349.934,59566.004,57358.0,56859.453,53362.348,60356.56
2025-11-18 04:00:00,56918.0,-25281.111967379227,-61076.190327590244,10513.96639283179,56918.0,55641.05,52533.016,58749.086,56918.0,56150.812,52653.707,59647.918
2025-11-18 05:00:00,57536.0,-25397.611184542286,-61192.6895447533,10397.467175668731,57536.0,55928.098,52820.062,59036.133,57536.0,56014.79,52517.684,59511.895
2025-11-18 06:00:00,59590.0,-24594.52475885644,-60389.603119067455,11200.553601354575,59590.0,57372.48,54264.445,60480.516,59590.0,57211.902,53714.797,60709.008
2025-11-18 07:00:00,63729.0,-22716.771605338923,-58511.84996554994,13078.306754872094,63729.0,60322.016,57213.98,63430.05,63729.0,60378.21,56881.105,63875.316
2025-11-18 08:00:00,69252.0,-19838.80058317774,-55633.87894338876,15956.277777033276,69252.0,65214.75,62106.715,68322.79,69252.0,66552.555,63055.45,70049.664
2025-11-18 09:00:00,73752.0,-16674.507657630773,-52469.58601784179,19120.570702580244,73752.0,70765.516,67657.48,73873.555,73752.0,72996.984,69499.875,76494.09
2025-11-18 10:00:00,72744.0,-14880.96285106776,-50676.041211278774,20914.11550914326,72744.0,73690.695,70582.66,76798.734,72744.0,74497.77,71000.664,77994.88
2025-11-18 11:00:00,69639.0,-14184.690691188187,-49979.769051399206,21610.387669022828,69639.0,70056.7,66948.664,73164.74,69639.0,70874.78,67377.67,74371.89
2025-11-18 12:00:00,65306.0,-14497.049539413565,-50292.12789962458,21298.02882079745,65306.0,65487.715,62379.68,68595.75,65306.0,66222.84,62725.74,69719.95
2025-11-18 13:00:00,60163.0,-15501.324802310042,-51296.40316252106,20293.753557900975,60163.0,63059.82,59951.785,66167.86,60163.0,61124.676,57627.57,64621.78
2025-11-18 14:00:00,63983.0,-13409.59326230196,-49204.67162251298,22385.485097909055,63983.0,61161.18,58053.145,64269.215,63983.0,58355.63,54858.523,61852.734
2025-11-18 15:00:00,67690.0,-12314.762636488822,-48109.84099669984,23480.315723722197,67690.0,64117.14,61009.105,67225.18,67690.0,62792.137,59295.03,66289.24
2025-11-18 16:00:00,71503.0,-11485.851163600217,-47280.92952381123,24309.227196610802,71503.0,69345.61,66237.57,72453.65,71503.0,66500.91,63003.8,69998.016
2025-11-18 17:00:00,75076.0,-10153.589789740692,-45948.66814995171,25641.488570470327,75076.0,73508.49,70400.45,76616.53,75076.0,69482.73,65985.62,72979.836
2025-11-18 18:00:00,76163.0,-9821.239573701987,-45616.317933913,25973.83878650903,76163.0,76035.086,72927.05,79143.125,76163.0,72592.6,69095.49,76089.71
2025-11-18 19:00:00,75429.0,-9722.638050198935,-45517.71641040995,26072.440310012084,75429.0,75444.45,72336.414,78552.49,75429.0,73056.97,69559.86,76554.08
2025-11-18 20:00:00,73737.0,-10142.789568573618,-45937.86792878463,25652.2887916374,73737.0,72884.6,69776.56,75992.64,73737.0,72005.48,68508.37,75502.586
2025-11-18 21:00:00,71090.0,-12306.682213604054,-48101.760573815074,23488.396146606963,71090.0,70577.05,67469.01,73685.086,71090.0,70016.42,66519.31,73513.53
2025-11-18 22:00:00,68624.0,-14936.704649493697,-50731.78300970471,20858.373710717322,68624.0,68272.86,65164.824,71380.9,68624.0,67712.95,64215.848,71210.06
2025-11-18 23:00:00,67537.0,-17025.55411293041,-52820.63247314143,18769.524247280606,67537.0,65659.49,62551.457,68767.53,67537.0,65319.645,61822.54,68816.75
2025-11-19 00:00:00,65908.0,-19439.167932669552,-55234.24629288057,16355.910427541465,65908.0,63595.06,60487.023,66703.09,65908.0,64158.867,60661.76,67655.98
2025-11-19 01:00:00,62128.0,-22539.139645338422,-58334.21800554944,13255.938714872595,62128.0,61771.395,58663.36,64879.43,62128.0,62040.367,58543.26,65537.48
2025-11-19 02:00:00,59722.0,-24351.4427117261,-60146.52107193712,11443.635648484917,59722.0,59385.688,56277.652,62493.723,59722.0,59564.47,56067.363,63061.574
2025-11-19 03:00:00,58364.0,-25530.24903401594,-61325.32739422696,10264.829326195078,58364.0,57488.617,54380.582,60596.652,58364.0,58147.754,54650.65,61644.86
2025-11-19 04:00:00,57800.0,-26244.891015480815,-62039.96937569183,9550.187344730202,57800.0,56528.527,53420.492,59636.562,57800.0,57620.555,54123.45,61117.66
2025-11-19 05:00:00,58203.0,-26360.8621932689,-62155.940553479915,9434.216166942118,58203.0,56580.68,53472.645,59688.715,58203.0,57264.598,53767.492,60761.703
2025-11-19 06:00:00,59960.0,-25561.41580280898,-61356.49416302,10233.662557402036,59960.0,57735.9,54627.863,60843.934,59960.0,58465.094,54967.99,61962.2
2025-11-19 07:00:00,64109.0,-23692.17367301916,-59487.25203323018,12102.904687191858,64109.0,60425.1,57317.066,63533.137,64109.0,61166.203,57669.098,64663.31
2025-11-19 08:00:00,69755.0,-20827.247219368674,-56622.32557957969,14967.831140842343,69755.0,65228.324,62120.29,68336.36,69755.0,66521.29,63024.184,70018.4
2025-11-19 09:00:00,74012.0,-17677.296632760273,-53472.374992971294,18117.781727450743,74012.0,70987.02,67878.984,74095.06,74012.0,72911.414,69414.305,76408.52
2025-11-19 10:00:00,72011.0,-15891.881170768856,-51686.959530979875,19903.19718944216,72011.0,73875.88,70767.84,76983.92,72011.0,73505.48,70008.37,77002.586
2025-11-19 11:00:00,68618.0,-15198.76490433703,-50993.84326454805,20596.313455873988,68618.0,69662.05,66554.01,72770.086,68618.0,69070.05,65572.94,72567.16
2025-11-19 12:00:00,65294.0,-15509.707968190633,-51304.78632840165,20285.370392020384,65294.0,64224.887,61116.85,67332.92,65294.0,64613.418,61116.312,68110.52
2025-11-19 13:00:00,61364.0,-16509.431295932245,-52304.50965614326,19285.64706427877,61364.0,62191.504,59083.47,65299.54,61364.0,61526.688,58029.582,65023.793
2025-11-19 14:00:00,64873.0,-14427.180648945501,-50222.25900915652,21367.897711265516,64873.0,61633.145,58525.11,64741.18,64873.0,59317.89,55820.785,62814.996
2025-11-19 15:00:00,67917.0,-13337.31240565674,-49132.390765867756,22457.765954554277,67917.0,65159.223,62051.188,68267.26,67917.0,63193.453,59696.348,66690.56
2025-11-19 16:00:00,71053.0,-12512.158021499792,-48307.23638171081,23282.920338711225,71053.0,69853.66,66745.62,72961.695,71053.0,66543.234,63046.13,70040.34
2025-11-19 17:00:00,74120.0,-11185.935198630408,-46981.01355884143,24609.143161580607,74120.0,73409.39,70301.35,76517.43,74120.0,69361.266,65864.16,72858.375
2025-11-19 18:00:00,75238.0,-10855.091378983218,-46650.169739194236,24939.986981227798,75238.0,75325.36,72217.32,78433.4,75238.0,71473.42,67976.31,74970.53
2025-11-19 19:00:00,74399.0,-10756.936772533425,-46552.01513274444,25038.141587677594,74399.0,74219.56,71111.52,77327.6,74399.0,72155.21,68658.1,75652.32
2025-11-19 20:00:00,73006.0,-11175.18393008442,-46970.26229029544,24619.894430126595,73006.0,71818.95,68710.914,74926.99,73006.0,71075.09,67577.984,74572.2
2025-11-19 21:00:00,70762.0,-13329.26860775155,-49124.34696796257,22465.809752459467,70762.0,69800.32,66692.28,72908.36,70762.0,69304.74,65807.63,72801.85
2025-11-19 22:00:00,68328.0,-15947.370316300487,-51742.4486765115,19847.70804391053,68328.0,67755.92,64647.887,70863.96,68328.0,67108.7,63611.598,70605.81
2025-11-19 23:00:00,67467.0,-18026.75194989301,-53821.83031010402,17768.326410318008,67467.0,65399.312,62291.277,68507.35,67467.0,64964.305,61467.2,68461.414
2025-11-20 00:00:00,65914.0,-20429.425926740223,-56224.50428695124,15365.652433470794,65914.0,63473.01,60364.977,66581.05,65914.0,63641.234,60144.13,67138.34
2025-11-20 01:00:00,62162.0,-23515.346840052272,-59310.425200263286,12279.731520158744,62162.0,61762.074,58654.04,64870.11,62162.0,61745.402,58248.297,65242.508
2025-11-20 02:00:00,59612.0,-25319.435538981208,-61114.51389919223,10475.642821229809,59612.0,59450.246,56342.21,62558.28,59612.0,59474.207,55977.1,62971.312
2025-11-20 03:00:00,58146.0,-26492.898854092186,-62287.9772143032,9302.179506118831,58146.0,57578.453,54470.418,60686.49,58146.0,57993.07,54495.965,61490.176
2025-11-20 04:00:00,57329.0,-27204.30167984074,-62999.38004005176,8590.776680370276,57329.0,56600.11,53492.074,59708.145,57329.0,57312.594,53815.49,60809.7
2025-11-20 05:00:00,57651.0,-27319.74721162257,-63114.825571833586,8475.331148588448,57651.0,56555.29,53447.254,59663.324,57651.0,57584.08,54086.973,61081.184
2025-11-20 06:00:00,59427.0,-26523.924357720418,-62319.002717931435,9271.154002490599,59427.0,57549.184,54441.15,60657.22,59427.0,58357.105,54860.0,61854.21
2025-11-20 07:00:00,63221.0,-24663.15467495573,-60458.23303516675,11131.923685255286,63221.0,59912.79,56804.754,63020.824,63221.0,60933.65,57436.543,64430.754
2025-11-20 08:00:00,68695.0,-21811.213664561965,-57606.29202477298,13983.864695649052,68695.0,64359.906,61251.87,67467.945,68695.0,65577.1,62079.996,69074.21
2025-11-20 09:00:00,73572.0,-18675.540409419355,-54470.61876963037,17119.537950791662,73572.0,69781.29,66673.25,72889.33,73572.0,71573.984,68076.875,75071.09
2025-11-20 10:00:00,72148.0,-16898.217445279606,-52693.29580549062,18896.86091493141,72148.0,73628.37,70520.33,76736.41,72148.0,73802.66,70305.55,77299.766
2025-11-20 11:00:00,68502.0,-16208.242768027701,-52003.32112823872,19586.835592183314,68502.0,70787.98,67679.94,73896.016,68502.0,69658.19,66161.08,73155.3
2025-11-20 12:00:00,65458.0,-16517.77646463329,-52312.85482484431,19277.301895577726,65458.0,64920.0,61811.965,68028.04,65458.0,64486.18,60989.074,67983.29
2025-11-20 13:00:00,62187.0,-17512.96848912687,-53308.04684933789,18282.109871084147,62187.0,62619.008,59510.973,65727.05,62187.0,62832.465,59335.36,66329.57
2025-11-20 14:00:00,65717.0,-15440.155762470773,-51235.23412268179,20354.922597740246,65717.0,62012.875,58904.84,65120.91,65717.0,62985.465,59488.36,66482.57
2025-11-20 15:00:00,67595.0,-14355.227409423343,-50150.30576963436,21439.850950787673,67595.0,64813.684,61705.65,67921.72,67595.0,65093.785,61596.68,68590.89
2025-11-20 16:00:00,70012.0,-13533.813084778169,-49328.89144498919,22261.26527543285,70012.0,68691.1,65583.06,71799.14,70012.0,66842.125,63345.02,70339.234
2025-11-20 17:00:00,72572.0,-12213.601442820669,-48008.679803031686,23581.476917390348,72572.0,71696.625,68588.586,74804.664,72572.0,69224.055,65726.945,72721.164
2025-11-20 18:00:00,73692.0,-11884.257191737059,-47679.335551948076,23910.821168473958,73692.0,73760.33,70652.29,76868.37,73692.0,70833.37,67336.26,74330.48
2025-11-20 19:00:00,73141.0,-11786.547476663385,-47581.6258368744,24008.53088354763,73141.0,72927.88,69819.84,76035.92,73141.0,71046.59,67549.484,74543.7
2025-11-20 20:00:00,71783.0,-12202.89890501521,-47997.977265226225,23592.17945519581,71783.0,71007.164,67899.125,74115.2,71783.0,70128.76,66631.65,73625.87
2025-11-20 21:00:00,69496.0,-14347.220070492916,-50142.29843070393,21447.8582897181,69496.0,69342.47,66234.43,72450.51,69496.0,68505.38,65008.277,72002.49
2025-11-20 22:00:00,67269.0,-16953.455083080647,-52748.533443291664,18841.62327713037,67269.0,67199.01,64090.973,70307.05,67269.0,66410.72,62913.613,69907.83
2025-11-20 23:00:00,66406.0,-19023.411800310074,-54818.49016052109,16771.666559900943,66406.0,64807.15,61699.113,67915.19,66406.0,64406.188,60909.082,67903.3
2025-11-21 00:00:00,64920.0,-21415.195519729914,-57210.27387994093,14379.882840481103,64920.0,62844.5,59736.465,65952.54,64920.0,62973.773,59476.668,66470.88
2025-11-21 01:00:00,61077.0,-24487.129319738066,-60282.20767994908,11307.949040472951,61077.0,60908.805,57800.77,64016.84,61077.0,61300.402,57803.297,64797.508
2025-11-21 02:00:00,58643.0,-26283.040883299294,-62078.119243510315,9512.037476911722,58643.0,58670.152,55562.117,61778.188,58643.0,58380.715,54883.61,61877.82
2025-11-21 03:00:00,57241.0,-27451.185408717505,-63246.26376892852,8343.892951493512,57241.0,56900.51,53792.477,60008.547,57241.0,56755.72,53258.613,60252.824
2025-11-21 04:00:00,56670.0,-28159.363760408567,-63954.442120619584,7635.71459980245,56670.0,55997.312,52889.277,59105.348,56670.0,56038.117,52541.01,59535.223
2025-11-21 05:00:00,57143.0,-28274.28602870477,-64069.36438891578,7520.792331506247,57143.0,56053.97,52945.934,59162.004,57143.0,56185.055,52687.95,59682.16
2025-11-21 06:00:00,59210.0,-27482.070287473372,-63277.148647684386,8313.008072737644,59210.0,57104.344,53996.31,60212.38,59210.0,57383.805,53886.7,60880.91
2025-11-21 07:00:00,63077.0,-25629.734649882364,-61424.81301009338,10165.343710328652,63077.0,59654.418,56546.383,62762.453,63077.0,60362.523,56865.418,63859.63
2025-11-21 08:00:00,68499.0,-22790.720225479938,-58585.79858569095,13004.35813473108,68499.0,64122.715,61014.68,67230.75,68499.0,66118.79,62621.684,69615.9
2025-11-21 09:00:00,71226.0,-19669.25958898043,-55464.337949191446,16125.818771230588,71226.0,69640.86,66532.82,72748.9,71226.0,71346.945,67849.836,74844.055
2025-11-21 10:00:00,67836.0,-17899.992442982293,-53695.07080319331,17895.085917228724,67836.0,71288.33,68180.29,74396.37,67836.0,71321.03,67823.92,74818.14
2025-11-21 11:00:00,63998.0,-17213.1451154774,-53008.22347568841,18581.933244733616,63998.0,65620.57,62512.535,68728.61,63998.0,64850.195,61353.09,68347.305
2025-11-21 12:00:00,60555.0,-17521.275832872758,-53316.354193083775,18273.80252733826,60555.0,60737.57,57629.535,63845.605,60555.0,60127.484,56630.38,63624.59
2025-11-21 13:00:00,56962.0,-18511.95709250983,-54307.03545272085,17283.121267701186,56962.0,58976.688,55868.652,62084.723,56962.0,57771.41,54274.305,61268.516
2025-11-21 14:00:00,60577.0,-16448.539508269867,-52243.617868480884,19346.53885194115,60577.0,58222.242,55114.207,61330.277,60577.0,55461.73,51964.625,58958.836
2025-11-21 15:00:00,63385.0,-15368.528655128292,-51163.60701533931,20426.549705082725,63385.0,60872.312,57764.277,63980.348,63385.0,59770.17,56273.066,63267.277
2025-11-21 16:00:00,67270.0,-14550.837437960918,-50345.91579817193,21244.2409222501,67270.0,64903.844,61795.81,68011.88,67270.0,62895.953,59398.848,66393.06
2025-11-21 17:00:00,71153.0,-13236.609730893493,-49031.68809110451,22558.468629317525,71153.0,68806.03,65697.99,71914.07,71153.0,66682.44,63185.332,70179.55
2025-11-21 18:00:00,72132.0,-12908.758251493053,-48703.83661170407,22886.320108717962,72132.0,70716.11,67608.07,73824.15,72132.0,68988.9,65491.793,72486.01
2025-11-21 19:00:00,71132.0,-12811.49141129985,-48606.56977151087,22983.586948911165,71132.0,70988.69,67880.65,74096.73,71132.0,69485.85,65988.74,72982.96
2025-11-21 20:00:00,69866.0,-13225.955702953688,-49021.034063164705,22569.12265725733,69866.0,69530.69,66422.65,72638.73,69866.0,68431.02,64933.918,71928.13
2025-11-21 21:00:00,68007.0,-15360.557609920234,-51155.63597013125,20434.520750290783,68007.0,67553.3,64445.26,70661.336,68007.0,67251.68,63754.574,70748.79
2025-11-21 22:00:00,65866.0,-17954.97971302594,-53750.058073236956,17840.098647185077,65866.0,65273.336,62165.3,68381.375,65866.0,65315.465,61818.36,68812.57
2025-11-21 23:00:00,65246.0,-20015.55423286555,-55810.63259307657,15779.524127345467,65246.0,63044.43,59936.395,66152.47,65246.0,63349.06,59851.953,66846.164
2025-11-22 00:00:00,63903.0,-22396.49705557361,-58191.575415784624,13398.581304637406,63903.0,61046.566,57938.53,64154.6,63903.0,62191.293,58694.188,65688.4
2025-11-22 01:00:00,60222.0,-25454.507139670113,-61249.58549988113,10340.571220540904,60222.0,59672.477,56564.44,62780.51,60222.0,60445.22,56948.113,63942.324
2025-11-22 02:00:00,57461.0,-27242.27863119808,-63037.3569914091,8552.799729012935,57461.0,57914.28,54806.246,61022.316,57461.0,57498.47,54001.363,60995.574
2025-11-22 03:00:00,56142.0,-28405.12847464247,-64200.20683485349,7389.949885568545,56142.0,56276.66,53168.625,59384.695,56142.0,55767.25,52270.145,59264.355
2025-11-22 04:00:00,55402.0,-29110.096967389403,-64905.17532760042,6684.981392821614,55402.0,55145.195,52037.16,58253.23,55402.0,55102.21,51605.105,58599.316
2025-11-22 05:00:00,55441.0,-29224.498343921703,-65019.57670413272,6570.580016289314,55441.0,54623.277,51515.242,57731.312,55441.0,55110.426,51613.32,58607.53
2025-11-22 06:00:00,56350.0,-28435.873365916264,-64230.951726127285,7359.204994294752,56350.0,54688.58,51580.543,57796.613,56350.0,55446.74,51949.633,58943.844
2025-11-22 07:00:00,57948.0,-26591.93354570608,-62387.0119059171,9203.144814504936,57948.0,55333.742,52225.707,58441.777,57948.0,56649.883,53152.777,60146.99
2025-11-22 08:00:00,58940.0,-23765.78711680354,-59560.86547701456,12029.291243407475,58940.0,56482.83,53374.793,59590.863,58940.0,57528.07,54030.965,61025.176
2025-11-22 09:00:00,57640.0,-20658.474679439023,-56453.55303965004,15136.603680771994,57640.0,57345.34,54237.305,60453.375,57640.0,58119.64,54622.535,61616.746
2025-11-22 10:00:00,54023.0,-18897.226838125327,-54692.30519833634,16897.85152208569,54023.0,56406.65,53298.613,59514.684,54023.0,56834.64,53337.535,60331.746
2025-11-22 11:00:00,51043.0,-18213.492685475576,-54008.57104568659,17581.58567473544,51043.0,54302.754,51194.72,57410.79,51043.0,54528.473,51031.367,58025.58
2025-11-22 12:00:00,48695.0,-18520.226782744336,-54315.30514295535,17274.85157746668,48695.0,51112.46,48004.426,54220.496,48695.0,49642.324,46145.22,53139.43
2025-11-22 13:00:00,46927.0,-19506.417722824997,-55301.496083036014,16288.66063738602,46927.0,49185.28,46077.246,52293.316,46927.0,47852.805,44355.7,51349.91
2025-11-22 14:00:00,48427.0,-17452.352696980008,-53247.431057191025,18342.72566323101,48427.0,49299.31,46191.273,52407.344,48427.0,49377.64,45880.535,52874.746
2025-11-22 15:00:00,50552.0,-16377.237054894284,-52172.3154151053,19417.84130531673,50552.0,50111.742,47003.707,53219.777,50552.0,49480.91,45983.805,52978.016
2025-11-22 16:00:00,54382.0,-15563.252070006803,-51358.33043021782,20231.82629020421,54382.0,52325.035,49217.0,55433.07,54382.0,50887.17,47390.066,54384.277
2025-11-22 17:00:00,58257.0,-14254.9811753018,-50050.05953551282,21540.097184909217,58257.0,56211.64,53103.605,59319.676,58257.0,54903.11,51406.004,58400.215
2025-11-22 18:00:00,61132.0,-13928.615701511368,-49723.69406172239,21866.46265869965,61132.0,60284.203,57176.168,63392.24,61132.0,58564.355,55067.25,62061.46
2025-11-22 19:00:00,62085.0,-13831.789728842872,-49626.86808905389,21963.288631368145,62085.0,62036.53,58928.496,65144.566,62085.0,60820.855,57323.75,64317.96
2025-11-22 20:00:00,61734.0,-14244.375437353903,-50039.45379756492,21550.702922857112,61734.0,62084.9,58976.863,65192.934,61734.0,61237.78,57740.676,64734.887
2025-11-22 21:00:00,61007.0,-16369.302138905217,-52164.38049911623,19425.7762213058,61007.0,61145.844,58037.81,64253.88,61007.0,60471.88,56974.773,63968.984
2025-11-22 22:00:00,59835.0,-18951.96487521778,-54747.0432354288,16843.113484993235,59835.0,59811.387,56703.35,62919.42,59835.0,59239.992,55742.887,62737.098
2025-11-22 23:00:00,59660.0,-21003.19972301467,-56798.27808322568,14791.878637196347,59660.0,58260.77,55152.734,61368.805,59660.0,57628.95,54131.844,61126.055
2025-11-23 00:00:00,58817.0,-23373.350785996274,-59168.42914620729,12421.727574214743,58817.0,56944.344,53836.31,60052.38,58817.0,56856.562,53359.457,60353.668
2025-11-23 01:00:00,55555.0,-26417.500264221057,-62212.57862443208,9377.57809598996,55555.0,55592.83,52484.793,58700.863,55555.0,55717.938,52220.832,59215.043
2025-11-23 02:00:00,53183.0,-28197.168579058525,-63992.24693926954,7597.909781152492,53183.0,54038.426,50930.39,57146.46,53183.0,53722.51,50225.406,57219.617
2025-11-23 03:00:00,51730.0,-29354.747738978425,-65149.82609918944,6440.3306212325915,51730.0,52583.22,49475.184,55691.254,51730.0,52398.1,48900.996,55895.207
2025-11-23 04:00:00,51160.0,-30056.520921650757,-65851.59928186177,5738.5574385602595,51160.0,51472.68,48364.645,54580.715,51160.0,51773.17,48276.066,55270.277
2025-11-23 05:00:00,51314.0,-30170.40376739091,-65965.48212760192,5624.674592820105,51314.0,50831.824,47723.79,53939.86,51314.0,51504.766,48007.66,55001.87
2025-11-23 06:00:00,52261.0,-29385.353277271424,-65180.43163748244,6409.7250829395925,52261.0,50694.277,47586.242,53802.312,52261.0,51903.016,48405.91,55400.12
2025-11-23 07:00:00,53577.0,-27549.771219918865,-63344.849580129885,8245.307140292152,53577.0,51074.72,47966.684,54182.754,53577.0,52238.805,48741.7,55735.91
2025-11-23 08:00:00,53943.0,-24736.43446158952,-60531.51282180054,11058.643898621496,53943.0,51890.04,48782.004,54998.074,53943.0,52706.32,49209.215,56203.426
2025-11-23 09:00:00,52633.0,-21643.206095836988,-57438.284456048,14151.87226437403,52633.0,52501.605,49393.57,55609.64,52633.0,53061.008,49563.902,56558.113
2025-11-23 10:00:00,49978.0,-19889.941211249898,-55685.019571460914,15905.13714896112,49978.0,51986.824,48878.79,55094.86,49978.0,52175.047,48677.94,55672.152
2025-11-23 11:00:00,47609.0,-19209.306122811937,-55004.38448302295,16585.77223739908,47609.0,50483.73,47375.695,53591.766,47609.0,50627.785,47130.68,54124.89
2025-11-23 12:00:00,46231.0,-19514.649930214822,-55309.72829042584,16280.428429996195,46231.0,48547.523,45439.49,51655.56,46231.0,48505.934,45008.83,52003.04
2025-11-23 13:00:00,46154.0,-20496.37090336967,-56291.44926358068,15298.707456841348,46154.0,47842.117,44734.082,50950.152,46154.0,48635.445,45138.34,52132.55
2025-11-23 14:00:00,47038.0,-18451.616044913,-54246.69440512401,17343.462315298017,47038.0,48078.773,44970.74,51186.81,47038.0,49143.92,45646.816,52641.027
2025-11-23 15:00:00,49016.0,-17381.373426058613,-53176.45178626963,18413.704934152403,49016.0,48804.812,45696.777,51912.848,49016.0,49914.242,46417.137,53411.348
2025-11-23 16:00:00,52235.0,-16571.077874740924,-52366.15623495194,19224.000485470093,52235.0,50339.15,47231.113,53447.184,52235.0,51315.54,47818.434,54812.645
2025-11-23 17:00:00,56223.0,-15268.736792805099,-51063.81515301611,20526.341567405918,56223.0,52764.836,49656.8,55872.87,56223.0,53454.34,49957.234,56951.445
2025-11-23 18:00:00,60017.0,-14943.850589219128,-50738.92894943015,20851.22777099189,60017.0,55905.977,52797.94,59014.01,60017.0,57053.84,53556.734,60550.945
2025-11-23 19:00:00,61211.0,-14847.46348581803,-50642.541846029046,20947.614874392988,61211.0,58790.914,55682.88,61898.95,61211.0,59685.88,56188.773,63182.984
2025-11-23 20:00:00,60748.0,-15258.179125971958,-51053.25748618298,20536.89923423906,60748.0,60239.71,57131.676,63347.746,60748.0,60252.6,56755.496,63749.707
2025-11-23 21:00:00,59770.0,-17373.47447553079,-53168.55283574181,18421.603884680226,59770.0,60056.027,56947.992,63164.062,59770.0,59344.523,55847.418,62841.63
2025-11-23 22:00:00,58558.0,-19944.431145053786,-55739.5095052648,15850.64721515723,58558.0,58869.734,55761.7,61977.77,58558.0,57953.992,54456.887,61451.098
2025-11-23 23:00:00,57902.0,-21986.36865340647,-57781.447013617486,13808.709706804548,57902.0,57261.617,54153.582,60369.652,57902.0,56378.312,52881.207,59875.418
2025-11-24 00:00:00,56880.0,-24345.776870930735,-60140.85523114175,11449.301489280282,56880.0,55710.035,52602.0,58818.07,56880.0,55688.43,52191.324,59185.535
2025-11-24 01:00:00,53880.0,-27376.12856727386,-63171.206927484876,8418.949792937157,53880.0,53826.24,50718.203,56934.273,53880.0,54373.816,50876.71,57870.92
2025-11-24 02:00:00,51541.0,-29147.730433533332,-64942.80879374435,6647.347926677685,51541.0,52201.703,49093.668,55309.74,51541.0,52563.64,49066.535,56060.746
2025-11-24 03:00:00,50452.0,-30300.062799603726,-66095.14115981474,5495.015560607291,50452.0,50975.965,47867.93,54084.0,50452.0,51110.207,47613.1,54607.312
2025-11-24 04:00:00,50197.0,-30998.6551551274,-66793.73351533842,4796.423205083618,50197.0,50399.59,47291.555,53507.625,50197.0,50355.336,46858.23,53852.44
2025-11-24 05:00:00,50965.0,-31112.021820345926,-66907.10018055694,4683.056539865091,50965.0,50488.273,47380.24,53596.31,50965.0,49938.234,46441.13,53435.34
2025-11-24 06:00:00,53344.0,-30330.529616541302,-66125.60797675232,5464.548743669715,53344.0,51406.043,48298.008,54514.08,53344.0,50790.863,47293.758,54287.97
2025-11-24 07:00:00,57806.0,-28503.267440007472,-64298.34580021849,7291.810920203545,57806.0,53546.094,50438.06,56654.13,57806.0,53346.066,49848.96,56843.17
2025-11-24 08:00:00,64126.0,-25702.6822916857,-61497.76065189672,10092.396068525315,64126.0,57925.434,54817.4,61033.47,64126.0,58766.742,55269.637,62263.848
2025-11-24 09:00:00,69450.0,-22623.47416068383,-58418.552520894846,13171.604199527188,69450.0,65191.375,62083.34,68299.414,69450.0,67570.27,64073.168,71067.38
2025-11-24 10:00:00,68432.0,-20878.15604961471,-56673.23440982573,14916.922310596306,68432.0,70311.58,67203.54,73419.62,68432.0,71795.61,68298.5,75292.72
2025-11-24 11:00:00,65341.0,-20200.605978702482,-55995.6843389135,15594.472381508534,65341.0,68581.016,65472.98,71689.055,65341.0,69387.11,65890.0,72884.22
2025-11-24 12:00:00,62474.0,-20504.56579780795,-56299.64415801897,15290.512562403066,62474.0,63712.555,60604.52,66820.59,62474.0,65055.78,61558.676,68552.89
2025-11-24 13:00:00,59018.0,-21481.837064418116,-57276.91542462913,14313.241295792901,59018.0,61002.3,57894.266,64110.336,59018.0,61204.402,57707.297,64701.508
2025-11-24 14:00:00,62471.0,-19446.350174482788,-55241.428534693805,16348.728185728229,62471.0,59128.133,56020.098,62236.168,62471.0,58014.086,54516.98,61511.19
2025-11-24 15:00:00,65023.0,-18380.958491602814,-54176.03685181383,17414.119868608203,65023.0,60948.33,57840.293,64056.363,65023.0,61705.332,58208.227,65202.438
2025-11-24 16:00:00,68109.0,-17574.335651285925,-53369.41401149694,18220.742708925092,68109.0,65627.55,62519.51,68735.586,68109.0,64306.656,60809.55,67803.766
2025-11-24 17:00:00,70841.0,-16277.897504903234,-52072.97586511425,19517.180855307783,70841.0,70196.56,67088.52,73304.6,70841.0,67306.05,63808.94,70803.16
2025-11-24 18:00:00,71960.0,-15954.483866644789,-51749.56222685581,19840.594493566226,71960.0,72299.695,69191.66,75407.734,71960.0,68800.5,65303.395,72297.61
2025-11-24 19:00:00,71242.0,-15858.533643310995,-51653.61200352201,19936.54471690002,71242.0,71671.5,68563.46,74779.54,71242.0,69280.87,65783.76,72777.98
2025-11-24 20:00:00,69854.0,-16267.387691299766,-52062.46605151078,19527.69066891125,69854.0,69438.41,66330.37,72546.445,69854.0,68497.77,65000.668,71994.88
2025-11-24 21:00:00,67516.0,-18373.095343520712,-54168.17370373173,17421.983016690305,67516.0,67116.734,64008.7,70224.77,67516.0,66735.37,63238.26,70232.48
2025-11-24 22:00:00,65312.0,-20932.3990046724,-56727.477364883416,14862.679355538618,65312.0,64636.883,61528.848,67744.92,65312.0,64210.074,60712.97,67707.18
2025-11-24 23:00:00,64613.0,-22965.08131430447,-58760.15967451548,12829.997045906548,64613.0,62314.316,59206.28,65422.35,64613.0,62051.99,58554.883,65549.09
2025-11-25 00:00:00,63094.0,-25313.795378933795,-61108.87373914481,10481.282981277222,63094.0,60089.94,56981.906,63197.977,63094.0,60833.637,57336.53,64330.742
2025-11-25 01:00:00,59463.0,-28330.41183263199,-64125.490192843004,7464.666527579026,59463.0,58254.73,55146.695,61362.766,59463.0,59084.676,55587.57,62581.78
2025-11-25 02:00:00,57106.0,-30093.983811953705,-65889.06217216472,5701.0945482573115,57106.0,56500.098,53392.062,59608.133,57106.0,56981.953,53484.848,60479.06
2025-11-25 03:00:00,55860.0,-31241.093165568258,-67036.17152577927,4553.985194642759,55860.0,55132.465,52024.43,58240.5,55860.0,55571.742,52074.637,59068.848
2025-11-25 04:00:00,55383.0,-31936.519111224527,-67731.59747143554,3858.5592489864903,55383.0,54513.14,51405.105,57621.176,55383.0,55124.273,51627.168,58621.38
2025-11-25 05:00:00,55951.0,-32049.371935539206,-67844.45029575023,3745.706424671811,55951.0,54647.133,51539.098,57755.168,55951.0,55180.79,51683.684,58677.895
2025-11-25 06:00:00,57819.0,-31271.421889912897,-67066.5002501239,4523.6564702981195,57819.0,55790.125,52682.09,58898.16,57819.0,56023.582,52526.477,59520.688
2025-11-25 07:00:00,61482.0,-29452.44188386142,-65247.52024407244,6342.6364763495985,61482.0,58299.816,55191.78,61407.85,61482.0,58436.004,54938.9,61933.11
2025-11-25 08:00:00,66613.0,-26664.550548144438,-62459.62890835546,9130.527812066579,66613.0,62849.363,59741.33,65957.4,66613.0,62314.637,58817.53,65811.74
2025-11-25 09:00:00,72732.0,-23599.29910437613,-59394.377464587145,12195.779255834888,72732.0,68312.83,65204.793,71420.87,72732.0,67847.84,64350.74,71344.95
2025-11-25 10:00:00,74221.0,-21861.891747618814,-57656.97010782983,13933.186612592202,74221.0,73165.695,70057.66,76273.734,74221.0,73075.3,69578.19,76572.41
2025-11-25 11:00:00,73368.0,-21187.41271121367,-56982.49107142469,14607.665648997347,73368.0,73953.63,70845.59,77061.67,73368.0,74054.31,70557.2,77551.42
2025-11-25 12:00:00,70997.0,-21489.994815027952,-57285.07317523897,14305.083545183064,70997.0,71179.875,68071.836,74287.914,70997.0,72875.72,69378.61,76372.83
2025-11-25 13:00:00,67603.0,-22462.836543643236,-58257.91490385425,13332.241816567781,67603.0,68189.55,65081.51,71297.586,67603.0,70433.445,66936.336,73930.555
2025-11-25 14:00:00,71403.0,-20436.57561463105,-56231.65397484206,15358.502745579968,71403.0,66497.79,63389.754,69605.83,71403.0,67771.36,64274.254,71268.47
2025-11-25 15:00:00,72759.0,-19376.012880580318,-55171.091240791335,16419.0654796307,72759.0,68609.07,65501.035,71717.11,72759.0,70725.88,67228.77,74222.99
2025-11-25 16:00:00,73833.0,-18573.046104491244,-54368.12446470226,17222.032255719772,73833.0,71297.57,68189.53,74405.61,73833.0,71924.44,68427.33,75421.55
2025-11-25 17:00:00,75179.0,-17282.48413826817,-53077.56249847919,18512.594221942847,75179.0,72921.516,69813.48,76029.555,75179.0,72443.01,68945.9,75940.12
2025-11-25 18:00:00,75196.0,-16960.536390850553,-52755.61475106157,18834.541969360464,75196.0,73458.79,70350.75,76566.83,75196.0,73191.47,69694.36,76688.58
2025-11-25 19:00:00,73640.0,-16865.021067400136,-52660.09942761115,18930.05729281088,73640.0,72987.89,69879.85,76095.93,73640.0,72740.16,69243.05,76237.266
2025-11-25 20:00:00,71907.0,-17272.02196099687,-53067.10032120789,18523.056399214147,71907.0,71362.05,68254.01,74470.086,71907.0,70979.97,67482.86,74477.08
2025-11-25 21:00:00,69202.0,-19368.18537266731,-55163.26373287833,16426.892987543706,69202.0,69276.54,66168.5,72384.58,69202.0,69001.67,65504.566,72498.78
2025-11-25 22:00:00,66915.0,-21915.888843375626,-57710.96720358664,13879.189516835391,66915.0,66613.13,63505.098,69721.17,66915.0,66230.75,62733.645,69727.86
2025-11-25 23:00:00,66116.0,-23939.357904005425,-59734.43626421644,11855.720456205592,66116.0,63938.75,60830.715,67046.79,66116.0,64060.688,60563.582,67557.8
2025-11-26 00:00:00,64452.0,-26277.426287600378,-62072.504647811395,9517.65207261064,64452.0,61749.28,58641.246,64857.316,64452.0,62902.867,59405.76,66399.98
2025-11-26 01:00:00,60679.0,-29280.369754427702,-65075.44811463872,6514.708605783315,60679.0,59667.953,56559.918,62775.99,60679.0,60863.01,57365.906,64360.117
2025-11-26 02:00:00,58206.0,-31035.94824273416,-66831.02660294517,4759.130117476856,58206.0,57536.62,54428.586,60644.656,58206.0,58457.086,54959.98,61954.19
2025-11-26 03:00:00,56839.0,-32177.858257496006,-67972.93661770702,3617.2201027150113,56839.0,55885.258,52777.223,58993.293,56839.0,57067.527,53570.42,60564.633
2025-11-26 04:00:00,56261.0,-32870.132145218966,-68665.21050542998,2924.946214992051,56261.0,55007.895,51899.86,58115.93,56261.0,56192.633,52695.527,59689.74
2025-11-26 05:00:00,56816.0,-32982.47345764313,-68777.55181785414,2812.6049025678876,56816.0,55001.555,51893.52,58109.59,56816.0,56056.496,52559.39,59553.6
2025-11-26 06:00:00,58734.0,-32208.049515160295,-68003.12787537131,3587.0288450507214,58734.0,56008.484,52900.45,59116.52,58734.0,57060.836,53563.73,60557.94
2025-11-26 07:00:00,62520.0,-30397.314140179045,-66192.39250039007,5397.7642200319715,62520.0,58471.953,55363.918,61579.99,62520.0,59933.61,56436.504,63430.715
2025-11-26 08:00:00,68145.0,-27622.05908163411,-63417.13744184513,8173.019278576907,68145.0,63176.33,60068.293,66284.37,68145.0,64906.816,61409.71,68403.92
2025-11-26 09:00:00,72466.0,-24570.701065615023,-60365.77942582604,11224.377294595994,72466.0,68878.52,65770.484,71986.56,72466.0,72149.11,68652.0,75646.22
2025-11-26 10:00:00,70817.0,-22841.168607222455,-58636.24696743347,12953.909752988562,70817.0,72092.99,68984.95,75201.03,70817.0,74128.67,70631.56,77625.78
2025-11-26 11:00:00,67845.0,-22169.74668568458,-57964.825045895595,13625.331674526438,67845.0,68995.79,65887.75,72103.83,67845.0,70214.625,66717.516,73711.734
2025-11-26 12:00:00,65058.0,-22470.957318781147,-58266.035678992164,13324.12104142987,65058.0,63950.875,60842.84,67058.914,65058.0,65306.793,61809.688,68803.9
2025-11-26 13:00:00,60643.0,-23439.38958653624,-59234.46794674726,12355.688773674778,60643.0,61568.523,58460.49,64676.56,60643.0,61288.793,57791.688,64785.9
2025-11-26 14:00:00,63425.0,-21422.31280125084,-57217.391161461856,14372.765558960178,63425.0,60261.445,57153.41,63369.48,63425.0,57911.91,54414.805,61409.016
2025-11-26 15:00:00,65688.0,-20366.557128542172,-56161.63548875319,15428.521231668845,65688.0,62991.125,59883.09,66099.164,65688.0,63731.062,60233.957,67228.17
2025-11-26 16:00:00,68613.0,-19567.229845360376,-55362.30820557139,16227.84851485064,68613.0,66453.21,63345.176,69561.25,68613.0,65418.625,61921.52,68915.734
2025-11-26 17:00:00,71933.0,-18282.51742517375,-54077.595785384765,17512.560935037265,71933.0,69549.31,66441.27,72657.35,71933.0,67484.766,63987.66,70981.875
2025-11-26 18:00:00,73232.0,-17962.02892436276,-53757.10728457378,17833.049435848257,73232.0,71677.11,68569.07,74785.15,73232.0,69945.5,66448.39,73442.61
2025-11-26 19:00:00,72548.0,-17866.946529587083,-53662.0248897981,17928.131830623934,72548.0,71946.9,68838.86,75054.94,72548.0,70723.06,67225.95,74220.17
2025-11-26 20:00:00,71369.0,-18272.102668320218,-54067.18102853124,17522.9756918908,71369.0,70530.38,67422.34,73638.42,71369.0,69734.586,66237.48,73231.695
2025-11-26 21:00:00,69052.0,-20358.765099257147,-56153.84345946816,15436.31326095387,69052.0,68617.64,65509.605,71725.68,69052.0,68132.36,64635.254,71629.47
2025-11-26 22:00:00,66933.0,-22894.920958049745,-58689.99931826076,12900.157402161272,66933.0,66314.92,63206.887,69422.96,66933.0,65895.05,62397.94,69392.16
2025-11-26 23:00:00,66184.0,-24909.218529256123,-60704.296889467136,10885.859830954894,66184.0,63984.047,60876.01,67092.086,66184.0,63905.746,60408.64,67402.85
2025-11-27 00:00:00,64724.0,-27236.689483975784,-63031.767844186805,8558.388876235233,64724.0,62008.97,58900.934,65117.004,64724.0,62781.4,59284.293,66278.51
2025-11-27 01:00:00,61051.0,-30226.021937528425,-66021.10029773944,5569.056422682592,61051.0,60011.902,56903.867,63119.938,61051.0,60981.81,57484.703,64478.914
2025-11-27 02:00:00,58771.0,-31973.64316577553,-67768.72152598655,3821.4351944354858,58771.0,57919.85,54811.816,61027.887,58771.0,58483.07,54985.965,61980.176
2025-11-27 03:00:00,57216.0,-33110.37740798584,-68905.45576819686,2684.7009522251756,57216.0,56343.887,53235.85,59451.92,57216.0,57093.062,53595.957,60590.168
2025-11-27 04:00:00,56360.0,-33799.51352465863,-69594.59188486965,1995.564835552388,56360.0,55542.52,52434.484,58650.555,56360.0,56634.582,53137.477,60131.688
2025-11-27 05:00:00,56809.0,-33911.34564364922,-69706.42400386024,1883.7327165617971,56809.0,55428.484,52320.45,58536.52,56809.0,56371.84,52874.734,59868.945
2025-11-27 06:00:00,58823.0,-33140.431822045386,-68935.5101822564,2654.646538165631,58823.0,56302.67,53194.637,59410.707,58823.0,57418.98,53921.875,60916.086
2025-11-27 07:00:00,62499.0,-31337.90370887178,-67132.98206908279,4457.174651339235,62499.0,58603.062,55495.027,61711.098,62499.0,60087.67,56590.566,63584.777
2025-11-27 08:00:00,68083.0,-28575.227652848793,-64370.30601305981,7219.850707362224,68083.0,62816.98,59708.945,65925.016,68083.0,64701.87,61204.766,68198.98
2025-11-27 09:00:00,73525.0,-25537.700091821825,-61332.77845203284,10257.378268389191,73525.0,68330.49,65222.457,71438.53,73525.0,71025.58,67528.47,74522.69
2025-11-27 10:00:00,74100.0,-23816.006838366087,-59611.0851985771,11979.07152184493,74100.0,73121.67,70013.63,76229.71,74100.0,74485.58,70988.47,77982.69
2025-11-27 11:00:00,75247.0,-23147.628175147227,-58942.706535358244,12647.45018506379,75247.0,73902.32,70794.28,77010.36,75247.0,73563.4,70066.29,77060.51
2025-11-27 12:00:00,73859.0,-23447.473553795673,-59242.55191400669,12347.604806415344,73859.0,72395.055,69287.016,75503.09,73859.0,74393.16,70896.05,77890.266
2025-11-27 13:00:00,70299.0,-24411.516346824497,-60206.59470703552,11383.56201338652,70299.0,70666.34,67558.305,73774.38,70299.0,72591.14,69094.03,76088.25
2025-11-27 14:00:00,73249.0,-22403.582077608364,-58198.66043781938,13391.496282602653,73249.0,68360.09,65252.06,71468.13,73249.0,68771.69,65274.582,72268.8
2025-11-27 15:00:00,73928.0,-21352.61167796088,-57147.690038171895,14442.466682250139,73928.0,70119.89,67011.85,73227.93,73928.0,72915.445,69418.336,76412.555
2025-11-27 16:00:00,75054.0,-20556.907391476285,-56351.9857516873,15238.170968734732,75054.0,72390.06,69282.02,75498.1,75054.0,73322.16,69825.05,76819.266
2025-11-27 17:00:00,75945.0,-19278.01800392363,-55073.096364134646,16517.060356287388,75945.0,73876.195,70768.16,76984.234,75945.0,73905.25,70408.14,77402.36
2025-11-27 18:00:00,75896.0,-18958.982135600432,-54754.06049581145,16836.096224610585,75896.0,74527.44,71419.4,77635.48,75896.0,74036.31,70539.2,77533.42
2025-11-27 19:00:00,74235.0,-18864.330707225483,-54659.4090674365,16930.747652985534,74235.0,74450.59,71342.555,77558.63,74235.0,73463.54,69966.43,76960.65
2025-11-27 20:00:00,72443.0,-19267.6504525521,-55062.72881276312,16527.427907658916,72443.0,73029.39,69921.35,76137.43,72443.0,71925.766,68428.66,75422.875
2025-11-27 21:00:00,69808.0,-21344.85496649492,-57139.93332670594,14450.223393716096,69808.0,70699.414,67591.375,73807.45,69808.0,69645.18,66148.07,73142.29
2025-11-27 22:00:00,67717.0,-23869.515553584264,-59664.59391379528,11925.562806626753,67717.0,67908.445,64800.41,71016.484,67717.0,66923.29,63426.184,70420.4
2025-11-27 23:00:00,66844.0,-25874.683205668385,-61669.7615658794,9920.395154542632,66844.0,65255.273,62147.24,68363.31,66844.0,64777.0,61279.895,68274.11
2025-11-28 00:00:00,65270.0,-28191.604764966163,-63986.68312517718,7603.473595244854,65270.0,63256.957,60148.92,66364.99,65270.0,63499.27,60002.164,66996.375
2025-11-28 01:00:00,61493.0,-31167.387897941444,-66962.46625815246,4627.690462269573,61493.0,61490.426,58382.39,64598.46,61493.0,61851.906,58354.8,65349.01
2025-11-28 02:00:00,59122.0,-32907.08793286621,-68702.16629307723,2887.9904273448046,59122.0,59151.117,56043.082,62259.152,59122.0,58914.055,55416.95,62411.16
2025-11-28 03:00:00,57695.0,-34038.66986201055,-69833.74822222156,1756.4084982004642,57695.0,57326.137,54218.1,60434.17,57695.0,57290.258,53793.152,60787.363
2025-11-28 04:00:00,57119.0,-34724.682429760185,-70519.7607899712,1070.3959304508317,57119.0,56422.812,53314.777,59530.848,57119.0,56555.72,53058.613,60052.824
2025-11-28 05:00:00,57518.0,-34836.007663265606,-70631.08602347662,959.0706969454113,57518.0,56501.094,53393.06,59609.13,57518.0,56645.637,53148.53,60142.742
2025-11-28 06:00:00,59429.0,-34068.58805271683,-69863.66641292785,1726.4903074941903,59429.0,57555.945,54447.91,60663.98,59429.0,58295.625,54798.52,61792.73
2025-11-28 07:00:00,63531.0,-32274.230001466603,-68069.30836167763,3520.8483587444134,63531.0,60071.64,56963.605,63179.676,63531.0,61104.543,57607.438,64601.65
2025-11-28 08:00:00,69120.0,-29524.07593291609,-65319.15429312711,6271.002427294927,69120.0,64900.297,61792.26,68008.336,69120.0,67261.414,63764.31,70758.52
2025-11-28 09:00:00,73005.0,-26500.31613955177,-62295.394499762784,9294.762220659246,73005.0,70552.445,67444.41,73660.484,73005.0,72898.26,69401.15,76395.37
2025-11-28 10:00:00,70390.0,-24786.42655938745,-60581.50491959847,11008.651800823565,70390.0,73026.37,69918.33,76134.41,70390.0,74242.664,70745.555,77739.77
2025-11-28 11:00:00,66095.0,-24121.07736074496,-59916.155720955976,11674.000999466058,66095.0,67980.93,64872.895,71088.97,66095.0,68850.77,65353.668,72347.88
2025-11-28 12:00:00,62367.0,-24419.56367303927,-60214.64203325029,11375.514687171748,62367.0,62269.277,59161.242,65377.312,62367.0,62771.164,59274.06,66268.27
2025-11-28 13:00:00,58227.0,-25379.23688688746,-61174.31524709848,10415.841473323559,58227.0,60226.86,57118.824,63334.895,58227.0,59655.203,56158.098,63152.31
2025-11-28 14:00:00,61460.0,-23380.403694762816,-59175.482054973836,12414.674665448201,61460.0,59121.68,56013.645,62229.715,61460.0,56347.797,52850.69,59844.902
2025-11-28 15:00:00,64168.0,-22334.196878652256,-58129.27523886327,13460.881481558761,64168.0,61674.324,58566.29,64782.36,64168.0,60879.918,57382.812,64377.023
2025-11-28 16:00:00,68255.0,-21542.099167424807,-57337.177527635824,14252.97919278621,68255.0,66281.0,63172.965,69389.04,68255.0,63293.71,59796.605,66790.82
2025-11-28 17:00:00,72236.0,-20269.006419277164,-56064.084779488185,15526.071940933853,72236.0,70456.75,67348.71,73564.79,72236.0,67343.055,63845.95,70840.164
2025-11-28 18:00:00,73549.0,-19951.4165993018,-55746.49495951281,15843.661760909217,73549.0,73222.38,70114.34,76330.42,73549.0,70528.664,67031.555,74025.77
2025-11-28 19:00:00,72244.0,-19857.19418394768,-55652.272544158695,15937.884176263338,72244.0,72947.09,69839.055,76055.13,72244.0,70998.914,67501.805,74496.02
2025-11-28 20:00:00,71071.0,-20258.685859426092,-56053.76421963711,15536.392500784925,71071.0,70578.5,67470.46,73686.54,71071.0,69471.69,65974.58,72968.8
2025-11-28 21:00:00,68990.0,-22326.475324925334,-58121.55368513635,13468.603035285683,68990.0,68456.59,65348.56,71564.63,68990.0,68084.77,64587.668,71581.88
2025-11-28 22:00:00,66864.0,-24839.69274328888,-60634.771103499894,10955.385616922136,66864.0,66382.45,63274.418,69490.49,66864.0,65975.15,62478.043,69472.26
2025-11-28 23:00:00,66464.0,-26835.771858132135,-62630.850218343156,8959.306502078882,66464.0,64226.266,61118.23,67334.305,66464.0,64058.504,60561.4,67555.61
2025-11-29 00:00:00,65470.0,-29142.191837747057,-64937.270197958074,6652.886522463959,65470.0,62525.555,59417.52,65633.59,65470.0,62990.9,59493.793,66488.01
2025-11-29 01:00:00,61861.0,-32104.487063216606,-67899.56542342762,3690.591296994411,61861.0,61268.723,58160.688,64376.758,61861.0,61595.08,58097.973,65092.184
2025-11-29 02:00:00,59177.0,-33836.3018080815,-69631.38016829253,1958.776552129515,59177.0,59502.48,56394.445,62610.516,59177.0,58548.848,55051.742,62045.953
2025-11-29 03:00:00,57510.0,-34962.75477731397,-70757.83313752498,832.3235828970501,57510.0,57750.035,54642.0,60858.07,57510.0,56679.645,53182.54,60176.75
2025-11-29 04:00:00,56628.0,-35645.65795380487,-71440.73631401589,149.4204064061487,56628.0,56508.08,53400.043,59616.113,56628.0,55741.527,52244.42,59238.633
2025-11-29 05:00:00,56709.0,-35756.47859931262,-71551.55695952364,38.5997608983962,56709.0,55918.195,52810.16,59026.23,56709.0,55448.06,51950.953,58945.164
2025-11-29 06:00:00,57610.0,-34992.537362107134,-70787.61572231815,802.5409981038829,57610.0,55957.13,52849.094,59065.164,57610.0,56041.57,52544.465,59538.676
2025-11-29 07:00:00,59202.0,-33206.31234150664,-69001.39070171765,2588.7660187043803,59202.0,56673.07,53565.035,59781.105,59202.0,57271.027,53773.92,60768.133
2025-11-29 08:00:00,60427.0,-30468.623503803115,-66263.70186401413,5326.454856407901,60427.0,57965.227,54857.19,61073.26,60427.0,58352.637,54855.53,61849.742
2025-11-29 09:00:00,59218.0,-27458.569074905885,-63253.6474351169,8336.509285305132,59218.0,59058.254,55950.22,62166.29,59218.0,59255.14,55758.035,62752.246
2025-11-29 10:00:00,55748.0,-25752.447797436787,-61547.52615764781,10042.63056277423,55748.0,57691.24,54583.203,60799.273,55748.0,56296.145,52799.04,59793.25
2025-11-29 11:00:00,52853.0,-25090.11433214894,-60885.19269235995,10704.964028062077,52853.0,54577.164,51469.13,57685.2,52853.0,52761.53,49264.426,56258.637
2025-11-29 12:00:00,50565.0,-25387.24773813521,-61182.326098346224,10407.830622075806,50565.0,52290.895,49182.86,55398.93,50565.0,51719.836,48222.73,55216.94
2025-11-29 13:00:00,48922.0,-26342.571178170692,-62137.64953838171,9452.507182040325,48922.0,50914.83,47806.793,54022.863,48922.0,51001.707,47504.6,54498.812
2025-11-29 14:00:00,50147.0,-24352.797811984306,-60147.87617219532,11442.28054822671,50147.0,50924.438,47816.402,54032.473,50147.0,52396.53,48899.426,55893.637
2025-11-29 15:00:00,52268.0,-23311.33298819543,-59106.411348406444,12483.745372015586,52268.0,51709.9,48601.863,54817.934,52268.0,53370.69,49873.586,56867.797
2025-11-29 16:00:00,55880.0,-22522.825505216184,-58317.9038654272,13272.252854994833,55880.0,53598.816,50490.78,56706.85,55880.0,55471.023,51973.918,58968.13
2025-11-29 17:00:00,59483.0,-21255.503122873408,-57050.581483084425,14539.575237337609,59483.0,56275.664,53167.63,59383.7,59483.0,57456.7,53959.594,60953.805
2025-11-29 18:00:00,62042.0,-20939.35279694891,-56734.431157159925,14855.725563262105,62042.0,59139.152,56031.117,62247.188,62042.0,59585.133,56088.027,63082.24
2025-11-29 19:00:00,62479.0,-20845.557450089527,-56640.63581030055,14949.52091012149,62479.0,61279.65,58171.613,64387.684,62479.0,61611.59,58114.484,65108.695
2025-11-29 20:00:00,61858.0,-21245.229341551032,-57040.30770176205,14549.849018659985,61858.0,61996.3,58888.266,65104.336,61858.0,61788.38,58291.273,65285.484
2025-11-29 21:00:00,60841.0,-23303.646432853067,-59098.72479306409,12491.43192735795,60841.0,61411.316,58303.28,64519.35,60841.0,60963.547,57466.44,64460.652
2025-11-29 22:00:00,59607.0,-25805.472549308543,-61600.55090951956,9989.605810902474,59607.0,60050.438,56942.402,63158.473,59607.0,59585.477,56088.37,63082.582
2025-11-29 23:00:00,59457.0,-27792.504321226574,-63587.58268143759,8002.574038984443,59457.0,58376.184,55268.15,61484.22,59457.0,57906.285,54409.18,61403.39
2025-11-30 00:00:00,58880.0,-30088.470320170094,-65883.5486803811,5706.608040040923,58880.0,56956.125,53848.09,60064.16,58880.0,56979.3,53482.195,60476.406
2025-11-30 01:00:00,55580.0,-33037.33877284729,-68832.4171330583,2757.739587363729,55580.0,55600.695,52492.66,58708.73,55580.0,55802.83,52305.723,59299.934
2025-11-30 02:00:00,53038.0,-34761.303968181186,-70556.38232839221,1033.7743920298308,53038.0,54030.35,50922.316,57138.387,53038.0,54009.22,50512.113,57506.324
2025-11-30 03:00:00,51631.0,-35882.651224806374,-71677.7295850174,-87.5728645953568,51631.0,52555.406,49447.37,55663.44,51631.0,52611.25,49114.145,56108.355
2025-11-30 04:00:00,50977.0,-36562.45910353252,-72357.53746374353,-767.3807433215043,50977.0,51471.32,48363.285,54579.355,50977.0,52092.043,48594.938,55589.15
2025-11-30 05:00:00,51076.0,-36672.7774481166,-72467.85580832761,-877.6990879055811,51076.0,50865.445,47757.41,53973.48,51076.0,51619.33,48122.223,55116.434
2025-11-30 06:00:00,52170.0,-35912.29881832798,-71707.377178539,-117.22045811696444,52170.0,50735.73,47627.695,53843.766,52170.0,52087.95,48590.844,55585.055
2025-11-30 07:00:00,53458.0,-34134.16996494992,-69929.24832516094,1660.9083952610963,53458.0,51236.293,48128.258,54344.33,53458.0,52621.21,49124.105,56118.316
2025-11-30 08:00:00,53929.0,-31408.889858720555,-67203.96821893158,4386.188501490462,53929.0,52261.47,49153.434,55369.504,53929.0,53597.977,50100.87,57095.082
2025-11-30 09:00:00,52848.0,-28412.47867394091,-64207.55703415193,7382.599686270107,52848.0,53082.492,49974.457,56190.527,52848.0,53665.656,50168.55,57162.76
2025-11-30 10:00:00,49798.0,-26714.09048889009,-62509.16884910111,9080.987871320925,49798.0,52490.164,49382.13,55598.2,49798.0,52311.684,48814.58,55808.79
2025-11-30 11:00:00,47347.0,-26054.759087972714,-61849.83744818373,9740.319272238303,47347.0,49997.887,46889.85,53105.92,47347.0,49260.32,45763.215,52757.426
2025-11-30 12:00:00,45127.0,-26350.545719776288,-62145.624079987305,9444.532640434729,45127.0,48351.367,45243.332,51459.402,45127.0,47786.656,44289.55,51283.76
2025-11-30 13:00:00,44061.0,-27301.539101598028,-63096.617461809044,8493.53925861299,44061.0,47739.36,44631.324,50847.395,44061.0,47984.758,44487.652,51481.863
2025-11-30 14:00:00,44943.0,-25320.78449716988,-61115.8628573809,10474.293863041137,44943.0,46533.746,43425.71,49641.78,44943.0,45508.445,42011.34,49005.55
2025-11-30 15:00:00,47480.0,-24284.040172350862,-60079.11853256188,11511.038187860155,47480.0,47197.695,44089.66,50305.73,47480.0,47605.805,44108.7,51102.91
2025-11-30 16:00:00,51734.0,-23499.106644704632,-59294.18500491565,12295.971715506384,51734.0,49048.895,45940.86,52156.93,51734.0,49315.605,45818.5,52812.71
2025-11-30 17:00:00,55736.0,-22237.528473653187,-58032.60683386421,13557.54988655783,55736.0,52487.37,49379.336,55595.406,55736.0,53367.94,49870.836,56865.047
2025-11-30 18:00:00,59450.0,-21922.811117190315,-57717.88947740133,13872.267243020702,59450.0,56026.113,52918.08,59134.15,59450.0,56973.16,53476.055,60470.266
2025-11-30 19:00:00,60401.0,-21829.44090311325,-57624.51926332427,13965.637457097768,60401.0,58890.184,55782.15,61998.22,60401.0,59665.965,56168.86,63163.07
2025-11-30 20:00:00,60031.0,-22227.30125883314,-58022.37961904416,13567.777101377877,60031.0,60065.043,56957.008,63173.08,60031.0,59910.9,56413.793,63408.004
2025-11-30 21:00:00,59392.0,-24276.38845676088,-60071.46681697189,11518.689903450137,59392.0,59647.55,56539.516,62755.586,59392.0,58961.17,55464.066,62458.277
2025-11-30 22:00:00,58462.0,-26766.87490303668,-62561.9532632477,9028.203457174335,58462.0,58488.027,55379.992,61596.062,58462.0,57797.953,54300.848,61295.06
2025-11-30 23:00:00,57908.0,-28744.900339629537,-64539.978699840554,7050.178020581479,57908.0,57008.66,53900.625,60116.695,57908.0,56453.652,52956.547,59950.758
2025-12-01 00:00:00,56625.0,-31030.45974116786,-66825.53810137887,4764.618619043158,56625.0,55583.39,52475.355,58691.426,56625.0,55633.434,52136.33,59130.54
2025-12-01 01:00:00,53639.0,-33965.96227866947,-69761.04063888048,1829.1160815415496,53639.0,53668.188,50560.152,56776.223,53639.0,54080.242,50583.137,57577.348
2025-12-01 02:00:00,51456.0,-35682.113503005254,-71477.19186321627,112.96485720576311,51456.0,51977.71,48869.676,55085.746,51456.0,52143.11,48646.004,55640.215
2025-12-01 03:00:00,50213.0,-36798.37818895801,-72593.45654916903,-1003.2998287469964,50213.0,50790.453,47682.418,53898.49,50213.0,51146.36,47649.254,54643.465
2025-12-01 04:00:00,50030.0,-37475.10479953383,-73270.18315974485,-1680.0264393228135,50030.0,50125.258,47017.223,53233.293,50030.0,49999.508,46502.402,53496.613
2025-12-01 05:00:00,50994.0,-37584.92311990195,-73380.00148011296,-1789.8447596909318,50994.0,50137.543,47029.508,53245.58,50994.0,49543.12,46046.016,53040.227
2025-12-01 06:00:00,53528.0,-36827.891403063746,-72622.96976327477,-1032.8130428527293,53528.0,51041.04,47933.004,54149.074,53528.0,50554.406,47057.3,54051.51
2025-12-01 07:00:00,58270.0,-35057.82202056643,-70852.90038077746,737.2563396445839,58270.0,53218.01,50109.977,56326.047,58270.0,53266.484,49769.38,56763.59
2025-12-01 08:00:00,65224.0,-32344.89440252503,-68139.97276273606,3450.1839576859857,65224.0,57760.09,54652.055,60868.125,65224.0,59332.176,55835.07,62829.28
2025-12-01 09:00:00,70743.0,-29362.064623077513,-65157.14298328853,6433.013737133504,70743.0,66037.016,62928.98,69145.055,70743.0,69978.586,66481.48,73475.695
2025-12-01 10:00:00,68845.0,-27671.374479760634,-63466.45283997165,8123.703880450383,68845.0,71188.95,68080.914,74296.99,68845.0,72594.15,69097.04,76091.26
2025-12-01 11:00:00,65303.0,-27015.031536185008,-62810.109896396025,8780.046824026009,65303.0,67626.61,64518.574,70734.65,65303.0,66719.74,63222.637,70216.85
2025-12-01 12:00:00,61851.0,-27309.47749813701,-63104.55585834803,8485.600862074007,61851.0,61741.242,58633.207,64849.277,61851.0,60051.15,56554.043,63548.254
2025-12-01 13:00:00,57729.0,-28256.160447981893,-64051.23880819291,7538.917912229124,57729.0,59144.137,56036.1,62252.17,57729.0,56246.16,52749.055,59743.266
2025-12-01 14:00:00,61060.0,-26284.38372725771,-62079.462087468724,9510.694632953306,61060.0,57997.22,54889.184,61105.254,61060.0,55249.965,51752.86,58747.07
2025-12-01 15:00:00,64275.0,-25252.33850547658,-61047.4168656876,10542.739854734438,64275.0,61046.086,57938.05,64154.12,64275.0,60792.15,57295.043,64289.254
2025-12-01 16:00:00,68551.0,-24470.9627340061,-60266.041094217115,11324.115626204915,68551.0,66844.14,63736.105,69952.18,68551.0,65076.598,61579.492,68573.7
2025-12-01 17:00:00,72918.0,-23215.10273827927,-59010.181098490284,12579.975621931746,72918.0,71427.016,68318.98,74535.055,72918.0,68278.57,64781.465,71775.68
2025-12-01 18:00:00,74406.0,-22901.81185626186,-58696.89021647288,12893.266503949159,74406.0,74361.66,71253.62,77469.695,74406.0,71388.76,67891.65,74885.87
2025-12-01 19:00:00,73434.0,-22808.86484802843,-58603.94320823945,12986.213512182589,73434.0,74159.42,71051.38,77267.46,73434.0,72055.125,68558.016,75552.234
2025-12-01 20:00:00,72073.0,-23204.92187889622,-59000.000239107234,12590.156481314796,72073.0,71761.43,68653.39,74869.47,72073.0,70966.08,67468.97,74463.19
2025-12-01 21:00:00,69577.0,-25244.721471725807,-61039.79983193682,10550.35688848521,69577.0,69614.49,66506.45,72722.53,69577.0,69533.36,66036.25,73030.47
2025-12-01 22:00:00,67478.0,-27723.919645526574,-63518.998005737594,8071.158714684443,67478.0,67389.516,64281.48,70497.555,67478.0,67138.875,63641.77,70635.984
2025-12-01 23:00:00,66600.0,-29692.979568525006,-65488.05792873602,6102.09879168601,66600.0,65021.8,61913.766,68129.836,66600.0,64782.92,61285.816,68280.03
2025-12-02 00:00:00,65325.0,-31968.17954115697,-67763.257901368,3826.8988190540476,65325.0,63097.156,59989.12,66205.195,65325.0,63618.79,60121.684,67115.9
2025-12-02 01:00:00,61393.0,-34890.37674525914,-70685.45510547016,904.701614951875,61393.0,61393.215,58285.18,64501.25,61393.0,61891.12,58394.016,65388.227
2025-12-02 02:00:00,59086.0,-36598.74941586795,-72393.82777607896,-803.6710556569305,59086.0,58990.4,55882.363,62098.434,59086.0,58863.67,55366.566,62360.777
2025-12-02 03:00:00,57738.0,-37709.95456819099,-73505.03292840201,-1914.8762079799708,57738.0,57108.906,54000.87,60216.94,57738.0,57625.734,54128.63,61122.84
2025-12-02 04:00:00,57191.0,-38383.61387664087,-74178.69223685189,-2588.5355164298526,57191.0,56300.227,53192.19,59408.26,57191.0,56996.32,53499.215,60493.426
2025-12-02 05:00:00,57756.0,-38492.93443918143,-74288.01279939245,-2697.8560789704134,57756.0,56779.94,53671.906,59887.977,57756.0,56903.152,53406.047,60400.258
2025-12-02 06:00:00,59683.0,-37739.33401196325,-73534.41237217427,-1944.2556517522316,59683.0,58735.35,55627.316,61843.387,59683.0,57856.65,54359.543,61353.754
2025-12-02 07:00:00,63645.0,-35977.28757033326,-71772.36593054427,-182.20921012224426,63645.0,62352.273,59244.24,65460.31,63645.0,61013.254,57516.15,64510.36
2025-12-02 08:00:00,69799.0,-33276.656452119554,-69071.73481233057,2518.4219080914627,69799.0,66943.33,63835.293,70051.37,69799.0,67302.34,63805.24,70799.45
2025-12-02 09:00:00,75309.0,-30307.346519506536,-66102.42487971755,5487.73184070448,75309.0,72333.66,69225.62,75441.695,75309.0,74049.5,70552.39,77546.61
2025-12-02 10:00:00,73449.0,-28624.319526108484,-64419.3978863195,7170.758834102533,73449.0,75679.95,72571.914,78787.99,73449.0,75420.54,71923.43,78917.65
2025-12-02 11:00:00,69364.0,-27970.951494520523,-63766.02985473154,7824.126865690494,69364.0,71301.76,68193.72,74409.8,69364.0,71745.12,68248.01,75242.23
2025-12-02 12:00:00,66091.0,-28264.06286328385,-64059.141223494866,7531.015496927168,66091.0,65669.56,62561.527,68777.6,66091.0,65944.16,62447.05,69441.266
2025-12-02 13:00:00,62927.0,-29206.454918431715,-65001.53327864273,6588.623441779302,62927.0,64026.684,60918.65,67134.72,62927.0,62284.133,58787.027,65781.24
2025-12-02 14:00:00,67097.0,-27243.615388639348,-63038.69374885036,8551.46297157167,67097.0,64256.99,61148.953,67365.02,67097.0,61327.64,57830.535,64824.746
2025-12-02 15:00:00,69958.0,-26216.24797094241,-62011.326331153425,9578.830389268605,69958.0,67904.016,64795.98,71012.055,69958.0,66126.74,62629.637,69623.85
2025-12-02 16:00:00,73449.0,-25438.413829914025,-61233.49219012504,10356.664530296992,73449.0,72049.484,68941.445,75157.52,73449.0,68974.19,65477.082,72471.3
2025-12-02 17:00:00,77159.0,-24188.24609155461,-59983.32445176563,11606.832268656406,77159.0,75316.08,72208.04,78424.12,77159.0,72124.516,68627.41,75621.625
2025-12-02 18:00:00,78345.0,-23876.375218405527,-59671.45357861654,11918.70314180549,78345.0,77509.695,74401.66,80617.734,78345.0,75323.29,71826.18,78820.4
2025-12-02 19:00:00,77166.0,-23783.849497811003,-59578.92785802202,12011.228862400014,77166.0,77114.1,74006.06,80222.14,77166.0,75599.55,72102.44,79096.66
2025-12-02 20:00:00,75214.0,-24178.11137749989,-59973.189737710905,11616.966982711128,75214.0,74906.945,71798.91,78014.984,75214.0,73859.04,70361.93,77356.15
2025-12-02 21:00:00,72839.0,-26208.66546183343,-62003.743822044446,9586.412898377588,72839.0,72720.72,69612.68,75828.76,72839.0,71849.62,68352.51,75346.73
2025-12-02 22:00:00,70227.0,-28676.626527900757,-64471.70488811177,7118.45183231026,70227.0,70659.74,67551.7,73767.78,70227.0,69204.08,65706.97,72701.19
2025-12-02 23:00:00,69695.0,-30636.761574008684,-66431.8399342197,5158.316786202333,69695.0,68348.06,65240.027,71456.1,69695.0,67124.46,63627.355,70621.57
2025-12-03 00:00:00,68260.0,-32901.649072439206,-68696.72743265022,2893.429287771811,68260.0,66253.35,63145.316,69361.39,68260.0,65994.836,62497.73,69491.945
2025-12-03 01:00:00,64436.0,-35810.601250327716,-71605.67961053873,-15.522890116699273,64436.0,64396.746,61288.71,67504.78,64436.0,64052.855,60555.75,67549.96
2025-12-03 02:00:00,61982.0,-37511.23062394987,-73306.30898416089,-1716.1522637388553,61982.0,62017.05,58909.016,65125.086,61982.0,60967.523,57470.418,64464.63
2025-12-03 03:00:00,60621.0,-38617.39917526919,-74412.4775354802,-2822.3208150581704,60621.0,59998.25,56890.215,63106.285,60621.0,60316.598,56819.492,63813.703
2025-12-03 04:00:00,60080.0,-39288.00508431571,-75083.08344452672,-3492.926724104691,60080.0,58997.836,55889.8,62105.87,60080.0,59268.227,55771.12,62765.332
2025-12-03 05:00:00,60510.0,-39396.83014514457,-75191.90850535559,-3601.7517849335563,60510.0,59508.613,56400.58,62616.65,60510.0,59422.25,55925.145,62919.355
2025-12-03 06:00:00,62574.0,-38646.64545502966,-74441.72381524068,-2851.5670948186453,62574.0,61686.023,58577.99,64794.06,62574.0,61016.117,57519.01,64513.223
2025-12-03 07:00:00,66783.0,-36892.585589827955,-72687.66395003897,-1097.5072296169383,66783.0,65463.344,62355.31,68571.38,66783.0,64968.02,61470.914,68465.125
2025-12-03 08:00:00,73477.0,-34204.195236852116,-69999.27359706313,1590.8831233589008,73477.0,70746.55,67638.51,73854.586,73477.0,70941.93,67444.82,74439.04
2025-12-03 09:00:00,79023.0,-31248.343871593395,-67043.4222318044,4546.7344886176215,79023.0,77029.984,73921.945,80138.02,79023.0,77458.46,73961.35,80955.57
2025-12-03 10:00:00,77743.0,-29572.945294448207,-65368.02365465922,6222.13306576281,77743.0,80097.0,76988.96,83205.04,77743.0,78315.516,74818.41,81812.625
2025-12-03 11:00:00,74277.0,-28922.538690888923,-64717.617051099936,6872.539669322094,74277.0,76163.69,73055.65,79271.73,74277.0,75276.48,71779.37,78773.586
2025-12-03 12:00:00,70841.0,-29214.321515583648,-65009.39987579467,6580.756844627369,70841.0,70237.195,67129.16,73345.234,70841.0,69621.47,66124.36,73118.58
2025-12-03 13:00:00,67705.0,-30152.442124760495,-65947.52048497151,5642.636235450522,67705.0,67803.47,64695.434,70911.51,67705.0,66484.15,62987.043,69981.26
2025-12-03 14:00:00,71984.0,-28198.499277570114,-63993.57763778113,7596.579082640903,71984.0,67801.984,64693.95,70910.02,71984.0,64791.727,61294.62,68288.836
2025-12-03 15:00:00,74299.0,-27175.788461542412,-62970.86682175343,8619.289898668605,74299.0,72048.3,68940.26,75156.336,74299.0,68973.875,65476.77,72470.984
2025-12-03 16:00:00,78182.0,-26401.47989831327,-62196.55825852429,9393.598461897745,78182.0,76361.1,73253.06,79469.14,78182.0,72329.3,68832.19,75826.41
2025-12-03 17:00:00,82295.0,-25156.978616838696,-60952.05697704971,10638.09974337232,82295.0,79394.39,76286.35,82502.43,82295.0,76737.36,73240.25,80234.47
2025-12-03 18:00:00,82657.0,-24846.521316286402,-60641.59967649742,10948.557043924615,82657.0,81296.83,78188.79,84404.87,82657.0,80982.836,77485.73,84479.945
2025-12-03 19:00:00,80785.0,-24754.41497382043,-60549.493334031446,11040.663386390588,80785.0,80663.24,77555.2,83771.28,80785.0,79657.71,76160.6,83154.82
2025-12-03 20:00:00,78708.0,-25146.88983895595,-60941.968199166964,10648.188521255066,78708.0,78196.22,75088.18,81304.26,78708.0,77139.18,73642.07,80636.29
2025-12-03 21:00:00,75817.0,-27168.240320590296,-62963.31868080131,8626.838039620721,75817.0,75751.44,72643.4,78859.48,75817.0,74735.734,71238.625,78232.84
2025-12-03 22:00:00,73142.0,-29625.015211758655,-65420.09357196967,6170.063148452362,73142.0,73299.3,70191.26,76407.336,73142.0,72129.61,68632.5,75626.72
2025-12-03 23:00:00,72203.0,-31576.265833491812,-67371.34419370283,4218.8125267192045,72203.0,70874.23,67766.19,73982.266,72203.0,69363.64,65866.53,72860.75
2025-12-04 00:00:00,70827.0,-33830.887599600916,-69625.96595981193,1964.1907606101013,70827.0,68988.305,65880.266,72096.34,70827.0,68047.6,64550.496,71544.71
2025-12-04 01:00:00,67086.0,-36726.65478511577,-72521.73314532678,-931.5764249047497,67086.0,67084.4,63976.363,70192.44,67086.0,66495.1,62997.996,69992.21
2025-12-04 02:00:00,64665.0,-38419.57595868841,-74214.65431889943,-2624.497598477392,64665.0,64781.098,61673.062,67889.13,64665.0,63131.87,59634.766,66628.98
2025-12-04 03:00:00,62996.0,-39520.73073768654,-75315.80909789755,-3725.652377475526,62996.0,62854.348,59746.312,65962.38,62996.0,61411.79,57914.684,64908.895
2025-12-04 04:00:00,62403.0,-40188.297087037405,-75983.37544724843,-4393.218726826388,62403.0,61899.75,58791.715,65007.785,62403.0,60821.53,57324.426,64318.637
2025-12-04 05:00:00,62781.0,-40296.628892044464,-76091.70725225548,-4501.550531833447,62781.0,62572.832,59464.797,65680.87,62781.0,61489.15,57992.043,64986.254
2025-12-04 06:00:00,64724.0,-39549.84445700875,-75344.92281721978,-3754.7660967977354,64724.0,64459.13,61351.094,67567.164,64724.0,63537.324,60040.22,67034.43
2025-12-04 07:00:00,68897.0,-37803.73496862019,-73598.81332883121,-2008.6566084091755,68897.0,67589.805,64481.77,70697.84,68897.0,67520.36,64023.254,71017.47
2025-12-04 08:00:00,75729.0,-35127.52989891262,-70922.60825912363,667.5484612984001,75729.0,72810.59,69702.555,75918.63,75729.0,73402.36,69905.25,76899.47
2025-12-04 09:00:00,81929.0,-32185.07609928074,-67980.15445949175,3610.002260930276,81929.0,78867.164,75759.125,81975.2,81929.0,78344.375,74847.266,81841.484
2025-12-04 10:00:00,80604.0,-30517.271362154792,-66312.3497223658,5277.806998056225,80604.0,81511.6,78403.56,84619.64,80604.0,79552.31,76055.2,83049.42
2025-12-04 11:00:00,77194.0,-29869.812763782014,-65664.89112399303,5925.2655964290025,77194.0,77100.14,73992.1,80208.18,77194.0,76422.164,72925.055,79919.27
2025-12-04 12:00:00,72981.0,-30160.27306611023,-65955.35142632124,5634.805294100788,72981.0,71801.03,68692.99,74909.07,72981.0,71525.414,68028.305,75022.52
2025-12-04 13:00:00,68188.0,-31094.141589889598,-66889.21995010061,4700.936770321419,68188.0,69290.96,66182.92,72399.0,68188.0,67680.17,64183.066,71177.28
2025-12-04 14:00:00,71463.0,-29149.0551005777,-64944.13346078872,6646.023259633315,71463.0,68406.305,65298.27,71514.34,71463.0,65700.96,62203.855,69198.07
2025-12-04 15:00:00,74358.0,-28130.979779905436,-63926.05814011645,7664.098580305581,74358.0,71731.02,68622.984,74839.06,74358.0,68984.77,65487.668,72481.88
2025-12-04 16:00:00,77723.0,-27360.18081459222,-63155.259174803236,8434.897545618798,77723.0,75991.93,72883.89,79099.97,77723.0,72982.836,69485.73,76479.945
2025-12-04 17:00:00,81323.0,-26121.320306462072,-61916.39866667309,9673.758053748945,81323.0,79011.93,75903.89,82119.97,81323.0,76330.234,72833.125,79827.34
2025-12-04 18:00:00,82146.0,-25812.270171407803,-61607.348531618816,9982.808188803214,82146.0,80301.164,77193.125,83409.2,82146.0,79728.01,76230.9,83225.12
2025-12-04 19:00:00,80259.0,-25720.58130621499,-61515.65966642601,10074.497053996027,80259.0,79319.92,76211.88,82427.96,80259.0,78962.734,75465.625,82459.84
2025-12-04 20:00:00,78017.0,-26111.277256542973,-61906.355616753994,9683.801103668044,78017.0,76895.766,73787.73,80003.805,78017.0,76014.85,72517.74,79511.96
2025-12-04 21:00:00,74943.0,-28123.46585133455,-63918.544211545566,7671.6125088764675,74943.0,74414.26,71306.22,77522.3,74943.0,73656.555,70159.445,77153.664
2025-12-04 22:00:00,72213.0,-30569.105269582426,-66364.18362979344,5225.973090628591,72213.0,71478.86,68370.82,74586.9,72213.0,70624.695,67127.586,74121.805
2025-12-04 23:00:00,71204.0,-32511.511736103195,-68306.5900963142,3283.5666241078216,71204.0,68984.56,65876.52,72092.6,71204.0,68318.64,64821.535,71815.75
2025-12-05 00:00:00,70080.0,-34755.91429991066,-70550.99266012167,1039.1640603003543,70080.0,67053.44,63945.402,70161.48,70080.0,67028.96,63531.855,70526.07
2025-12-05 01:00:00,66348.0,-37638.556254785035,-73433.63461499606,-1843.4778945740181,66348.0,65400.055,62292.02,68508.09,66348.0,65596.555,62099.45,69093.664
2025-12-05 02:00:00,63986.0,-39323.804166166425,-75118.88252637745,-3528.725805955408,63986.0,63361.105,60253.07,66469.14,63986.0,62601.555,59104.45,66098.664
2025-12-05 03:00:00,62525.0,-40419.96789805362,-76215.04625826463,-4624.889537842602,62525.0,61425.605,58317.57,64533.64,62525.0,60832.55,57335.445,64329.656
2025-12-05 04:00:00,61958.0,-41084.50846468726,-76879.58682489827,-5289.43010447624,61958.0,60512.8,57404.766,63620.836,61958.0,60434.832,56937.727,63931.938
2025-12-05 05:00:00,62305.0,-41192.34924958278,-76987.4276097938,-5397.2708893717645,62305.0,61182.49,58074.453,64290.523,62305.0,60783.582,57286.477,64280.688
2025-12-05 06:00:00,64159.0,-40448.949657775345,-76244.02801798636,-4653.871297564328,64159.0,63760.164,60652.13,66868.2,64159.0,62384.004,58886.9,65881.11
2025-12-05 07:00:00,68276.0,-38710.754510661616,-74505.83287087263,-2915.6761504505994,68276.0,67772.24,64664.207,70880.28,68276.0,65580.31,62083.207,69077.42
2025-12-05 08:00:00,74785.0,-36046.679493727905,-71841.75785393892,-251.60113351688778,74785.0,73437.51,70329.47,76545.55,74785.0,72170.37,68673.26,75667.48
2025-12-05 09:00:00,80983.0,-33117.56253448924,-68912.64089470025,2677.515825721777,80983.0,79492.836,76384.8,82600.875,80983.0,78066.03,74568.92,81563.14
2025-12-05 10:00:00,80101.0,-31457.31721786766,-67252.39557807868,4337.7611423433555,80101.0,81729.99,78621.95,84838.03,80101.0,79595.05,76097.94,83092.16
2025-12-05 11:00:00,76854.0,-30812.793262679013,-66607.87162289003,4982.285097532003,76854.0,77847.26,74739.22,80955.3,76854.0,78212.11,74715.0,81709.22
2025-12-05 12:00:00,73004.0,-31101.9370370491,-66897.01539726011,4693.141323161915,73004.0,72692.76,69584.72,75800.8,73004.0,74124.47,70627.36,77621.58
2025-12-05 13:00:00,67841.0,-32031.572748251616,-67826.65110846263,3763.505611959401,67841.0,70164.4,67056.36,73272.44,67841.0,69100.39,65603.28,72597.5
2025-12-05 14:00:00,70242.0,-30095.30247486882,-65890.38083507984,5699.775885342198,70242.0,67540.16,64432.12,70648.195,70242.0,64802.355,61305.25,68299.46
2025-12-05 15:00:00,72411.0,-29081.841638903763,-64876.919999114776,6713.236721307254,72411.0,70133.65,67025.61,73241.69,72411.0,68204.12,64707.01,71701.23
2025-12-05 16:00:00,75904.0,-28314.53636405288,-64109.6147242639,7480.541996158136,75904.0,74440.31,71332.27,77548.35,75904.0,71432.234,67935.125,74929.34
2025-12-05 17:00:00,79539.0,-27081.291062138873,-62876.36942234989,8713.787298072144,79539.0,78141.38,75033.34,81249.42,79539.0,75615.57,72118.46,79112.68
2025-12-05 18:00:00,80164.0,-26773.641714524405,-62568.72007473542,9021.436645686612,80164.0,79984.95,76876.914,83092.99,80164.0,78247.42,74750.31,81744.53
2025-12-05 19:00:00,78195.0,-26682.368434365097,-62477.44679457611,9112.70992584592,78195.0,78828.95,75720.914,81936.99,78195.0,77243.484,73746.375,80740.59
2025-12-05 20:00:00,76406.0,-27071.293532918808,-62866.37189312982,8723.78482729221,76406.0,75865.25,72757.21,78973.29,76406.0,74921.734,71424.625,78418.84
2025-12-05 21:00:00,73934.0,-29074.36176764453,-64869.440127855545,6720.7165925664885,73934.0,73420.26,70312.22,76528.3,73934.0,72933.055,69435.945,76430.164
2025-12-05 22:00:00,71673.0,-31508.916185140784,-67303.9945453518,4286.1621750702325,71673.0,71314.14,68206.1,74422.18,71673.0,70717.45,67220.34,74214.56
2025-12-05 23:00:00,70819.0,-33442.51858308927,-69237.59694330029,2352.5597771217435,70819.0,69081.71,65973.67,72189.75,70819.0,68681.51,65184.402,72178.62
2025-12-06 00:00:00,69687.0,-35676.74826371489,-71471.82662392591,118.33009649612359,69687.0,67112.19,64004.152,70220.23,69687.0,67403.86,63906.754,70900.97
2025-12-06 01:00:00,65783.0,-38546.32447880849,-74341.40283901952,-2751.2461185974753,65783.0,65356.867,62248.832,68464.91,65783.0,65304.13,61807.023,68801.234
2025-12-06 02:00:00,63065.0,-40223.933907499035,-76019.01226771006,-4428.855547288018,63065.0,63190.082,60082.047,66298.12,63065.0,62716.71,59219.605,66213.82
2025-12-06 03:00:00,61422.0,-41315.129214482215,-77110.20757469322,-5520.050854271198,61422.0,61242.98,58134.945,64351.016,61422.0,60407.633,56910.527,63904.74
2025-12-06 04:00:00,60479.0,-41976.6577129321,-77771.73607314311,-6181.579352721084,60479.0,60035.64,56927.605,63143.676,60479.0,59318.293,55821.188,62815.4
2025-12-06 05:00:00,60396.0,-42084.00970329287,-77879.08806350388,-6288.931343081851,60396.0,59628.777,56520.742,62736.812,60396.0,59174.81,55677.703,62671.914
2025-12-06 06:00:00,61132.0,-41343.97961271789,-77139.05797292892,-5548.901252506876,61132.0,60076.52,56968.484,63184.555,61132.0,59871.11,56374.004,63368.215
2025-12-06 07:00:00,62791.0,-39613.66293467383,-75408.74129488485,-3818.5845744628095,62791.0,61208.945,58100.91,64316.98,62791.0,61093.742,57596.637,64590.848
2025-12-06 08:00:00,64345.0,-36961.66299035497,-72756.74135056598,-1166.5846301439524,64345.0,62948.406,59840.37,66056.445,64345.0,62240.25,58743.145,65737.36
2025-12-06 09:00:00,64092.0,-34045.822421516496,-69840.90078172751,1749.2559386945213,64092.0,64097.58,60989.543,67205.62,64092.0,63734.715,60237.61,67231.82
2025-12-06 10:00:00,60989.0,-32393.10226189284,-68188.18062210386,3401.976098318177,60989.0,62600.418,59492.383,65708.45,60989.0,61541.336,58044.23,65038.44
2025-12-06 11:00:00,58797.0,-31751.499648449993,-67546.57800866102,4043.5787117610234,58797.0,59465.01,56356.977,62573.047,58797.0,59453.02,55955.914,62950.125
2025-12-06 12:00:00,57132.0,-32039.332862100335,-67834.41122231135,3755.745498110682,57132.0,56923.1,53815.066,60031.137,57132.0,57828.004,54330.9,61325.11
2025-12-06 13:00:00,55770.0,-32964.75494619146,-68759.83330640248,2830.3234140195564,55770.0,56574.38,53466.344,59682.414,55770.0,57991.527,54494.42,61488.633
2025-12-06 14:00:00,57935.0,-31037.26092873406,-66832.33928894508,4757.817431476957,57935.0,56460.78,53352.746,59568.816,57935.0,57538.348,54041.242,61035.453
2025-12-06 15:00:00,60215.0,-30028.39366205996,-65823.47202227097,5766.684698151057,60215.0,57701.367,54593.332,60809.402,60215.0,59445.035,55947.93,62942.14
2025-12-06 16:00:00,62460.0,-29264.566242319273,-65059.64460253029,6530.512117891743,62460.0,59965.97,56857.934,63074.004,62460.0,61327.508,57830.402,64824.613
2025-12-06 17:00:00,64684.0,-28036.910695377584,-63831.9890555886,7758.167664833432,64684.0,62382.96,59274.926,65490.996,64684.0,63416.24,59919.133,66913.34
2025-12-06 18:00:00,66442.0,-27730.65578605361,-63525.73414626463,8064.422574157408,66442.0,64427.344,61319.31,67535.38,66442.0,64521.426,61024.32,68018.53
2025-12-06 19:00:00,66892.0,-27639.796207264837,-63434.874567475854,8155.28215294618,66892.0,65520.758,62412.723,68628.8,66892.0,65797.65,62300.543,69294.76
2025-12-06 20:00:00,66115.0,-28026.958480531375,-63822.036840742396,7768.119879679642,66115.0,65672.055,62564.02,68780.09,66115.0,65653.4,62156.293,69150.51
2025-12-06 21:00:00,64943.0,-30020.947693745664,-65816.02605395668,5774.130666465353,64943.0,64920.258,61812.223,68028.3,64943.0,64747.758,61250.652,68244.87
2025-12-06 22:00:00,63561.0,-32444.467353891167,-68239.54571410219,3350.6110063198503,63561.0,63631.633,60523.598,66739.67,63561.0,63360.266,59863.16,66857.375
2025-12-06 23:00:00,63366.0,-34369.305588212475,-70164.38394842349,1425.7727719985414,63366.0,61960.484,58852.45,65068.52,63366.0,61585.88,58088.773,65082.984
2025-12-07 00:00:00,62764.0,-36593.40849483199,-72388.48685504301,-798.3301346209701,62764.0,60324.348,57216.312,63432.383,62764.0,60537.12,57040.016,64034.227
2025-12-07 01:00:00,59670.0,-39449.97819135878,-75245.0565515698,-3654.8998311477626,59670.0,58818.36,55710.324,61926.395,59670.0,58926.344,55429.24,62423.45
2025-12-07 02:00:00,57189.0,-41119.98375921882,-76915.06211942984,-5324.905399007803,57189.0,57137.812,54029.777,60245.848,57189.0,56640.73,53143.625,60137.836
2025-12-07 03:00:00,55604.0,-42206.233160968455,-78001.31152117948,-6411.154800757438,55604.0,55520.195,52412.16,58628.23,55604.0,55115.22,51618.113,58612.324
2025-12-07 04:00:00,54467.0,-42864.763243606176,-78659.84160381719,-7069.684883395159,54467.0,54358.047,51250.01,57466.082,54467.0,54194.57,50697.465,57691.676
2025-12-07 05:00:00,54298.0,-42971.62865492141,-78766.70701513243,-7176.550294710396,54298.0,53708.824,50600.79,56816.86,54298.0,53880.38,50383.273,57377.484
2025-12-07 06:00:00,55130.0,-42234.952793121556,-78030.03115333257,-6439.874432910539,55130.0,53657.23,50549.195,56765.266,55130.0,54143.42,50646.316,57640.527
2025-12-07 07:00:00,56457.0,-40512.47887453481,-76307.55723474582,-4717.4005143237955,56457.0,54348.918,51240.883,57456.953,56457.0,54939.54,51442.434,58436.645
2025-12-07 08:00:00,57382.0,-37872.49927187251,-73667.57763208353,-2077.4209116614948,57382.0,55482.594,52374.56,58590.63,57382.0,55785.25,52288.145,59282.355
2025-12-07 09:00:00,56751.0,-34969.87491743425,-70764.95327764527,825.2034427767649,56751.0,56200.8,53092.766,59308.836,56751.0,56404.984,52907.88,59902.09
2025-12-07 10:00:00,53980.0,-33324.64580660338,-69119.7241668144,2470.432553607636,53980.0,54666.73,51558.695,57774.766,53980.0,54056.594,50559.49,57553.7
2025-12-07 11:00:00,51648.0,-32685.951293757535,-68481.02965396855,3109.1270664534823,51648.0,51999.47,48891.434,55107.504,51648.0,51511.723,48014.617,55008.83
2025-12-07 12:00:00,49482.0,-32972.479886879664,-68767.55824709068,2822.5984733313526,49482.0,49874.945,46766.91,52982.98,49482.0,49367.25,45870.145,52864.355
2025-12-07 13:00:00,48865.0,-33893.70744236564,-69688.78580257666,1901.3709178453792,48865.0,48567.957,45459.92,51675.992,48865.0,47360.508,43863.402,50857.613
2025-12-07 14:00:00,49834.0,-31974.949901950946,-67770.02826216197,3820.128458260071,49834.0,48736.766,45628.73,51844.8,49834.0,47253.035,43755.93,50750.14
2025-12-07 15:00:00,52136.0,-30970.655383951864,-66765.73374416288,4824.422976259153,52136.0,50504.465,47396.43,53612.5,52136.0,48536.973,45039.867,52034.08
2025-12-07 16:00:00,55738.0,-30210.29005574387,-66005.36841595489,5584.788304467147,55738.0,53780.215,50672.18,56888.25,55738.0,51618.934,48121.83,55116.04
2025-12-07 17:00:00,59377.0,-28988.1989278899,-64783.277288100915,6806.879432321119,59377.0,57304.047,54196.01,60412.082,59377.0,57619.777,54122.67,61116.883
2025-12-07 18:00:00,62984.0,-28683.332136484987,-64478.410496696,7111.74622372603,62984.0,60145.65,57037.613,63253.684,62984.0,60760.78,57263.676,64257.887
2025-12-07 19:00:00,63867.0,-28592.884383941597,-64387.96274415261,7202.19397626942,63867.0,62324.605,59216.57,65432.64,63867.0,63583.26,60086.156,67080.37
2025-12-07 20:00:00,63172.0,-28978.291822027553,-64773.37018223857,6816.786538183464,63172.0,63180.29,60072.254,66288.33,63172.0,63693.707,60196.6,67190.81
2025-12-07 21:00:00,62397.0,-30963.24316491546,-66758.32152512648,4831.835195295556,62397.0,62430.895,59322.86,65538.93,62397.0,62534.258,59037.152,66031.37
2025-12-07 22:00:00,61206.0,-33375.77808337998,-69170.856443591,2419.30027683104,61206.0,61039.047,57931.01,64147.082,61206.0,61057.562,57560.457,64554.668
2025-12-07 23:00:00,60591.0,-35291.89187814777,-71086.97023835879,503.18648206324724,60591.0,59337.492,56229.457,62445.527,60591.0,59251.766,55754.66,62748.87
2025-12-08 00:00:00,59519.0,-37505.91391094442,-73300.99227115544,-1710.8355507334054,59519.0,57762.184,54654.15,60870.22,59519.0,57781.14,54284.035,61278.246
2025-12-08 01:00:00,56660.0,-40349.53604169484,-76144.61440190586,-4554.457681483822,56660.0,55872.695,52764.66,58980.73,56660.0,56320.586,52823.48,59817.69
2025-12-08 02:00:00,54303.0,-42011.97221365914,-77807.05057387016,-6216.89385344812,54303.0,54209.66,51101.625,57317.695,54303.0,54280.027,50782.92,57777.133
2025-12-08 03:00:00,53120.0,-43093.298127774004,-78888.37648798502,-7298.219767562987,53120.0,52988.47,49880.434,56096.504,53120.0,53050.293,49553.188,56547.4
2025-12-08 04:00:00,52773.0,-43748.84338509098,-79543.921745302,-7953.765024879962,52773.0,52458.555,49350.52,55566.59,52773.0,51891.75,48394.645,55388.855
2025-12-08 05:00:00,53766.0,-43855.22442280809,-79650.30278301911,-8060.146062597072,53766.0,52829.863,49721.83,55937.9,53766.0,52046.473,48549.367,55543.58
2025-12-08 06:00:00,56280.0,-43121.88758654929,-78916.9659467603,-7326.809226338271,56280.0,54333.4,51225.363,57441.434,56280.0,53824.715,50327.61,57321.82
2025-12-08 07:00:00,61366.0,-41407.220879663386,-77202.29923987441,-5612.142519452369,61366.0,57646.996,54538.96,60755.03,61366.0,57987.484,54490.38,61484.59
2025-12-08 08:00:00,69025.0,-38779.20713577054,-74574.28549598156,-2984.128775559526,69025.0,63958.59,60850.555,67066.625,69025.0,65540.74,62043.637,69037.85
2025-12-08 09:00:00,76131.0,-35889.739092483695,-71684.81745269471,-94.6607322726777,76131.0,71913.22,68805.18,75021.26,76131.0,75106.78,71609.67,78603.89
2025-12-08 10:00:00,74738.0,-34251.96707683786,-70047.04543704887,1543.1112833731604,74738.0,76453.05,73345.01,79561.086,74738.0,77078.414,73581.305,80575.52
2025-12-08 11:00:00,70639.0,-33616.16748345648,-69411.2458436675,2178.9108767545404,70639.0,72577.9,69469.86,75685.94,70639.0,73349.97,69852.86,76847.08
2025-12-08 12:00:00,66777.0,-33901.39736931766,-69696.47572952867,1893.6809908933574,66777.0,66803.13,63695.098,69911.17,66777.0,67136.64,63639.535,70633.75
2025-12-08 13:00:00,62646.0,-34818.449408139655,-70613.52776835067,976.6289520713617,62646.0,64381.5,61273.465,67489.54,62646.0,62481.344,58984.24,65978.45
2025-12-08 14:00:00,66082.0,-32908.38874618504,-68703.46710639606,2886.689614025978,66082.0,63614.086,60506.05,66722.125,66082.0,61260.438,57763.332,64757.543
2025-12-08 15:00:00,69189.0,-31908.646250615675,-67703.7246108267,3886.432109595342,69189.0,67129.63,64021.598,70237.67,69189.0,65586.77,62089.668,69083.88
2025-12-08 16:00:00,73268.0,-31151.727321812188,-66946.8056820232,4643.351038398829,73268.0,72030.945,68922.91,75138.984,73268.0,68761.805,65264.7,72258.914
2025-12-08 17:00:00,77608.0,-29935.175391997687,-65730.25375220871,5859.90296821333,77608.0,75853.195,72745.16,78961.234,77608.0,72128.19,68631.08,75625.3
2025-12-08 18:00:00,78886.0,-29631.690426787864,-65426.76878699888,6163.387933423153,78886.0,78356.91,75248.87,81464.945,78886.0,75879.03,72381.92,79376.14
2025-12-08 19:00:00,77387.0,-29541.652633863803,-65336.730994074824,6253.425726347214,77387.0,77845.61,74737.57,80953.65,77387.0,75946.17,72449.06,79443.28
2025-12-08 20:00:00,75629.0,-29925.313190660152,-65720.39155087117,5869.765169550865,75629.0,75078.9,71970.86,78186.94,75629.0,73978.64,70481.53,77475.75
2025-12-08 21:00:00,72873.0,-31901.267627886635,-67696.34598809766,3893.810732324382,72873.0,72688.85,69580.81,75796.89,72873.0,72212.375,68715.266,75709.484
2025-12-08 22:00:00,70385.0,-34302.86759364106,-70097.94595385208,1492.2107665699587,70385.0,70433.695,67325.66,73541.734,70385.0,70102.97,66605.86,73600.08
2025-12-08 23:00:00,69661.0,-36210.29649287736,-72005.37485308837,-415.21813266634126,69661.0,68097.87,64989.832,71205.91,69661.0,67827.6,64330.496,71324.71
2025-12-09 00:00:00,68348.0,-38414.283343989206,-74209.36170420022,-2619.2049837781888,68348.0,66079.39,62971.355,69187.43,68348.0,66387.53,62890.426,69884.64
2025-12-09 01:00:00,64515.0,-41245.01659454678,-77040.0949547578,-5449.938234335765,64515.0,64308.586,61200.55,67416.625,64515.0,64480.582,60983.477,67977.69
2025-12-09 02:00:00,62225.0,-42899.91767933582,-78694.99603954684,-7104.839319124803,62225.0,62019.68,58911.645,65127.715,62225.0,61696.598,58199.492,65193.703
2025-12-09 03:00:00,60844.0,-43976.342421805646,-79771.42078201666,-8181.264061594629,60844.0,60103.973,56995.938,63212.008,60844.0,60313.777,56816.67,63810.883
2025-12-09 04:00:00,60394.0,-44628.91638269361,-80423.99474290463,-8833.838022482596,60394.0,59331.31,56223.273,62439.344,60394.0,59753.27,56256.164,63250.375
2025-12-09 05:00:00,60907.0,-44734.81524226366,-80529.89360247468,-8939.736882052646,60907.0,60085.965,56977.93,63194.0,60907.0,59903.375,56406.27,63400.48
2025-12-09 06:00:00,63033.0,-44004.802297221395,-79799.88065743241,-8209.723937010378,63033.0,62674.367,59566.332,65782.41,63033.0,61389.438,57892.332,64886.543
2025-12-09 07:00:00,67356.0,-42297.90741540209,-78092.98577561311,-6502.829055191076,67356.0,66688.734,63580.7,69796.77,67356.0,65052.35,61555.246,68549.46
2025-12-09 08:00:00,74135.0,-39681.80529433842,-75476.88365454943,-3886.7269341274005,74135.0,72072.336,68964.3,75180.375,74135.0,71740.98,68243.87,75238.086
2025-12-09 09:00:00,79694.0,-36805.43393046908,-72600.5122906801,-1010.3555702580634,79694.0,77441.336,74333.3,80549.375,79694.0,78528.16,75031.05,82025.266
2025-12-09 10:00:00,77489.0,-35175.085210297206,-70970.16357050822,619.9931499138111,77489.0,79049.766,75941.73,82157.805,77489.0,78222.27,74725.164,81719.38
2025-12-09 11:00:00,73427.0,-34542.167414992,-70337.24577520302,1252.9109452190169,73427.0,73890.96,70782.92,76999.0,73427.0,74767.79,71270.68,78264.9
2025-12-09 12:00:00,69124.0,-34826.1044800573,-70621.18284026832,968.9738801537169,69124.0,68669.836,65561.8,71777.875,69124.0,72111.83,68614.72,75608.94
2025-12-09 13:00:00,64547.0,-35738.99992798378,-71534.0782881948,56.0784322272375,64547.0,66640.56,63532.527,69748.6,64547.0,69039.73,65542.62,72536.836
2025-12-09 14:00:00,67652.0,-33837.596725389456,-69632.67508560047,1957.4816348215609,67652.0,65747.5,62639.465,68855.54,67652.0,64547.92,61050.816,68045.03
2025-12-09 15:00:00,70527.0,-32842.3856199474,-68637.46398015841,2952.692740263614,70527.0,68083.76,64975.723,71191.8,70527.0,67163.69,63666.582,70660.8
2025-12-09 16:00:00,74468.0,-32088.89746954571,-67883.97582975673,3706.180890665306,74468.0,72322.234,69214.195,75430.27,74468.0,70242.58,66745.47,73739.69
2025-12-09 17:00:00,77277.0,-30877.859631038278,-66672.93799124929,4917.218729172739,77277.0,75934.805,72826.766,79042.84,77277.0,73834.17,70337.06,77331.28
2025-12-09 18:00:00,78137.0,-30575.750228817156,-66370.82858902817,5219.3281313938605,78137.0,77474.74,74366.7,80582.78,78137.0,75617.65,72120.54,79114.76
2025-12-09 19:00:00,77605.0,-30486.120537346967,-66281.19889755799,5308.957822864049,77605.0,76635.29,73527.25,79743.33,77605.0,75316.16,71819.05,78813.266
2025-12-09 20:00:00,76065.0,-30868.042130693215,-66663.12049090423,4927.036229517802,76065.0,74744.2,71636.164,77852.24,76065.0,74027.766,70530.66,77524.875
2025-12-09 21:00:00,73290.0,-32835.04044124853,-68630.11880145955,2960.0379189624873,73290.0,72794.35,69686.31,75902.39,73290.0,72322.42,68825.31,75819.53
2025-12-09 22:00:00,70598.0,-35225.755017592375,-71020.83337780338,569.3233426186416,70598.0,70528.4,67420.36,73636.44,70598.0,69941.92,66444.81,73439.03
2025-12-09 23:00:00,69674.0,-37124.53838608365,-72919.61674629466,-1329.460025872635,69674.0,68074.85,64966.816,71182.89,69674.0,67494.81,63997.707,70991.92
2025-12-10 00:00:00,68481.0,-39318.535540546494,-75113.61390075751,-3523.4571803354775,68481.0,65923.79,62815.754,69031.83,68481.0,66173.45,62676.348,69670.56
2025-12-10 01:00:00,64560.0,-42136.43833049899,-77931.51669071,-6341.359970287973,64560.0,64071.617,60963.582,67179.66,64560.0,64140.047,60642.94,67637.16
2025-12-10 02:00:00,62150.0,-43783.83848132701,-79578.91684153803,-7988.760121115993,62150.0,61823.406,58715.37,64931.44,62150.0,61034.07,57536.965,64531.176
2025-12-10 03:00:00,60707.0,-44855.384266993016,-80650.46262720403,-9060.305906782,60707.0,59661.152,56553.117,62769.188,60707.0,59855.707,56358.6,63352.812
2025-12-10 04:00:00,60188.0,-45505.000399023236,-81300.07875923425,-9709.92203881222,60188.0,58479.86,55371.824,61587.895,60188.0,59226.766,55729.66,62723.87
2025-12-10 05:00:00,60630.0,-45610.41926594631,-81405.49762615733,-9815.340905735291,60630.0,58824.24,55716.203,61932.273,60630.0,59420.797,55923.69,62917.902
2025-12-10 06:00:00,62703.0,-44883.71514639324,-80678.79350660426,-9088.636786182222,62703.0,60873.53,57765.496,63981.566,62703.0,60794.234,57297.13,64291.34
2025-12-10 07:00:00,66736.0,-43184.55686339825,-78979.63522360926,-7389.478503187231,66736.0,64972.668,61864.633,68080.7,66736.0,64296.277,60799.17,67793.38
2025-12-10 08:00:00,72921.0,-40580.31237505096,-76375.39073526199,-4785.234014839945,72921.0,70392.62,67284.58,73500.66,72921.0,70102.25,66605.14,73599.36
2025-12-10 09:00:00,78779.0,-37716.97832914948,-73512.0566893605,-1921.8999689384655,78779.0,75500.516,72392.48,78608.555,78779.0,76537.91,73040.8,80035.016
2025-12-10 10:00:00,78420.0,-36094.01925793962,-71889.09761815064,-298.94089772860025,78420.0,78119.336,75011.3,81227.375,78420.0,79787.64,76290.53,83284.75
2025-12-10 11:00:00,75181.0,-35463.97019879572,-71259.04855900674,331.1081614152936,75181.0,75390.06,72282.02,78498.1,75181.0,78268.36,74771.25,81765.47
2025-12-10 12:00:00,71251.0,-35746.62030284944,-71541.69866306047,48.4580573615749,71251.0,71292.016,68183.98,74400.055,71251.0,74032.05,70534.94,77529.16
2025-12-10 13:00:00,67166.0,-36655.37799986672,-72450.45636007775,-860.2996396557064,67166.0,68857.586,65749.55,71965.625,67166.0,71329.19,67832.08,74826.3
2025-12-10 14:00:00,70295.0,-34762.593016202234,-70557.67137641326,1032.4853440087827,70295.0,67083.33,63975.293,70191.37,70295.0,68299.82,64802.715,71796.93
2025-12-10 15:00:00,72786.0,-33771.89276210218,-69566.9711223132,2023.1855981088374,72786.0,69141.805,66033.766,72249.84,72786.0,70517.55,67020.44,74014.66
2025-12-10 16:00:00,75400.0,-33021.81983990266,-68816.89820011368,2773.258520308358,75400.0,72406.94,69298.9,75514.98,75400.0,72771.24,69274.13,76268.35
2025-12-10 17:00:00,76147.0,-31816.27109976759,-67611.3494599786,3978.8072604434274,76147.0,75141.58,72033.54,78249.62,76147.0,75090.79,71593.68,78587.9
2025-12-10 18:00:00,76002.0,-31515.531025717133,-67310.60938592815,4279.547334493884,76002.0,75824.86,72716.82,78932.9,76002.0,75462.49,71965.38,78959.6
2025-12-10 19:00:00,75435.0,-31426.307585957602,-67221.38594616862,4368.770774253415,75435.0,74805.88,71697.84,77913.92,75435.0,74680.92,71183.81,78178.03
2025-12-10 20:00:00,74116.0,-31806.498097805197,-67601.5764580162,3988.5802624058197,74116.0,73230.055,70122.016,76338.09,74116.0,73485.06,69987.95,76982.17
2025-12-10 21:00:00,71591.0,-33764.5808758465,-69559.65923605752,2030.4974843645177,71591.0,71438.78,68330.74,74546.82,71591.0,71773.664,68276.555,75270.77
2025-12-10 22:00:00,69167.0,-36144.4594014308,-71939.53776164181,-349.3810412197854,69167.0,69204.15,66096.11,72312.19,69167.0,68928.82,65431.715,72425.93
2025-12-10 23:00:00,68507.0,-38034.63642554038,-73829.71478575139,-2239.5580653293655,68507.0,66692.86,63584.824,69800.9,68507.0,66341.484,62844.38,69838.59
2025-12-11 00:00:00,67079.0,-40218.6891622265,-76013.76752243753,-4423.610802015486,67079.0,64623.156,61515.12,67731.195,67079.0,65012.246,61515.14,68509.35
2025-12-11 01:00:00,63286.0,-43023.81964637154,-78818.89800658256,-7228.741286160526,63286.0,62856.35,59748.316,65964.39,63286.0,62806.742,59309.637,66303.85
2025-12-11 02:00:00,60632.0,-44663.75286165138,-80458.8312218624,-8868.674501440364,60632.0,60584.297,57476.26,63692.332,60632.0,59889.543,56392.438,63386.65
2025-12-11 03:00:00,59283.0,-45730.44180466476,-81525.52016487578,-9935.363444453746,59283.0,58372.34,55264.305,61480.375,59283.0,58593.414,55096.31,62090.52
2025-12-11 04:00:00,58798.0,-46377.11351436596,-82172.19187457698,-10582.035154154946,58798.0,57305.516,54197.48,60413.55,58798.0,58054.285,54557.18,61551.39
2025-12-11 05:00:00,59124.0,-46482.05456423622,-82277.13292444724,-10686.976204025203,59124.0,57511.63,54403.594,60619.664,59124.0,58298.844,54801.74,61795.95
2025-12-11 06:00:00,61064.0,-45758.64427273129,-81553.72263294231,-9963.565912520273,61064.0,59352.688,56244.652,62460.723,61064.0,59461.953,55964.848,62959.06
2025-12-11 07:00:00,64850.0,-44067.18752198328,-79862.2658821943,-8272.109161772263,64850.0,63792.53,60684.496,66900.57,64850.0,61610.273,58113.168,65107.38
2025-12-11 08:00:00,71088.0,-41474.74692095288,-77269.8252811639,-5679.668560741862,71088.0,69276.51,66168.47,72384.55,71088.0,66318.31,62821.207,69815.42
2025-12-11 09:00:00,77658.0,-38624.39110062878,-74419.4694608398,-2829.312740417765,77658.0,74191.97,71083.93,77300.01,77658.0,74437.49,70940.38,77934.6
2025-12-11 10:00:00,78517.0,-37008.78818437372,-72803.86654458474,-1213.7098241627027,78517.0,77092.516,73984.48,80200.555,78517.0,77761.45,74264.34,81258.56
2025-12-11 11:00:00,76232.0,-36381.594858680175,-72176.6732188912,-586.5164984691583,76232.0,75614.914,72506.875,78722.95,76232.0,77486.805,73989.695,80983.914
2025-12-11 12:00:00,73908.0,-36662.96383494682,-72458.04219515785,-867.8854747358055,73908.0,72488.25,69380.21,75596.29,73908.0,75180.62,71683.51,78677.73
2025-12-11 13:00:00,69735.0,-37567.60253564792,-73362.68089585894,-1772.5241754369054,69735.0,70589.97,67481.93,73698.01,69735.0,73284.93,69787.82,76782.04
2025-12-11 14:00:00,71328.0,-35683.396708342305,-71478.47506855332,111.68165186871192,71328.0,69144.43,66036.39,72252.47,71328.0,68967.42,65470.316,72464.53
2025-12-11 15:00:00,71366.0,-34697.18685989216,-70492.26522010317,1097.8915003188595,71366.0,70606.28,67498.24,73714.32,71366.0,69464.45,65967.34,72961.56
2025-12-11 16:00:00,73397.0,-33950.51368617735,-69745.59204638837,1844.564674033667,73397.0,73132.35,70024.31,76240.39,73397.0,70478.4,66981.29,73975.51
2025-12-11 17:00:00,76581.0,-32750.429164761852,-68545.50752497287,3044.649195449165,76581.0,75707.195,72599.16,78815.234,76581.0,72768.58,69271.47,76265.69
2025-12-11 18:00:00,77650.0,-32451.052212323688,-68246.1305725347,3344.026147887329,77650.0,77572.81,74464.77,80680.85,77650.0,75765.19,72268.08,79262.3
2025-12-11 19:00:00,76711.0,-32362.233182915665,-68157.31154312668,3432.845177295352,76711.0,76799.18,73691.14,79907.22,76711.0,75944.125,72447.016,79441.234
2025-12-11 20:00:00,75230.0,-32740.70045949066,-68535.77881970168,3054.3779007203557,75230.0,74739.34,71631.305,77847.38,75230.0,74498.625,71001.516,77995.734
2025-12-11 21:00:00,72814.0,-34689.90811517976,-70484.98647539078,1105.1702450312587,72814.0,72813.914,69705.875,75921.95,72814.0,72468.734,68971.625,75965.84
2025-12-11 22:00:00,70610.0,-37058.99970502528,-72854.0780652363,-1263.9213448142618,70610.0,70747.69,67639.65,73855.73,70610.0,69807.27,66310.164,73304.38
2025-12-11 23:00:00,69813.0,-38940.609393502054,-74735.68775371308,-3145.5310332910376,69813.0,68519.68,65411.645,71627.72,69813.0,67601.31,64104.207,71098.42
2025-12-12 00:00:00,68670.0,-41114.762786054656,-76909.84114626568,-5319.6844258436395,68670.0,66518.445,63410.41,69626.484,68670.0,66317.31,62820.207,69814.42
2025-12-12 01:00:00,65036.0,-43907.17885559993,-79702.25721581094,-8112.100495388913,65036.0,64785.246,61677.21,67893.28,65036.0,64942.195,61445.09,68439.305
2025-12-12 02:00:00,62536.0,-45539.678979644676,-81334.75733985569,-9744.600619433659,62536.0,62611.934,59503.9,65719.97,62536.0,61652.047,58154.94,65149.152
2025-12-12 03:00:00,61142.0,-46601.533093922946,-82396.61145413396,-10806.45473371193,61142.0,60756.414,57648.38,63864.45,61142.0,60280.27,56783.164,63777.375
2025-12-12 04:00:00,60560.0,-47245.273727058,-83040.35208726901,-11450.19536684698,60560.0,59914.953,56806.918,63022.99,60560.0,60090.85,56593.746,63587.957
2025-12-12 05:00:00,60934.0,-47349.7391256086,-83144.81748581961,-11554.66076539758,60934.0,60447.598,57339.562,63555.633,60934.0,60713.68,57216.574,64210.785
2025-12-12 06:00:00,62844.0,-46629.6077326875,-82424.68609289851,-10834.529372476485,62844.0,62711.28,59603.246,65819.32,62844.0,62177.523,58680.418,65674.63
2025-12-12 07:00:00,66846.0,-44945.817606550416,-80740.89596676143,-9150.739246339399,66846.0,65978.63,62870.598,69086.67,66846.0,65304.23,61807.125,68801.336
2025-12-12 08:00:00,73264.0,-42365.127391041504,-78160.20575125252,-6570.049030830487,73264.0,70753.38,67645.34,73861.42,73264.0,71328.45,67831.34,74825.56
2025-12-12 09:00:00,78812.0,-39527.690971743956,-75322.76933195497,-3732.612611532939,78812.0,75790.95,72682.914,78898.99,78812.0,76444.516,72947.41,79941.625
2025-12-12 10:00:00,76726.0,-37919.41086825,-73714.48922846103,-2124.332508038984,76726.0,77742.8,74634.76,80850.836,76726.0,78201.625,74704.516,81698.734
2025-12-12 11:00:00,72617.0,-37295.060332231355,-73090.13869244237,-1499.9819720203377,72617.0,72966.74,69858.7,76074.78,72617.0,74298.23,70801.12,77795.336
2025-12-12 12:00:00,68721.0,-37575.15398749601,-73370.23234770703,-1780.0756272849903,68721.0,67418.98,64310.94,70527.016,68721.0,68008.14,64511.035,71505.25
2025-12-12 13:00:00,64694.0,-38475.69236146766,-74270.77072167868,-2680.6140012566466,64694.0,65447.61,62339.574,68555.65,64694.0,63239.66,59742.555,66736.766
2025-12-12 14:00:00,67511.0,-36600.026805003305,-72395.10516521432,-804.9484447922878,67511.0,65164.633,62056.598,68272.67,67511.0,62857.04,59359.934,66354.15
2025-12-12 15:00:00,70409.0,-35618.28700918224,-71413.36536939326,176.79135102877626,70409.0,68273.17,65165.137,71381.21,70409.0,66312.46,62815.355,69809.57
2025-12-12 16:00:00,73502.0,-34874.998174397406,-70670.07653460842,920.080185813611,73502.0,71870.02,68761.984,74978.06,73502.0,70210.19,66713.08,73707.3
2025-12-12 17:00:00,76098.0,-33680.35310481714,-69475.43146502816,2114.7252553938742,76098.0,73992.92,70884.88,77100.96,76098.0,73202.92,69705.81,76700.03
2025-12-12 18:00:00,76344.0,-33382.333095564485,-69177.4114557755,2412.7452646465317,76344.0,75277.39,72169.35,78385.43,76344.0,75208.54,71711.43,78705.65
2025-12-12 19:00:00,74870.0,-33293.916643494886,-69088.9950037059,2501.161716716131,74870.0,74894.15,71786.11,78002.19,74870.0,74256.72,70759.61,77753.83
2025-12-12 20:00:00,73282.0,-33670.66849545986,-69465.74685567088,2124.4098647511564,73282.0,73174.86,70066.82,76282.9,73282.0,72473.58,68976.47,75970.69
2025-12-12 21:00:00,71223.0,-35611.041255797194,-71406.11961600822,184.03710441382282,71223.0,71129.82,68021.78,74237.86,71223.0,70675.74,67178.63,74172.85
2025-12-12 22:00:00,68927.0,-37969.39480230806,-73764.47316251908,-2174.3164420970425,68927.0,68968.16,65860.12,72076.195,68927.0,68862.87,65365.76,72359.98
2025-12-12 23:00:00,68426.0,-39842.47598709153,-75637.55434730255,-4047.3976268805127,68426.0,66517.61,63409.574,69625.65,68426.0,66734.78,63237.676,70231.89
2025-12-13 00:00:00,67371.0,-42006.77490485493,-77801.85326506595,-6211.6965446439135,67371.0,64610.414,61502.38,67718.45,67371.0,65623.805,62126.7,69120.914
2025-12-13 01:00:00,63714.0,-44786.5341886129,-80581.61254882392,-8991.455828401886,63714.0,63227.785,60119.75,66335.82,63714.0,63939.996,60442.89,67437.1
2025-12-13 02:00:00,60945.0,-46411.634912334346,-82206.71327254537,-10616.55655212333,60945.0,61418.69,58310.656,64526.727,60945.0,60959.055,57461.95,64456.16
2025-12-13 03:00:00,59203.0,-47468.6761120157,-83263.75447222672,-11673.597751804686,59203.0,59494.855,56386.82,62602.89,59203.0,58612.97,55115.863,62110.074
2025-12-13 04:00:00,58181.0,-48109.49895385703,-83904.57731406804,-12314.420593646013,58181.0,58147.25,55039.215,61255.285,58181.0,57422.047,53924.94,60919.152
2025-12-13 05:00:00,58188.0,-48213.49085700483,-84008.56921721585,-12418.412496793811,58188.0,57548.035,54440.0,60656.07,58188.0,56902.258,53405.152,60399.363
2025-12-13 06:00:00,59012.0,-47496.623500871916,-83291.70186108293,-11701.545140660899,59012.0,57760.88,54652.844,60868.914,59012.0,57494.902,53997.797,60992.008
2025-12-13 07:00:00,60515.0,-45820.465249930545,-81615.54361014155,-10025.386889719528,60515.0,58662.48,55554.445,61770.516,60515.0,58638.54,55141.434,62135.645
2025-12-13 08:00:00,62069.0,-43251.47216064767,-79046.55052085868,-7456.39380043665,62069.0,59967.594,56859.56,63075.63,62069.0,59897.562,56400.457,63394.668
2025-12-13 09:00:00,63288.0,-40426.89658445148,-76221.9749446625,-4631.8182242404655,63288.0,60968.04,57860.004,64076.074,63288.0,61080.074,57582.97,64577.18
2025-12-13 10:00:00,63779.0,-38825.90610265033,-74620.98446286135,-3030.8277424393164,63779.0,61288.574,58180.54,64396.61,63779.0,61847.793,58350.688,65344.9
2025-12-13 11:00:00,63931.0,-38204.385471199545,-73999.46383141057,-2409.3071109885277,63931.0,61199.47,58091.434,64307.504,63931.0,62353.46,58856.355,65850.57
2025-12-13 12:00:00,63427.0,-38483.209585927696,-74278.2879461387,-2688.131225716679,63427.0,60993.64,57885.605,64101.676,63427.0,61925.773,58428.668,65422.88
2025-12-13 13:00:00,63032.0,-39379.66621813568,-75174.7445783467,-3584.5878579246637,63032.0,61208.95,58100.914,64316.984,63032.0,62188.844,58691.74,65685.95
2025-12-13 14:00:00,64697.0,-37512.5022232458,-73307.58058345682,-1717.4238630347827,64697.0,61653.645,58545.61,64761.68,64697.0,61986.65,58489.543,65483.754
2025-12-13 15:00:00,65369.0,-36535.21221928423,-72330.29057949525,-740.1338590732121,65369.0,62973.957,59865.92,66081.99,65369.0,63190.484,59693.38,66687.59
2025-12-13 16:00:00,65814.0,-35795.29238371931,-71590.37074393033,-0.21402350829157513,65814.0,64338.355,61230.32,67446.39,65814.0,63987.16,60490.055,67484.266
2025-12-13 17:00:00,66509.0,-34606.06211134725,-70401.14047155826,1189.0162488637652,66509.0,65221.93,62113.895,68329.97,66509.0,64475.22,60978.113,67972.33
2025-12-13 18:00:00,67247.0,-34309.39289485738,-70104.4712550684,1485.6854653536357,67247.0,65770.03,62661.996,68878.07,67247.0,65426.73,61929.625,68923.836
2025-12-13 19:00:00,67180.0,-34221.377195421366,-70016.45555563239,1573.7011647896506,67180.0,65930.41,62822.37,69038.445,67180.0,65778.12,62281.01,69275.23
2025-12-13 20:00:00,66289.0,-34596.421398036626,-70391.49975824764,1198.656962174391,66289.0,65613.14,62505.105,68721.18,66289.0,65473.348,61976.242,68970.45
2025-12-13 21:00:00,65175.0,-36527.99930769144,-72323.07766790246,-732.9209474804229,65175.0,64701.07,61593.035,67809.11,65175.0,64384.41,60887.305,67881.516
2025-12-13 22:00:00,63659.0,-38875.66348166414,-74670.74184187516,-3080.5851214531212,63659.0,63477.055,60369.02,66585.09,63659.0,63160.66,59663.555,66657.766
2025-12-13 23:00:00,63604.0,-40740.25481868581,-76535.33317889684,-4945.176458474794,63604.0,61940.414,58832.38,65048.45,63604.0,61391.66,57894.555,64888.766
2025-12-14 00:00:00,63011.0,-42894.743927631476,-78689.82228784249,-7099.665567420459,63011.0,60435.566,57327.53,63543.6,63011.0,60476.816,56979.71,63973.92
2025-12-14 01:00:00,59815.0,-45661.903793208716,-81456.98215341973,-9866.825432997699,59815.0,58979.703,55871.668,62087.74,59815.0,58896.3,55399.195,62393.406
2025-12-14 02:00:00,57345.0,-47279.63865481267,-83074.71701502369,-11484.560294601652,57345.0,57287.652,54179.617,60395.688,57345.0,56479.387,52982.28,59976.492
2025-12-14 03:00:00,55813.0,-48331.888754708205,-84126.96711491921,-12536.810394497188,55813.0,55678.176,52570.14,58786.21,55813.0,55412.246,51915.14,58909.35
2025-12-14 04:00:00,55011.0,-48969.807030311975,-84764.88539052299,-13174.728670100958,55011.0,54561.406,51453.37,57669.44,55011.0,54856.176,51359.07,58353.28
2025-12-14 05:00:00,55152.0,-49073.32758420201,-84868.40594441303,-13278.249223990992,55152.0,54026.973,50918.938,57135.008,55152.0,54478.707,50981.6,57975.812
2025-12-14 06:00:00,55886.0,-48359.70947042357,-84154.7878306346,-12564.631110212555,55886.0,54117.984,51009.95,57226.02,55886.0,55298.25,51801.145,58795.355
2025-12-14 07:00:00,57202.0,-46691.14850276644,-82486.22686297746,-10896.070142555422,57202.0,54685.26,51577.227,57793.297,57202.0,55605.844,52108.74,59102.95
2025-12-14 08:00:00,58367.0,-44133.79952181496,-79928.87788202598,-8338.721161603942,58367.0,55604.113,52496.08,58712.15,58367.0,56733.473,53236.367,60230.58
2025-12-14 09:00:00,59576.0,-41322.02649621209,-77117.1048564231,-5526.948136001076,59576.0,56344.746,53236.71,59452.78,59576.0,57614.72,54117.613,61111.824
2025-12-14 10:00:00,59506.0,-39728.292595475876,-75523.3709556869,-3933.214235264859,59506.0,56513.566,53405.53,59621.6,59506.0,58110.64,54613.535,61607.746
2025-12-14 11:00:00,58880.0,-39109.589041888394,-74904.66740209941,-3314.510681677377,58880.0,55708.2,52600.164,58816.234,58880.0,56257.44,52760.336,59754.547
2025-12-14 12:00:00,57193.0,-39387.14937034524,-75182.22773055626,-3592.0710101342265,57193.0,54850.508,51742.473,57958.543,57193.0,54388.5,50891.395,57885.605
2025-12-14 13:00:00,56046.0,-40279.54276151791,-76074.62112172892,-4484.46440130689,56046.0,54757.695,51649.66,57865.73,56046.0,53780.766,50283.66,57277.87
2025-12-14 14:00:00,56438.0,-38420.841794387685,-74215.9201545987,-2625.763434176668,56438.0,54853.82,51745.785,57961.855,56438.0,52855.13,49358.023,56352.234
2025-12-14 15:00:00,57238.0,-37447.98141334911,-73243.05977356012,-1652.9030531380922,57238.0,55830.86,52722.824,58938.895,57238.0,53116.99,49619.883,56614.094
2025-12-14 16:00:00,59310.0,-36711.41530682215,-72506.49366703317,-916.3369466111326,59310.0,57729.93,54621.895,60837.965,59310.0,54777.836,51280.73,58274.94
2025-12-14 17:00:00,62255.0,-35527.57528877979,-71322.65364899082,267.50307143122336,62255.0,60551.848,57443.812,63659.883,62255.0,59018.34,55521.234,62515.445
2025-12-14 18:00:00,65863.0,-35232.250742507145,-71027.32910271815,562.8276177038715,65863.0,63952.832,60844.797,67060.87,65863.0,63331.805,59834.7,66828.914
2025-12-14 19:00:00,66818.0,-35144.63397927044,-70939.71233948146,650.4443809405784,66818.0,65974.01,62865.973,69082.05,66818.0,65533.6,62036.496,69030.71
2025-12-14 20:00:00,66269.0,-35517.97827255448,-71313.0566327655,277.10008765653765,66269.0,66174.27,63066.24,69282.31,66269.0,65724.3,62227.19,69221.41
2025-12-14 21:00:00,65244.0,-37440.801194691274,-73235.87955490229,-1645.722834480257,65244.0,65223.96,62115.926,68332.0,65244.0,64954.92,61457.816,68452.03
2025-12-14 22:00:00,63972.0,-39777.824446319144,-75572.90280653015,-3982.746086108127,63972.0,63849.344,60741.31,66957.38,63972.0,63455.54,59958.434,66952.65
2025-12-14 23:00:00,63252.0,-41633.96441630031,-77429.04277651133,-5838.886056089294,63252.0,62281.797,59173.76,65389.832,63252.0,61763.44,58266.336,65260.547
2025-12-15 00:00:00,62436.0,-43778.688179948615,-79573.76654015963,-7983.609819737598,62436.0,60503.055,57395.02,63611.09,62436.0,60255.39,56758.285,63752.496
2025-12-15 01:00:00,59455.0,-46533.30573492974,-82328.38409514076,-10738.227374718721,59455.0,58600.87,55492.836,61708.906,59455.0,58598.254,55101.15,62095.36
2025-12-15 02:00:00,57088.0,-48143.70812060817,-83938.7864808192,-12348.629760397154,57088.0,56693.336,53585.3,59801.37,57088.0,56586.918,53089.812,60084.023
2025-12-15 03:00:00,55936.0,-49191.1888366521,-84986.26719686312,-13396.110476441085,55936.0,55165.383,52057.348,58273.418,55936.0,55000.527,51503.42,58497.633
2025-12-15 04:00:00,55820.0,-49826.21571113117,-85621.29407134218,-14031.137350920151,55820.0,54561.566,51453.53,57669.6,55820.0,54387.258,50890.152,57884.363
2025-12-15 05:00:00,56622.0,-49929.26705218094,-85724.34541239197,-14134.188691969925,56622.0,55108.965,52000.93,58217.0,56622.0,54743.805,51246.7,58240.91
2025-12-15 06:00:00,59082.0,-49218.88345337989,-85013.9618135909,-13423.80509316887,59082.0,57082.426,53974.39,60190.46,59082.0,56448.242,52951.137,59945.348
2025-12-15 07:00:00,64220.0,-47557.88533388532,-83352.96369409634,-11762.806973674305,64220.0,60855.984,57747.95,63964.02,64220.0,60928.02,57430.914,64425.125
2025-12-15 08:00:00,72254.0,-45012.12768367724,-80807.20604388826,-9217.04932346622,72254.0,66954.74,63846.707,70062.78,72254.0,68574.23,65077.12,72071.336
2025-12-15 09:00:00,80313.0,-42213.09918037379,-78008.17754058482,-6418.020820162776,80313.0,74011.49,70903.45,77119.53,80313.0,77308.69,73811.58,80805.8
2025-12-15 10:00:00,81217.0,-40626.58896983317,-76421.66733004418,-4831.51060962215,81217.0,78549.85,75441.81,81657.89,81217.0,78555.125,75058.016,82052.234
2025-12-15 11:00:00,78935.0,-40010.689725542215,-75805.76808575323,-4215.611365331199,78935.0,77392.14,74284.1,80500.18,78935.0,77471.34,73974.234,80968.45
2025-12-15 12:00:00,75509.0,-40286.99199591143,-76082.07035612245,-4491.91363570041,75509.0,73468.42,70360.38,76576.46,75509.0,74307.4,70810.29,77804.51
2025-12-15 13:00:00,71174.0,-41175.34056292151,-76970.41892313253,-5380.262202710495,71174.0,71531.81,68423.77,74639.85,71174.0,73256.195,69759.086,76753.305
2025-12-15 14:00:00,74124.0,-39325.06426439286,-75120.14262460388,-3529.9859041818418,74124.0,70652.875,67544.836,73760.914,74124.0,71400.31,67903.2,74897.42
2025-12-15 15:00:00,75925.0,-38356.61342875766,-74151.69178896867,-2561.53506854664,75925.0,72865.94,69757.9,75973.98,75925.0,73985.46,70488.35,77482.57
2025-12-15 16:00:00,78225.0,-37623.3858502997,-73418.46421051072,-1828.3074900886859,78225.0,75291.06,72183.02,78399.1,78225.0,75330.14,71833.03,78827.25
2025-12-15 17:00:00,80262.0,-36444.911654950534,-72239.99001516154,-649.8332947395174,80262.0,77179.26,74071.22,80287.3,80262.0,76494.164,72997.055,79991.27
2025-12-15 18:00:00,80172.0,-36150.92568410032,-71946.00404431134,-355.8473238893057,80172.0,78349.875,75241.836,81457.914,80172.0,77829.875,74332.766,81326.984
2025-12-15 19:00:00,78791.0,-36063.70604886176,-71858.78440907277,-268.6276886507403,78791.0,77872.89,74764.85,80980.93,78791.0,76724.49,73227.38,80221.6
2025-12-15 20:00:00,76772.0,-36435.35813775099,-72230.43649796201,-640.279777539974,76772.0,75801.016,72692.98,78909.055,76772.0,75169.734,71672.625,78666.84
2025-12-15 21:00:00,73772.0,-38349.46575485219,-74144.54411506321,-2554.3873946411695,73772.0,73431.9,70323.86,76539.94,73772.0,73145.516,69648.41,76642.625
2025-12-15 22:00:00,71095.0,-40675.89631472527,-76470.9746749363,-4880.817954514256,71095.0,70908.97,67800.93,74017.01,71095.0,70861.22,67364.11,74358.33
2025-12-15 23:00:00,70028.0,-42523.62322397114,-78318.70158418216,-6728.544863760122,70028.0,68330.23,65222.19,71438.266,70028.0,68468.33,64971.223,71965.44
2025-12-16 00:00:00,68630.0,-44658.62590430902,-80453.70426452003,-8863.547544098,68630.0,66113.82,63005.785,69221.86,68630.0,67201.9,63704.793,70699.01
2025-12-16 01:00:00,64633.0,-47400.75799743523,-83195.83635764624,-11605.67963722421,64633.0,64128.35,61020.316,67236.39,64633.0,65270.367,61773.26,68767.48
2025-12-16 02:00:00,62050.0,-49003.861142055284,-84798.9395022663,-13208.782781844267,62050.0,61692.395,58584.36,64800.43,62050.0,62481.62,58984.516,65978.73
2025-12-16 03:00:00,60578.0,-50046.59409175311,-85841.67245196413,-14251.515731542095,60578.0,59432.28,56324.246,62540.316,60578.0,61113.89,57616.785,64610.996
2025-12-16 04:00:00,59994.0,-50678.7426705487,-86473.82103075972,-14883.664310337685,59994.0,58206.105,55098.07,61314.14,59994.0,60539.03,57041.926,64036.137
2025-12-16 05:00:00,60453.0,-50781.3269254923,-86576.40528570331,-14986.248565281283,60453.0,58529.438,55421.402,61637.473,60453.0,60351.254,56854.15,63848.36
2025-12-16 06:00:00,62360.0,-50074.16318104422,-85869.24154125524,-14279.084820833203,62360.0,60600.586,57492.55,63708.62,62360.0,61280.03,57782.926,64777.137
2025-12-16 07:00:00,66523.0,-48420.69363066972,-84215.77199088073,-12625.6152704587,66523.0,65040.145,61932.11,68148.18,66523.0,64586.438,61089.332,68083.55
2025-12-16 08:00:00,73046.0,-45886.474772834474,-81681.5531330455,-10091.396412623457,73046.0,70761.18,67653.14,73869.22,73046.0,71232.48,67735.37,74729.586
2025-12-16 09:00:00,80392.0,-43100.13302655311,-78895.21138676413,-7305.05466634209,80392.0,76428.58,73320.54,79536.62,80392.0,78229.09,74731.984,81726.2
2025-12-16 10:00:00,82243.0,-41520.813764418475,-77315.89212462949,-5725.7354042074585,82243.0,80101.58,76993.54,83209.62,82243.0,82075.06,78577.95,85572.17
2025-12-16 11:00:00,81611.0,-40907.706118731534,-76702.78447894254,-5112.627758520517,81611.0,79653.11,76545.07,82761.15,81611.0,81851.85,78354.74,85348.96
2025-12-16 12:00:00,79950.0,-41182.75603323346,-76977.83439344447,-5387.677673022445,79950.0,77347.56,74239.52,80455.6,79950.0,80531.64,77034.53,84028.75
2025-12-16 13:00:00,77174.0,-42067.07810947817,-77862.15646968919,-6271.999749267154,77174.0,76078.125,72970.086,79186.164,77174.0,78952.36,75455.25,82449.47
2025-12-16 14:00:00,80604.0,-40225.18829425808,-76020.2666544691,-4430.109934047061,80604.0,75041.76,71933.72,78149.8,80604.0,76956.2,73459.09,80453.31
2025-12-16 15:00:00,81532.0,-39261.12701750912,-75056.20537772014,-3466.0486572981026,81532.0,76774.766,73666.73,79882.805,81532.0,79682.94,76185.83,83180.05
2025-12-16 16:00:00,81615.0,-38531.22283505045,-74326.30119526148,-2736.144474839435,81615.0,78573.86,75465.82,81681.9,81615.0,80029.94,76532.83,83527.05
2025-12-16 17:00:00,81422.0,-37358.09014149576,-73153.16850170678,-1563.0117812847457,81422.0,79028.914,75920.875,82136.95,81422.0,79578.34,76081.234,83075.45
2025-12-16 18:00:00,79992.0,-37065.43667889821,-72860.51503910922,-1270.358318687191,79992.0,78501.94,75393.9,81609.98,79992.0,78669.79,75172.68,82166.9
2025-12-16 19:00:00,77585.0,-36978.61237165238,-72773.6907318634,-1183.534011441363,77585.0,77001.664,73893.625,80109.7,77585.0,76934.2,73437.09,80431.31
2025-12-16 20:00:00,75422.0,-37348.579926160164,-73143.65828637118,-1553.5015659491473,75422.0,74756.92,71648.88,77864.96,75422.0,74714.3,71217.19,78211.41
2025-12-16 21:00:00,72889.0,-39254.01174084505,-75049.09010105606,-3458.9333806340364,72889.0,72395.23,69287.19,75503.266,72889.0,72654.23,69157.12,76151.336
2025-12-16 22:00:00,70378.0,-41569.89762094549,-77364.97598115652,-5774.819260734475,70378.0,70046.14,66938.1,73154.18,70378.0,70168.87,66671.76,73665.98
2025-12-16 23:00:00,69247.0,-43409.24960213576,-79204.32796234678,-7614.1712419247415,69247.0,67556.0,64447.965,70664.04,69247.0,67753.055,64255.95,71250.164
2025-12-17 00:00:00,67875.0,-45534.57526053014,-81329.65362074116,-9739.496900319122,67875.0,65281.88,62173.844,68389.914,67875.0,66313.53,62816.426,69810.64
2025-12-17 01:00:00,64070.0,-48264.278482872476,-84059.35684308349,-12469.20012266146,64070.0,63408.703,60300.668,66516.74,64070.0,64230.176,60733.07,67727.28
2025-12-17 02:00:00,61315.0,-49860.115470662364,-85655.19383087338,-14065.037110451347,61315.0,61126.805,58018.77,64234.84,61315.0,61611.75,58114.645,65108.855
2025-12-17 03:00:00,59505.0,-50898.12217353701,-86693.20053374802,-15103.043813325996,59505.0,58731.3,55623.266,61839.336,59505.0,60279.234,56782.13,63776.34
2025-12-17 04:00:00,58813.0,-51527.40550268917,-87322.48386290019,-15732.327142478156,58813.0,57374.035,54266.0,60482.07,58813.0,59619.344,56122.24,63116.45
2025-12-17 05:00:00,59261.0,-51629.52478862112,-87424.60314883213,-15834.446428410105,59261.0,57311.273,54203.24,60419.31,59261.0,59399.098,55901.992,62896.203
2025-12-17 06:00:00,61004.0,-50925.56630435173,-86720.64466456274,-15130.48794414071,61004.0,58738.75,55630.715,61846.785,61004.0,60701.12,57204.016,64198.227
2025-12-17 07:00:00,65099.0,-49279.59119942651,-85074.66955963752,-13484.512839215495,65099.0,62086.09,58978.055,65194.125,65099.0,63436.83,59939.723,66933.94
2025-12-17 08:00:00,71524.0,-46756.85883372673,-82551.93719393775,-10961.780473515711,71524.0,67289.57,64181.535,70397.61,71524.0,69199.914,65702.805,72697.02
2025-12-17 09:00:00,77799.0,-43983.14634101452,-79778.22470122554,-8188.067980803506,77799.0,73050.67,69942.63,76158.71,77799.0,75838.77,72341.664,79335.88
2025-12-17 10:00:00,77092.0,-42410.985433900336,-78206.06379411135,-6615.907073689319,77092.0,76874.76,73766.72,79982.8,77092.0,78679.914,75182.805,82177.02
2025-12-17 11:00:00,73967.0,-41800.656733736825,-77595.73509394785,-6005.578373525808,73967.0,74047.83,70939.79,77155.87,73967.0,76550.79,73053.68,80047.9
2025-12-17 12:00:00,70568.0,-42074.45996874617,-77869.53832895719,-6279.38160853515,70568.0,68654.96,65546.92,71763.0,70568.0,70525.34,67028.234,74022.45
2025-12-17 13:00:00,65995.0,-42954.77380452554,-78749.85216473656,-7159.695444314522,65995.0,66124.01,63015.973,69232.05,65995.0,67058.63,63561.527,70555.74
2025-12-17 14:00:00,68441.0,-41121.23246039803,-76916.31082060904,-5326.154100187014,68441.0,65304.29,62196.254,68412.33,68441.0,64370.46,60873.355,67867.57
2025-12-17 15:00:00,70343.0,-40161.54084660823,-75956.61920681925,-4366.462486397213,70343.0,67940.69,64832.652,71048.73,70343.0,68153.41,64656.3,71650.516
2025-12-17 16:00:00,73317.0,-39434.94499666612,-75230.02335687714,-3639.8666364551027,73317.0,71304.88,68196.84,74412.92,73317.0,70196.46,66699.35,73693.57
2025-12-17 17:00:00,76444.0,-38267.12959424306,-74062.20795445408,-2472.051234032042,76444.0,74187.38,71079.34,77295.42,76444.0,72536.98,69039.87,76034.086
2025-12-17 18:00:00,77250.0,-37975.80260022818,-73770.88096043919,-2180.72424001716,77250.0,76077.37,72969.33,79185.41,77250.0,75083.48,71586.37,78580.586
2025-12-17 19:00:00,76205.0,-37889.37182912831,-73684.45018933932,-2094.2934689172907,76205.0,75524.516,72416.48,78632.555,76205.0,75137.05,71639.94,78634.16
2025-12-17 20:00:00,74926.0,-38257.66248450321,-74052.74084471422,-2462.584124292196,74926.0,73500.016,70391.98,76608.055,74926.0,73482.43,69985.32,76979.54
2025-12-17 21:00:00,72683.0,-40154.4578203432,-75949.53618055422,-4359.379460132186,72683.0,71676.55,68568.51,74784.586,72683.0,71925.32,68428.21,75422.43
2025-12-17 22:00:00,70435.0,-42459.84681503607,-78254.92517524709,-6664.7684548250545,70435.0,69741.04,66633.0,72849.08,70435.0,69718.78,66221.67,73215.89
2025-12-17 23:00:00,69687.0,-44290.86182801187,-80085.94018822288,-8495.783467800851,69687.0,67623.25,64515.215,70731.29,69687.0,67389.414,63892.31,70886.52
2025-12-18 00:00:00,68253.0,-46406.554326119025,-82201.63268633003,-10611.475965908008,68253.0,65696.73,62588.69,68804.766,68253.0,66088.2,62591.098,69585.31
2025-12-18 01:00:00,64464.0,-49123.88501224626,-84918.96337245728,-13328.806652035244,64464.0,64019.26,60911.227,67127.3,64464.0,64194.15,60697.043,67691.26
2025-12-18 02:00:00,62056.0,-50712.48877747802,-86507.56713768904,-14917.410417267005,62056.0,61948.945,58840.91,65056.98,62056.0,60860.1,57362.996,64357.207
2025-12-18 03:00:00,60689.0,-51745.79065551394,-87540.86901572495,-15950.712295302925,60689.0,60023.496,56915.46,63131.53,60689.0,59585.81,56088.703,63082.914
2025-12-18 04:00:00,60153.0,-52372.22172193081,-88167.30008214182,-16577.14336171979,60153.0,59075.438,55967.402,62183.473,60153.0,58992.95,55495.844,62490.055
2025-12-18 05:00:00,60691.0,-52473.87814634978,-88268.95650656079,-16678.799786138763,60691.0,59491.836,56383.8,62599.87,60691.0,59912.523,56415.418,63409.63
2025-12-18 06:00:00,62934.0,-51773.11039423371,-87568.18875444472,-15978.03203402269,62934.0,61496.336,58388.3,64604.37,62934.0,61782.46,58285.355,65279.566
2025-12-18 07:00:00,67037.0,-50134.59576575449,-85929.67412596551,-14339.517405543476,67037.0,65205.19,62097.156,68313.23,67037.0,65796.46,62299.355,69293.57
2025-12-18 08:00:00,73722.0,-47623.29782900661,-83418.37618921763,-11828.219468795593,73722.0,70291.54,67183.5,73399.58,73722.0,71360.06,67862.95,74857.17
2025-12-18 09:00:00,79780.0,-44862.157347048356,-80657.23570725937,-9067.07898683734,79780.0,75813.95,72705.914,78921.99,79780.0,77044.46,73547.35,80541.57
2025-12-18 10:00:00,77450.0,-43297.12234930045,-79092.20070951147,-7502.043989089434,77450.0,78431.99,75323.95,81540.03,77450.0,78895.55,75398.44,82392.66
2025-12-18 11:00:00,72748.0,-42689.5599989306,-78484.63835914162,-6894.481638719582,72748.0,73613.12,70505.08,76721.16,72748.0,74849.06,71351.95,78346.17
2025-12-18 12:00:00,68136.0,-42962.12220509356,-78757.20056530458,-7167.043844882544,68136.0,67454.17,64346.137,70562.21,68136.0,67848.67,64351.566,71345.78
2025-12-18 13:00:00,63255.0,-43838.4459679871,-79633.52432819811,-8043.367607776083,63255.0,64823.25,61715.215,67931.29,63255.0,63902.977,60405.87,67400.086
2025-12-18 14:00:00,66003.0,-42013.215255028736,-77808.29361523976,-6218.136894817719,66003.0,63907.812,60799.777,67015.85,66003.0,62057.895,58560.79,65555.0
2025-12-18 15:00:00,68744.0,-41057.87349845043,-76852.95185866146,-5262.795138239417,68744.0,66417.27,63309.24,69525.31,68744.0,65188.18,61691.074,68685.29
2025-12-18 16:00:00,72649.0,-40334.570985818245,-76129.64934602927,-4539.492625607229,72649.0,70514.55,67406.51,73622.586,72649.0,68425.72,64928.613,71922.83
2025-12-18 17:00:00,76426.0,-39172.048773600174,-74967.12713381118,-3376.9704133891573,76426.0,74251.18,71143.14,77359.22,76426.0,72065.266,68568.16,75562.375
2025-12-18 18:00:00,77710.0,-38882.04223587314,-74677.12059608416,-3086.9638756621207,77710.0,76471.96,73363.92,79580.0,77710.0,74837.76,71340.65,78334.87
2025-12-18 19:00:00,76802.0,-38796.00321719411,-74591.08157740513,-3000.924856983096,76802.0,75956.87,72848.83,79064.91,76802.0,75157.66,71660.55,78654.766
2025-12-18 20:00:00,75607.0,-39162.62457407751,-74957.70293428854,-3367.5462138664952,75607.0,73890.72,70782.68,76998.76,75607.0,73642.52,70145.414,77139.63
2025-12-18 21:00:00,73346.0,-41050.82257640768,-76845.9009366187,-5255.744216196661,73346.0,72082.89,68974.85,75190.93,73346.0,71928.14,68431.03,75425.25
2025-12-18 22:00:00,70872.0,-43345.76226342736,-79140.84062363837,-7550.683903216341,70872.0,70203.89,67095.85,73311.93,70872.0,69860.35,66363.24,73357.46
2025-12-18 23:00:00,70047.0,-45168.478095974664,-80963.55645618567,-9373.399735763647,70047.0,68002.05,64894.01,71110.086,70047.0,67466.01,63968.902,70963.12
2025-12-19 00:00:00,68783.0,-47274.581096645394,-83069.6594568564,-11479.502736434377,68783.0,66015.984,62907.95,69124.02,68783.0,66193.62,62696.51,69690.73
2025-12-19 01:00:00,65084.0,-49979.59532578662,-85774.67368599764,-14184.516965575604,65084.0,64315.152,61207.117,67423.19,65084.0,64685.45,61188.344,68182.555
2025-12-19 02:00:00,62418.0,-51560.99865345583,-87356.07701366684,-15765.92029324481,62418.0,62237.105,59129.07,65345.14,62418.0,61388.496,57891.39,64885.6
2025-12-19 03:00:00,60959.0,-52589.61703154109,-88384.69539175212,-16794.538671330076,60959.0,60306.285,57198.25,63414.32,60959.0,59785.67,56288.566,63282.777
2025-12-19 04:00:00,60410.0,-53213.20876326689,-89008.2871234779,-17418.130403055875,60410.0,59270.836,56162.8,62378.87,60410.0,59217.047,55719.94,62714.152
2025-12-19 05:00:00,60710.0,-53314.40442411922,-89109.48278433023,-17519.3260639082,60710.0,59607.93,56499.895,62715.965,60710.0,59923.246,56426.14,63420.35
2025-12-19 06:00:00,62588.0,-52616.81294198021,-88411.89130219123,-16821.734581769197,62588.0,61453.934,58345.9,64561.97,62588.0,61727.277,58230.17,65224.383
2025-12-19 07:00:00,66387.0,-50985.72497491016,-86780.80333512118,-15190.646614699144,66387.0,65055.41,61947.375,68163.445,66387.0,65180.805,61683.7,68677.914
2025-12-19 08:00:00,72749.0,-48485.80963990998,-84280.88800012099,-12690.731279698964,72749.0,69751.82,66643.78,72859.86,72749.0,70731.83,67234.72,74228.94
2025-12-19 09:00:00,79960.0,-45737.1841853468,-81532.26254555781,-9942.105825135783,79960.0,74860.445,71752.41,77968.484,79960.0,75915.414,72418.305,79412.52
2025-12-19 10:00:00,81098.0,-44179.24279837279,-79974.3211585838,-8384.164438161773,81098.0,78823.27,75715.234,81931.31,81098.0,79581.93,76084.82,83079.04
2025-12-19 11:00:00,78990.0,-43574.43425915771,-79369.51261936873,-7779.355898946691,78990.0,78232.22,75124.18,81340.26,78990.0,79006.18,75509.07,82503.29
2025-12-19 12:00:00,74784.0,-43845.76106150863,-79640.83942171965,-8050.682701297614,74784.0,75264.055,72156.016,78372.09,74784.0,75789.27,72292.164,79286.38
2025-12-19 13:00:00,68963.0,-44718.112836750246,-80513.19119696127,-8923.03447653923,68963.0,72066.47,68958.43,75174.51,68963.0,71202.68,67705.57,74699.79
2025-12-19 14:00:00,70383.0,-42901.15508654921,-78696.23344676022,-7106.076726338193,70383.0,68717.08,65609.04,71825.12,70383.0,65867.96,62370.855,69365.07
2025-12-19 15:00:00,71090.0,-41950.143471205425,-77745.22183141645,-6155.065110994408,71090.0,69713.47,66605.43,72821.51,71090.0,69097.4,65600.29,72594.51
2025-12-19 16:00:00,72469.0,-41230.11936864316,-77025.19772885417,-5435.041008432141,72469.0,71936.5,68828.46,75044.54,72469.0,70707.18,67210.07,74204.29
2025-12-19 17:00:00,74256.0,-40072.86635494228,-75867.9447151533,-4277.787994731261,74256.0,74253.05,71145.01,77361.086,74256.0,72339.52,68842.414,75836.63
2025-12-19 18:00:00,74503.0,-39784.17428845932,-75579.25264867034,-3989.095928248302,74503.0,75608.19,72500.15,78716.23,74503.0,73804.86,70307.75,77301.97
2025-12-19 19:00:00,73129.0,-39698.52524656085,-75493.60360677187,-3903.446886349833,73129.0,74060.55,70952.51,77168.586,73129.0,73265.125,69768.016,76762.234
2025-12-19 20:00:00,71923.0,-40063.48487114377,-75858.56323135478,-4268.406510932757,71923.0,71576.68,68468.64,74684.72,71923.0,71620.484,68123.375,75117.59
2025-12-19 21:00:00,69851.0,-41943.12450787071,-77738.20286808172,-6148.04614765969,69851.0,69537.72,66429.68,72645.76,69851.0,70083.8,66586.69,73580.91
2025-12-19 22:00:00,67732.0,-44227.662249302775,-80022.7406095138,-8432.583889091758,67732.0,67531.97,64423.934,70640.01,67732.0,68029.664,64532.56,71526.77
2025-12-19 23:00:00,67217.0,-46042.11651793226,-81837.19487814329,-10247.038157721247,67217.0,65323.125,62215.09,68431.164,67217.0,65744.8,62247.69,69241.91
2025-12-20 00:00:00,66293.0,-48138.67348611299,-83933.75184632401,-12343.595125901971,66293.0,63553.07,60445.035,66661.11,66293.0,64568.656,61071.55,68065.766
2025-12-20 01:00:00,62529.0,-50831.427083315,-86626.50544352602,-15036.348723103984,62529.0,62287.17,59179.137,65395.207,62529.0,62712.844,59215.74,66209.95
2025-12-20 02:00:00,59767.0,-52405.662609817344,-88200.74097002836,-16610.584249606327,59767.0,60390.33,57282.293,63498.363,59767.0,59617.258,56120.152,63114.363
2025-12-20 03:00:00,58104.0,-53429.61871618376,-89224.69707639478,-17634.540355972742,58104.0,58433.957,55325.92,61541.992,58104.0,57664.355,54167.25,61161.46
2025-12-20 04:00:00,57227.0,-54050.38398266562,-89845.46234287664,-18255.3056224546,57227.0,57061.46,53953.426,60169.496,57227.0,56664.176,53167.07,60161.28
2025-12-20 05:00:00,57087.0,-54151.12096838855,-89946.19932859957,-18356.042608177537,57087.0,56464.684,53356.65,59572.72,57087.0,56483.35,52986.246,59980.457
2025-12-20 06:00:00,57752.0,-53456.691359601005,-89251.76971981203,-17661.61299938999,57752.0,56581.71,53473.676,59689.746,57752.0,56887.883,53390.777,60384.99
2025-12-20 07:00:00,59208.0,-51832.99639217188,-87628.0747523829,-16037.918031960864,59208.0,57391.227,54283.19,60499.26,59208.0,58076.125,54579.02,61573.23
2025-12-20 08:00:00,60884.0,-49344.41206662497,-85139.49042683598,-13549.333706413956,60884.0,58648.742,55540.707,61756.777,60884.0,59215.984,55718.88,62713.09
2025-12-20 09:00:00,62444.0,-46608.24491437832,-82403.32327458935,-10813.166554167306,62444.0,59867.37,56759.336,62975.406,62444.0,60796.87,57299.766,64293.977
2025-12-20 10:00:00,63947.0,-45057.36498598105,-80852.44334619207,-9262.28662577003,63947.0,60576.094,57468.06,63684.13,63947.0,61773.086,58275.98,65270.19
2025-12-20 11:00:00,64243.0,-44455.297776113934,-80250.37613632495,-8660.219415902917,64243.0,61194.867,58086.832,64302.902,64243.0,62772.832,59275.727,66269.94
2025-12-20 12:00:00,63458.0,-44725.39477419136,-80520.47313440237,-8930.316413980341,63458.0,61868.508,58760.473,64976.543,63458.0,63324.594,59827.49,66821.7
2025-12-20 13:00:00,61872.0,-45593.792565042604,-81388.87092525362,-9798.714204831587,61872.0,61871.37,58763.336,64979.406,61872.0,62292.07,58794.965,65789.18
2025-12-20 14:00:00,62090.0,-43785.07027992132,-79580.14864013233,-7989.991919710301,62090.0,61368.277,58260.242,64476.312,62090.0,61203.625,57706.52,64700.73
2025-12-20 15:00:00,62310.0,-42838.369179198875,-78633.44753940988,-7043.290818987858,62310.0,61454.25,58346.215,64562.285,62310.0,61247.9,57750.793,64745.004
2025-12-20 16:00:00,62655.0,-42121.6086271251,-77916.68698733611,-6326.53026691408,62655.0,62150.188,59042.152,65258.223,62655.0,61787.56,58290.453,65284.664
2025-12-20 17:00:00,63204.0,-40969.6009289973,-76764.67928920832,-5174.522568786284,63204.0,62997.785,59889.75,66105.82,63204.0,62520.145,59023.04,66017.25
2025-12-20 18:00:00,64055.0,-40682.217375842214,-76477.29573605323,-4887.139015631197,64055.0,63646.477,60538.44,66754.516,64055.0,63130.824,59633.72,66627.93
2025-12-20 19:00:00,63976.0,-40596.956543132204,-76392.03490334321,-4801.8781829211875,63976.0,64102.203,60994.168,67210.24,63976.0,64140.555,60643.45,67637.664
2025-12-20 20:00:00,63328.0,-40960.26196731149,-76755.34032752251,-5165.183607100473,63328.0,63951.7,60843.664,67059.734,63328.0,63689.582,60192.477,67186.69
2025-12-20 21:00:00,62386.0,-42831.38202971752,-78626.46038992854,-7036.303669506502,62386.0,63225.777,60117.742,66333.81,62386.0,62783.26,59286.156,66280.37
2025-12-20 22:00:00,61546.0,-45105.56497297618,-80900.6433331872,-9310.486612765162,61546.0,61954.49,58846.453,65062.523,61546.0,61392.266,57895.16,64889.37
2025-12-20 23:00:00,61992.0,-46911.79512369954,-82706.87348391056,-11116.716763488526,61992.0,60491.664,57383.63,63599.7,61992.0,59953.586,56456.48,63450.69
2025-12-21 00:00:00,61590.0,-48998.849327329335,-84793.92768754036,-13203.770967118318,61590.0,59352.297,56244.26,62460.332,61590.0,59272.383,55775.277,62769.49
2025-12-21 01:00:00,58325.0,-51679.3978646087,-87474.47622481972,-15884.319504397681,58325.0,58176.68,55068.645,61284.715,58325.0,57569.098,54071.992,61066.203
2025-12-21 02:00:00,55948.0,-53246.498078413555,-89041.57643862457,-17451.41971820254,55948.0,56644.08,53536.043,59752.113,55948.0,55223.043,51725.938,58720.15
2025-12-21 03:00:00,54450.0,-54265.81304507474,-90060.89140528576,-18470.734684863724,54450.0,55175.09,52067.055,58283.125,54450.0,53697.41,50200.305,57194.516
2025-12-21 04:00:00,53779.0,-54883.764657428284,-90678.8430176393,-19088.686297217268,53779.0,54068.047,50960.01,57176.082,53779.0,52890.523,49393.418,56387.63
2025-12-21 05:00:00,54133.0,-54984.045046993124,-90779.12340720414,-19188.966686782107,54133.0,53478.27,50370.234,56586.305,54133.0,52730.62,49233.516,56227.727
2025-12-21 06:00:00,54981.0,-54292.762980184954,-90087.84134039597,-18497.684619973938,54981.0,53518.367,50410.332,56626.402,54981.0,52847.97,49350.863,56345.074
2025-12-21 07:00:00,56435.0,-52676.4275032024,-88471.50586341342,-16881.349142991385,56435.0,54107.867,50999.832,57215.902,56435.0,53342.617,49845.51,56839.723
2025-12-21 08:00:00,57869.0,-50199.12282865937,-85994.20118887039,-14404.044468448352,57869.0,55088.1,51980.066,58196.137,57869.0,54672.656,51175.55,58169.76
2025-12-21 09:00:00,58223.0,-47475.357510760376,-83270.43587097139,-11680.279150549359,58223.0,56110.105,53002.07,59218.14,58223.0,56248.027,52750.92,59745.133
2025-12-21 10:00:00,56990.0,-45931.50703447435,-81726.58539468536,-10136.428674263334,56990.0,55551.945,52443.91,58659.98,56990.0,54343.406,50846.3,57840.51
2025-12-21 11:00:00,55889.0,-45332.16872872291,-81127.24708893392,-9537.09036851189,55889.0,53931.477,50823.44,57039.51,55889.0,52363.586,48866.48,55860.69
2025-12-21 12:00:00,54176.0,-45601.04149668515,-81396.11985689617,-9805.963136474136,54176.0,52759.297,49651.26,55867.332,54176.0,51313.035,47815.93,54810.14
2025-12-21 13:00:00,51517.0,-46465.503224806766,-82260.58158501779,-10670.424864595749,51517.0,52420.695,49312.66,55528.73,51517.0,49739.84,46242.734,53236.945
2025-12-21 14:00:00,49574.0,-44664.979077048025,-80460.05743725903,-8869.900716837008,49574.0,51964.168,48856.133,55072.203,49574.0,48259.676,44762.57,51756.78
2025-12-21 15:00:00,49989.0,-43722.568953292495,-79517.64731350352,-7927.490593081478,49989.0,52007.527,48899.492,55115.562,49989.0,48354.14,44857.035,51851.246
2025-12-21 16:00:00,54593.0,-43009.05715947768,-78804.13551968869,-7213.978799266661,54593.0,53225.54,50117.504,56333.574,54593.0,50017.613,46520.508,53514.72
2025-12-21 17:00:00,60479.0,-41862.271002229674,-77657.3493624407,-6067.192642018657,60479.0,56757.086,53649.05,59865.12,60479.0,55062.957,51565.85,58560.062
2025-12-21 18:00:00,65179.0,-41576.190031490856,-77371.26839170187,-5781.111671279839,65179.0,62237.7,59129.664,65345.734,65179.0,61529.207,58032.1,65026.312
2025-12-21 19:00:00,66522.0,-41491.31564838892,-77286.39400859993,-5696.237288177901,66522.0,66124.12,63016.082,69232.16,66522.0,64691.793,61194.688,68188.9
2025-12-21 20:00:00,66271.0,-41852.97436992265,-77648.05273013367,-6057.896009711636,66271.0,66620.39,63512.355,69728.43,66271.0,65177.605,61680.5,68674.71
2025-12-21 21:00:00,65455.0,-43715.613473466394,-79510.69183367741,-7920.535113255377,65455.0,65669.305,62561.27,68777.34,65455.0,64556.105,61059.0,68053.21
2025-12-21 22:00:00,64310.0,-45979.4885522675,-81774.56691247852,-10184.410192056486,64310.0,64142.785,61034.75,67250.82,64310.0,63106.066,59608.96,66603.17
2025-12-21 23:00:00,63790.0,-47777.53186137023,-83572.61022158124,-11982.453501159216,63790.0,62647.28,59539.246,65755.32,63790.0,61488.43,57991.324,64985.535
2025-12-22 00:00:00,63173.0,-49855.12637227374,-85650.20473248477,-14060.048012062725,63173.0,60989.367,57881.332,64097.402,63173.0,60202.633,56705.527,63699.74
2025-12-22 01:00:00,60131.0,-52523.52516976367,-88318.60352997469,-16728.446809552654,60131.0,59289.684,56181.65,62397.72,60131.0,58841.406,55344.3,62338.51
2025-12-22 02:00:00,57984.0,-54083.52241208455,-89878.60077229557,-18288.444051873535,57984.0,57457.633,54349.598,60565.668,57984.0,56179.63,52682.523,59676.734
2025-12-22 03:00:00,56696.0,-55098.21727527207,-90893.29563548308,-19303.138915061056,56696.0,56130.53,53022.496,59238.566,56696.0,54856.07,51358.965,58353.176
2025-12-22 04:00:00,56284.0,-55713.3679865458,-91508.44634675683,-19918.289626334787,56284.0,55571.67,52463.637,58679.707,56284.0,54738.484,51241.38,58235.59
2025-12-22 05:00:00,56978.0,-55813.19384950079,-91608.27220971181,-20018.115489289776,56978.0,56100.47,52992.434,59208.504,56978.0,55420.73,51923.625,58917.836
2025-12-22 06:00:00,59666.0,-55125.04505825769,-90920.1234184687,-19329.96669804667,59666.0,58049.9,54941.863,61157.934,59666.0,57299.33,53802.223,60796.434
2025-12-22 07:00:00,64939.0,-53516.0357144097,-89311.11407462071,-17720.957354198683,64939.0,62256.055,59148.02,65364.09,64939.0,62037.383,58540.277,65534.49
2025-12-22 08:00:00,73580.0,-51049.959565206256,-86845.03792541727,-15254.88120499524,73580.0,68651.67,65543.63,71759.71,73580.0,70026.53,66529.42,73523.64
2025-12-22 09:00:00,81177.0,-48338.53986963035,-84133.61822984138,-12543.461509419336,81177.0,76422.88,73314.84,79530.92,81177.0,78156.125,74659.016,81653.234
2025-12-22 10:00:00,79544.0,-46801.68698406123,-82596.76534427225,-11006.60862385021,79544.0,80603.91,77495.87,83711.945,79544.0,78607.48,75110.37,82104.586
2025-12-22 11:00:00,74651.0,-46205.06521351123,-82000.14357372225,-10409.986853300215,74651.0,76891.01,73782.97,79999.05,74651.0,76389.83,72892.72,79886.94
2025-12-22 12:00:00,70729.0,-46472.71930025142,-82267.79766046244,-10677.6409400404,70729.0,70422.87,67314.83,73530.91,70729.0,70842.39,67345.28,74339.5
2025-12-22 13:00:00,66196.0,-47333.26280607317,-83128.3411662842,-11538.184445862156,66196.0,67834.77,64726.74,70942.81,66196.0,67537.51,64040.402,71034.62
2025-12-22 14:00:00,69202.0,-45540.89963714978,-81335.9779973608,-9745.821276938761,69202.0,67045.695,63937.66,70153.734,69202.0,65180.434,61683.33,68677.54
2025-12-22 15:00:00,71859.0,-44602.76104126226,-80397.83940147328,-8807.682681051243,71859.0,70459.28,67351.24,73567.32,71859.0,68299.234,64802.13,71796.34
2025-12-22 16:00:00,75597.0,-43892.4832805235,-79687.56164073452,-8097.404920312481,75597.0,74598.766,71490.73,77706.805,75597.0,71007.164,67510.055,74504.27
2025-12-22 17:00:00,79210.0,-42750.89499722216,-78545.97335743318,-6955.816637011143,79210.0,77819.39,74711.35,80927.43,79210.0,73927.63,70430.52,77424.74
2025-12-22 18:00:00,79908.0,-42466.11070487019,-78261.18906508121,-6671.032344659172,79908.0,79425.86,76317.82,82533.9,79908.0,76247.41,72750.3,79744.516
2025-12-22 19:00:00,78541.0,-42381.621019771344,-78176.69937998237,-6586.542659560328,78541.0,78264.73,75156.69,81372.766,78541.0,75906.47,72409.36,79403.58
2025-12-22 20:00:00,76815.0,-42741.64050243359,-78536.7188626446,-6946.562142222574,76815.0,75690.63,72582.59,78798.67,76815.0,74388.016,70890.91,77885.125
2025-12-22 21:00:00,74080.0,-44595.83708754689,-80390.9154477579,-8800.758727335873,74080.0,73549.11,70441.07,76657.15,74080.0,72659.62,69162.51,76156.73
2025-12-22 22:00:00,71440.0,-46849.45102287654,-82644.52938308756,-11054.372662665526,71440.0,71411.266,68303.23,74519.305,71440.0,70658.68,67161.57,74155.79
2025-12-22 23:00:00,70666.0,-48639.34459768724,-84434.42295789826,-12844.266237476222,70666.0,69070.25,65962.21,72178.29,70666.0,68534.89,65037.785,72032.0
2025-12-23 00:00:00,69420.0,-50707.522292463604,-86502.60065267462,-14912.443932252587,69420.0,66998.08,63890.043,70106.12,69420.0,67283.87,63786.76,70780.98
2025-12-23 01:00:00,65443.0,-53363.82641955564,-89158.90477976666,-17568.748059344623,65443.0,65134.64,62026.605,68242.68,65443.0,65440.598,61943.492,68937.7
2025-12-23 02:00:00,62958.0,-54916.75288501767,-90711.83124522868,-19121.67452480665,62958.0,62730.418,59622.383,65838.45,62958.0,62618.49,59121.383,66115.59
2025-12-23 03:00:00,61495.0,-55926.84858561516,-91721.92694582618,-20131.770225404143,61495.0,60768.26,57660.227,63876.297,61495.0,61256.94,57759.836,64754.047
2025-12-23 04:00:00,60732.0,-56539.21109105366,-92334.28945126467,-20744.13273084264,60732.0,59835.06,56727.023,62943.094,60732.0,60780.082,57282.977,64277.188
2025-12-23 05:00:00,61136.0,-56638.58448756669,-92433.66284777771,-20843.50612735567,61136.0,60273.52,57165.484,63381.555,61136.0,60798.887,57301.78,64295.992
2025-12-23 06:00:00,62975.0,-55953.55477013767,-91748.6331303487,-20158.476409926654,62975.0,62724.93,59616.895,65832.97,62975.0,61842.113,58345.008,65339.22
2025-12-23 07:00:00,66930.0,-54351.838353306164,-90146.91671351719,-18556.759993095147,66930.0,66503.78,63395.746,69611.82,66930.0,65195.863,61698.758,68692.97
2025-12-23 08:00:00,73616.0,-51896.939835508034,-87692.01819571905,-16101.861475297017,73616.0,71638.42,68530.38,74746.46,73616.0,71134.36,67637.25,74631.47
2025-12-23 09:00:00,80747.0,-49197.80980501487,-84992.88816522589,-13402.731444803852,80747.0,77338.375,74230.336,80446.414,80747.0,77754.12,74257.01,81251.23
2025-12-23 10:00:00,82812.0,-47667.9227931819,-83463.00115339292,-11872.84443297088,82812.0,81390.16,78282.12,84498.195,82812.0,80906.34,77409.234,84403.45
2025-12-23 11:00:00,81757.0,-47074.00524498195,-82869.08360519297,-11278.926884770932,81757.0,81093.42,77985.38,84201.46,81757.0,81146.36,77649.25,84643.47
2025-12-23 12:00:00,80271.0,-47340.44617424252,-83135.52453445354,-11545.367814031502,80271.0,78406.12,75298.08,81514.16,80271.0,79765.97,76268.86,83263.08
2025-12-23 13:00:00,77540.0,-48197.089217331435,-83992.16757754245,-12402.010857120418,77540.0,77443.21,74335.17,80551.25,77540.0,79081.67,75584.56,82578.78
2025-12-23 14:00:00,80875.0,-46412.85003713935,-82207.92839735036,-10617.771676928336,80875.0,76637.44,73529.4,79745.48,80875.0,77174.29,73677.18,80671.4
2025-12-23 15:00:00,81963.0,-45478.963608175116,-81274.04196838613,-9683.8852479641,81963.0,78572.414,75464.375,81680.45,81963.0,78922.98,75425.87,82420.086
2025-12-23 16:00:00,82041.0,-44771.90522207225,-80566.98358228327,-8976.826861861235,82041.0,79940.86,76832.82,83048.9,82041.0,80352.89,76855.78,83850.0
2025-12-23 17:00:00,81671.0,-43635.49125305618,-79430.5696132672,-7840.412892845161,81671.0,80176.38,77068.34,83284.42,81671.0,79592.72,76095.61,83089.83
2025-12-23 18:00:00,80065.0,-43351.997761821985,-79147.076122033,-7556.919401610969,80065.0,79401.27,76293.234,82509.31,80065.0,78563.664,75066.555,82060.77
2025-12-23 19:00:00,77566.0,-43267.89103106049,-79062.9693912715,-7472.812670849475,77566.0,77633.61,74525.57,80741.65,77566.0,76526.72,73029.61,80023.83
2025-12-23 20:00:00,75472.0,-43626.27870479534,-79421.35706500636,-7831.200344584322,75472.0,75273.52,72165.484,78381.56,75472.0,74436.83,70939.72,77933.94
2025-12-23 21:00:00,72737.0,-45472.07103767657,-81267.14939788758,-9676.992677465554,72737.0,72824.66,69716.62,75932.695,72737.0,72565.02,69067.914,76062.13
2025-12-23 22:00:00,70263.0,-47715.47033875532,-83510.54869896633,-11920.391978544307,70263.0,70265.17,67157.13,73373.21,70263.0,69955.016,66457.91,73452.125
2025-12-23 23:00:00,69520.0,-49497.251118411485,-85292.3294786225,-13702.172758200468,69520.0,67737.47,64629.434,70845.51,69520.0,67570.37,64073.26,71067.48
2025-12-24 00:00:00,68148.0,-51556.05467931921,-87351.13303953022,-15760.976319108195,68148.0,65642.88,62534.848,68750.92,68148.0,66354.33,62857.223,69851.44
2025-12-24 01:00:00,64338.0,-54200.318955799725,-89995.39731601074,-18405.240595588708,64338.0,63725.66,60617.625,66833.695,64338.0,64380.203,60883.098,67877.31
2025-12-24 02:00:00,61622.0,-55746.20669310403,-91541.28505331505,-19951.128332893015,61622.0,61522.504,58414.47,64630.54,61622.0,61640.89,58143.785,65137.996
2025-12-24 03:00:00,59983.0,-56751.72407707939,-92546.8024372904,-20956.64571686837,59983.0,59168.64,56060.605,62276.676,59983.0,60220.254,56723.15,63717.36
2025-12-24 04:00:00,59318.0,-57361.31101438531,-93156.38937459633,-21566.232654174295,59318.0,57807.45,54699.414,60915.484,59318.0,59659.445,56162.34,63156.55
2025-12-24 05:00:00,59560.0,-57460.23399528645,-93255.31235549747,-21665.155635075433,59560.0,57785.14,54677.105,60893.176,59560.0,59774.61,56277.504,63271.715
2025-12-24 06:00:00,61263.0,-56778.30921429079,-92573.3875745018,-20983.230854079775,61263.0,59188.348,56080.312,62296.383,61263.0,60858.58,57361.473,64355.684
2025-12-24 07:00:00,65137.0,-55183.852668866326,-90978.93102907734,-19388.77430865531,65137.0,62610.863,59502.83,65718.9,65137.0,63655.703,60158.598,67152.81
2025-12-24 08:00:00,71411.0,-52740.0811192189,-88535.15947942992,-16945.002759007883,71411.0,67488.52,64380.49,70596.56,71411.0,69306.055,65808.945,72803.164
2025-12-24 09:00:00,79314.0,-50053.18505019753,-85848.26341040854,-14258.10668998651,79314.0,72917.125,69809.086,76025.164,79314.0,76072.734,72575.625,79569.84
2025-12-24 10:00:00,81977.0,-48530.23233887898,-84325.31069909,-12735.153978667964,81977.0,77961.76,74853.72,81069.8,81977.0,80947.445,77450.336,84444.555
2025-12-24 11:00:00,82180.0,-47939.00675598638,-83734.0851161974,-12143.928395775365,82180.0,79079.06,75971.02,82187.1,82180.0,80937.46,77440.35,84434.57
2025-12-24 12:00:00,80324.0,-48204.240026473104,-83999.31838668411,-12409.161666262087,80324.0,77382.664,74274.625,80490.7,80324.0,79417.71,75920.6,82914.82
2025-12-24 13:00:00,76355.0,-49057.00028589994,-84852.07864611095,-13261.921925688926,76355.0,75397.75,72289.71,78505.79,76355.0,76848.68,73351.57,80345.79
2025-12-24 14:00:00,78209.0,-47280.848271994895,-83075.92663220591,-11485.769911783878,78209.0,73689.27,70581.234,76797.31,78209.0,72857.16,69360.05,76354.266
2025-12-24 15:00:00,78020.0,-46351.194736763784,-82146.2730969748,-10556.116376552767,78020.0,76045.04,72937.0,79153.08,78020.0,77091.7,73594.59,80588.81
2025-12-24 16:00:00,77949.0,-45647.34113329687,-81442.41949350788,-9852.262773085851,77949.0,78521.586,75413.55,81629.625,77949.0,77358.77,73861.664,80855.88
2025-12-24 17:00:00,78338.0,-44516.07802569016,-80311.15638590118,-8720.999665479147,78338.0,79475.695,76367.66,82583.734,78338.0,77676.19,74179.08,81173.3
2025-12-24 18:00:00,77298.0,-44233.86948494375,-80028.94784515476,-8438.791124732736,77298.0,79155.57,76047.53,82263.61,77298.0,77199.77,73702.664,80696.88
2025-12-24 19:00:00,75225.0,-44150.14397275715,-79945.22233296817,-8355.065612546132,75225.0,76397.7,73289.664,79505.74,75225.0,75579.02,72081.914,79076.13
2025-12-24 20:00:00,73425.0,-44506.907233832026,-80301.98559404304,-8711.828873621009,73425.0,73434.99,70326.95,76543.03,73425.0,73359.09,69861.984,76856.2
2025-12-24 21:00:00,71182.0,-46344.33340723584,-82139.41176744686,-10549.255047024824,71182.0,71243.94,68135.9,74351.98,71182.0,71535.02,68037.914,75032.13
2025-12-24 22:00:00,69235.0,-48577.56437247853,-84372.64273268955,-12782.486012267516,69235.0,69070.52,65962.484,72178.56,69235.0,69142.96,65645.85,72640.07
2025-12-24 23:00:00,69291.0,-50351.26912868891,-86146.34748889992,-14556.190768477893,69291.0,66725.84,63617.81,69833.88,69291.0,67167.914,63670.81,70665.02
2025-12-25 00:00:00,68448.0,-52400.74104452671,-88195.81940473773,-16605.662684315692,68448.0,64978.992,61870.957,68087.03,68448.0,66375.09,62877.99,69872.2
2025-12-25 01:00:00,64560.0,-55033.02004170825,-90828.09840191927,-19237.941681497236,64560.0,63550.336,60442.3,66658.375,64560.0,64865.38,61368.273,68362.484
2025-12-25 02:00:00,61967.0,-56571.90095429339,-92366.97931450441,-20776.822594082376,61967.0,61520.418,58412.383,64628.453,61967.0,62273.145,58776.04,65770.25
2025-12-25 03:00:00,60195.0,-57572.860773128945,-93367.93913333997,-21777.782412917928,60195.0,59408.57,56300.535,62516.605,60195.0,60399.55,56902.445,63896.656
2025-12-25 04:00:00,59314.0,-58179.68472272385,-93974.76308293486,-22384.60636251283,59314.0,58235.71,55127.676,61343.746,59314.0,59951.016,56453.91,63448.12
2025-12-25 05:00:00,59650.0,-58278.159329547656,-94073.23768975868,-22483.08096933664,59650.0,58277.332,55169.297,61385.367,59650.0,59930.223,56433.117,63427.33
2025-12-25 06:00:00,60513.0,-57599.32541168312,-93394.40377189414,-21804.247051472106,60513.0,59704.906,56596.87,62812.94,60513.0,61370.363,57873.258,64867.47
2025-12-25 07:00:00,62083.0,-56012.09583188269,-91807.1741920937,-20217.017471671672,62083.0,62714.99,59606.953,65823.02,62083.0,63893.06,60395.953,67390.164
2025-12-25 08:00:00,63834.0,-53579.40081676546,-89374.47917697649,-17784.322456554444,63834.0,65474.703,62366.668,68582.74,63834.0,66487.18,62990.074,69984.29
2025-12-25 09:00:00,64659.0,-50904.68325808474,-86699.76161829576,-15109.604897873724,64659.0,66520.516,63412.48,69628.555,64659.0,67669.9,64172.793,71167.01
2025-12-25 10:00:00,61807.0,-49388.63341716634,-85183.71177737735,-13593.555056955323,61807.0,64661.24,61553.203,67769.27,61807.0,65295.098,61797.992,68792.2
2025-12-25 11:00:00,58756.0,-48800.08759809413,-84595.16595830515,-13005.00923788311,58756.0,59894.383,56786.348,63002.418,58756.0,59539.984,56042.88,63037.09
2025-12-25 12:00:00,57024.0,-49064.118683589564,-84859.19704380058,-13269.040323378547,57024.0,55813.64,52705.605,58921.676,57024.0,55907.664,52410.56,59404.77
2025-12-25 13:00:00,55977.0,-49913.01375829368,-85708.09211850469,-14117.935398082664,55977.0,54654.555,51546.52,57762.59,55977.0,54363.383,50866.277,57860.49
2025-12-25 14:00:00,57822.0,-48144.91225513123,-83939.99061534225,-12349.833894920215,57822.0,55198.46,52090.426,58306.496,57822.0,54427.676,50930.57,57924.78
2025-12-25 15:00:00,60311.0,-47219.47242779994,-83014.55078801097,-11424.394067588924,60311.0,57641.63,54533.594,60749.664,60311.0,57160.17,53663.066,60657.277
2025-12-25 16:00:00,63962.0,-46518.8090811081,-82313.88744131912,-10723.730720897081,63962.0,61222.004,58113.97,64330.04,63962.0,60431.55,56934.445,63928.656
2025-12-25 17:00:00,67939.0,-45392.67348833638,-81187.7518485474,-9597.595128125366,67939.0,65922.81,62814.777,69030.85,67939.0,64408.395,60911.29,67905.5
2025-12-25 18:00:00,71041.0,-45111.74407396606,-80906.82243417707,-9316.665713755043,71041.0,69197.54,66089.5,72305.58,71041.0,67155.81,63658.707,70652.92
2025-12-25 19:00:00,72089.0,-45028.39805245931,-80823.47641267034,-9233.319692248297,72089.0,70535.26,67427.22,73643.3,72089.0,68705.32,65208.215,72202.43
2025-12-25 20:00:00,71610.0,-45383.54426361765,-81178.62262382868,-9588.465903406635,71610.0,70623.38,67515.34,73731.42,71610.0,68953.71,65456.605,72450.82
2025-12-25 21:00:00,70652.0,-47212.6421976411,-83007.72055785212,-11417.563837430083,70652.0,69798.19,66690.15,72906.23,70652.0,68044.32,64547.215,71541.43
2025-12-25 22:00:00,69418.0,-49435.75091561236,-85230.82927582337,-13640.672555401346,69418.0,68589.64,65481.605,71697.68,69418.0,66832.47,63335.363,70329.58
2025-12-25 23:00:00,68772.0,-51201.416253415824,-86996.49461362684,-15406.337893204807,68772.0,67034.37,63926.332,70142.41,68772.0,65355.33,61858.223,68852.44
2025-12-26 00:00:00,68255.0,-53241.59882039951,-89036.67718061052,-17446.52046018849,68255.0,65531.246,62423.21,68639.28,68255.0,64245.05,60747.945,67742.16
2025-12-26 01:00:00,65280.0,-55861.94686224703,-91657.02522245805,-20066.868502036014,65280.0,64352.977,61244.94,67461.016,65280.0,63660.566,60163.46,67157.67
2025-12-26 02:00:00,62903.0,-57393.85270894741,-93188.93106915843,-21598.77434873639,62903.0,62952.22,59844.184,66060.26,62903.0,61119.645,57622.54,64616.75
2025-12-26 03:00:00,61562.0,-58390.27562006821,-94185.35398027924,-22595.197259857196,61562.0,61711.73,58603.695,64819.766,61562.0,59438.695,55941.59,62935.8
2025-12-26 04:00:00,60896.0,-58994.34910535216,-94789.42746556317,-23199.27074514114,60896.0,61198.707,58090.67,64306.742,60896.0,59142.77,55645.664,62639.875
2025-12-26 05:00:00,61324.0,-59092.37737037982,-94887.45573059084,-23297.299010168805,61324.0,61625.938,58517.902,64733.973,61324.0,60084.31,56587.203,63581.414
2025-12-26 06:00:00,63268.0,-58416.62030613222,-94211.69866634323,-22621.541945921206,63268.0,64045.535,60937.5,67153.57,63268.0,61555.773,58058.668,65052.88
2025-12-26 07:00:00,67405.0,-56836.58493532016,-92631.66329553118,-21041.506575109146,67405.0,67336.03,64227.996,70444.07,67405.0,65815.805,62318.7,69312.914
2025-12-26 08:00:00,74642.0,-54414.91624970589,-90209.9946099169,-18619.837889494876,74642.0,72369.64,69261.6,75477.68,74642.0,71764.48,68267.37,75261.586
2025-12-26 09:00:00,82127.0,-51752.32200157011,-87547.40036178112,-15957.243641359091,82127.0,78422.2,75314.164,81530.24,82127.0,77352.29,73855.18,80849.4
2025-12-26 10:00:00,81667.0,-50243.14374339636,-86038.22210360738,-14448.065383185341,81667.0,82342.72,79234.68,85450.76,81667.0,79939.734,76442.625,83436.84
2025-12-26 11:00:00,77873.0,-49657.265541961526,-85452.34390217255,-13862.187181750509,77873.0,79443.805,76335.766,82551.84,77873.0,77077.3,73580.19,80574.41
2025-12-26 12:00:00,73529.0,-49920.09989143802,-85715.17825164903,-14125.021531227001,73529.0,73532.234,70424.195,76640.27,73529.0,71869.46,68372.35,75366.57
2025-12-26 13:00:00,69350.0,-50765.14730059057,-86560.22566080159,-14970.068940379555,69350.0,70249.086,67141.05,73357.125,69350.0,66964.875,63467.77,70461.984
2025-12-26 14:00:00,71415.0,-49005.059818769645,-84800.13817898066,-13209.981458558628,71415.0,69295.81,66187.77,72403.85,71415.0,65089.586,61592.48,68586.695
2025-12-26 15:00:00,73551.0,-48083.81460046576,-83878.89296067678,-12288.736240254744,73551.0,71897.4,68789.36,75005.44,73551.0,68736.34,65239.24,72233.45
2025-12-26 16:00:00,77163.0,-47386.32705052743,-83181.40541073844,-11591.24869031641,77163.0,75424.57,72316.53,78532.61,77163.0,71949.125,68452.016,75446.234
2025-12-26 17:00:00,81379.0,-46265.295731836006,-82060.37409204702,-10470.217371624989,81379.0,78608.555,75500.516,81716.59,81379.0,76111.62,72614.51,79608.73
2025-12-26 18:00:00,82377.0,-45985.639646128206,-81780.71800633922,-10190.561285917189,82377.0,80937.984,77829.945,84046.02,82377.0,80067.62,76570.51,83564.73
2025-12-26 19:00:00,80277.0,-45902.671395238074,-81697.7497554491,-10107.593035027057,80277.0,80544.47,77436.43,83652.51,80277.0,79226.75,75729.64,82723.86
2025-12-26 20:00:00,78010.0,-46256.20788585124,-82051.28624606226,-10461.129525640223,78010.0,77958.36,74850.32,81066.4,78010.0,76379.46,72882.35,79876.57
2025-12-26 21:00:00,75449.0,-48077.01532871636,-83872.09368892739,-12281.936968505346,75449.0,75420.87,72312.83,78528.91,75449.0,74051.3,70554.19,77548.41
2025-12-26 22:00:00,72590.0,-50290.04767908177,-86085.12603929278,-14494.969318870753,72590.0,73177.61,70069.57,76285.65,72590.0,71793.51,68296.4,75290.62
2025-12-26 23:00:00,71940.0,-52047.710037602745,-87842.78839781377,-16252.631677391728,71940.0,70835.914,67727.875,73943.95,71940.0,69584.266,66087.16,73081.375
2025-12-27 00:00:00,71088.0,-54078.64536023809,-89873.72372044911,-18283.567000027077,71088.0,69031.734,65923.695,72139.77,71088.0,68560.11,65063.004,72057.22
2025-12-27 01:00:00,67455.0,-56687.11652449007,-92482.19488470108,-20892.038164279053,67455.0,67305.2,64197.168,70413.24,67455.0,66822.17,63325.066,70319.28
2025-12-27 02:00:00,64564.0,-58212.07892019134,-94007.15728040236,-22417.000559980326,64564.0,65082.465,61974.43,68190.5,64564.0,64113.46,60616.355,67610.57
2025-12-27 03:00:00,62706.0,-59203.985487391496,-94999.06384760252,-23408.90712718048,62706.0,63085.395,59977.36,66193.43,62706.0,61751.938,58254.832,65249.043
2025-12-27 04:00:00,61780.0,-59805.32097500152,-95600.39933521254,-24010.242614790506,61780.0,61753.707,58645.67,64861.742,61780.0,60393.98,56896.875,63891.086
2025-12-27 05:00:00,61529.0,-59902.904921302805,-95697.98328151382,-24107.826561091788,61529.0,61320.758,58212.723,64428.793,61529.0,60275.03,56777.926,63772.137
2025-12-27 06:00:00,62297.0,-59230.21076465688,-95025.2891248679,-23435.13240444586,62297.0,61745.68,58637.645,64853.715,62297.0,60859.168,57362.062,64356.273
2025-12-27 07:00:00,63897.0,-57657.33699466886,-93452.41535487988,-21862.258634457845,63897.0,63000.984,59892.95,66109.02,63897.0,62211.242,58714.137,65708.35
2025-12-27 08:00:00,65843.0,-55246.644661087485,-91041.7230212985,-19451.566300876468,65843.0,64670.754,61562.72,67778.79,65843.0,63527.3,60030.195,67024.41
2025-12-27 09:00:00,66651.0,-52596.11877389715,-88391.19713410817,-16801.040413686133,66651.0,66096.71,62988.676,69204.75,66651.0,65123.094,61625.99,68620.2
2025-12-27 10:00:00,64784.0,-51093.78095262565,-86888.85931283666,-15298.702592414636,64784.0,65696.12,62588.082,68804.16,64784.0,64441.492,60944.387,67938.6
2025-12-27 11:00:00,62385.0,-50510.55827769845,-86305.63663790947,-14715.479917487435,62385.0,62727.984,59619.95,65836.02,62385.0,60604.34,57107.234,64101.445
2025-12-27 12:00:00,60784.0,-50772.20131543056,-86567.27967564158,-14977.122955219544,60784.0,60340.05,57232.016,63448.086,60784.0,59796.793,56299.688,63293.9
2025-12-27 13:00:00,60022.0,-51613.418498796054,-87408.49685900708,-15818.340138585037,60022.0,59305.676,56197.64,62413.71,60022.0,59343.8,55846.695,62840.906
2025-12-27 14:00:00,61690.0,-49861.308714305866,-85656.38707451688,-14066.230354094849,61690.0,59744.906,56636.87,62852.94,61690.0,60438.855,56941.75,63935.96
2025-12-27 15:00:00,63673.0,-48944.23909272369,-84739.31745293472,-13149.160732512675,63673.0,61452.844,58344.81,64560.88,63673.0,62172.11,58675.004,65669.22
2025-12-27 16:00:00,65517.0,-48249.91294505816,-84044.99130526918,-12454.834584847144,65517.0,63657.89,60549.855,66765.93,65517.0,64115.117,60618.01,67612.23
2025-12-27 17:00:00,67283.0,-47133.96276503238,-82929.0411252434,-11338.884404821365,67283.0,65843.25,62735.215,68951.29,67283.0,65539.69,62042.582,69036.8
2025-12-27 18:00:00,69079.0,-46855.574236552005,-82650.65259676302,-11060.495876340989,69079.0,67329.945,64221.91,70437.984,69079.0,67114.95,63617.848,70612.06
2025-12-27 19:00:00,69190.0,-46772.98204401153,-82568.06040422255,-10977.903683800512,69190.0,68151.95,65043.918,71259.99,69190.0,68091.05,64593.94,71588.16
2025-12-27 20:00:00,68242.0,-47124.91611023011,-82919.99447044113,-11329.83775001909,68242.0,68014.24,64906.207,71122.28,68242.0,67586.44,64089.332,71083.55
2025-12-27 21:00:00,66681.0,-48937.470639062965,-84732.54899927397,-13142.392278851949,66681.0,67081.086,63973.05,70189.125,66681.0,66517.16,63020.05,70014.266
2025-12-27 22:00:00,65117.0,-51140.472293535866,-86935.55065374688,-15345.393933324849,65117.0,65546.07,62438.035,68654.11,65117.0,65081.56,61584.453,68578.664
2025-12-27 23:00:00,65389.0,-52890.16794673637,-88685.24630694739,-17095.089586525355,65389.0,63729.715,60621.68,66837.75,65389.0,63411.453,59914.348,66908.56
2025-12-28 00:00:00,65045.0,-54911.89793868808,-90706.9762988991,-19116.819578477065,65045.0,62400.715,59292.68,65508.75,65045.0,62671.63,59174.523,66168.734
2025-12-28 01:00:00,61767.0,-57508.546057972526,-93303.62441818355,-21713.46769776151,61767.0,60930.54,57822.504,64038.574,61767.0,61169.01,57671.906,64666.117
2025-12-28 02:00:00,59227.0,-59026.59647426407,-94821.6748344751,-23231.518114053055,59227.0,59073.56,55965.523,62181.594,59227.0,58089.85,54592.746,61586.957
2025-12-28 03:00:00,57433.0,-60014.007168131095,-95809.08552834211,-24218.928807920078,57433.0,57312.535,54204.5,60420.57,57433.0,56290.86,52793.754,59787.965
2025-12-28 04:00:00,56391.0,-60612.617068198495,-96407.69542840951,-24817.538707987478,56391.0,56054.742,52946.707,59162.777,56391.0,55328.86,51831.754,58825.965
2025-12-28 05:00:00,56426.0,-60709.758709673464,-96504.83706988448,-24914.680349462447,56426.0,55349.67,52241.637,58457.707,56426.0,54783.902,51286.797,58281.008
2025-12-28 06:00:00,57199.0,-60040.11357782506,-95835.19193803608,-24245.035217614044,57199.0,55342.38,52234.344,58450.414,57199.0,55302.5,51805.395,58799.605
2025-12-28 07:00:00,58424.0,-58474.36894829513,-94269.44730850615,-22679.290588084114,58424.0,55968.695,52860.66,59076.73,58424.0,56153.69,52656.586,59650.797
2025-12-28 08:00:00,59561.0,-56074.60321580233,-91869.68157601335,-20279.524855591313,59561.0,56960.617,53852.582,60068.652,59561.0,57059.516,53562.41,60556.62
2025-12-28 09:00:00,60009.0,-53436.09098902018,-89231.1693492312,-17641.012628809163,60009.0,57725.934,54617.9,60833.97,60009.0,58086.367,54589.26,61583.473
2025-12-28 10:00:00,59235.0,-51940.562599978846,-87735.64096018986,-16145.48423976783,59235.0,57607.625,54499.59,60715.66,59235.0,58287.2,54790.094,61784.305
2025-12-28 11:00:00,57817.0,-51359.98341523326,-87155.06177544428,-15564.905055022246,57817.0,56335.504,53227.47,59443.54,57817.0,56305.48,52808.375,59802.586
2025-12-28 12:00:00,54970.0,-51620.4405409097,-87415.51890112073,-15825.362180698685,54970.0,55364.89,52256.855,58472.926,54970.0,55764.93,52267.824,59262.035
2025-12-28 13:00:00,52466.0,-52457.84485920592,-88252.92321941693,-16662.766498994904,52466.0,54293.24,51185.203,57401.273,52466.0,53499.93,50002.824,56997.035
2025-12-28 14:00:00,52333.0,-50713.67661267635,-86508.75497288737,-14918.59825246533,52333.0,53323.43,50215.395,56431.465,52333.0,52575.617,49078.51,56072.723
2025-12-28 15:00:00,54127.0,-49800.76366168456,-85595.84202189557,-14005.685301473546,54127.0,53286.16,50178.125,56394.195,54127.0,53060.363,49563.258,56557.47
2025-12-28 16:00:00,57689.0,-49109.584587054946,-84904.66294726596,-13314.506226843929,57689.0,54607.64,51499.605,57715.676,57689.0,55206.7,51709.594,58703.805
2025-12-28 17:00:00,61198.0,-47998.69251514276,-83793.77087535377,-12203.61415493174,61198.0,57281.0,54172.965,60389.035,61198.0,59080.24,55583.133,62577.344
2025-12-28 18:00:00,64553.0,-47721.56579861406,-83516.64415882507,-11926.48743840304,64553.0,60660.664,57552.63,63768.7,64553.0,62494.062,58996.957,65991.17
2025-12-28 19:00:00,65599.0,-47639.34795991722,-83434.42632012823,-11844.269599706204,65599.0,63655.77,60547.734,66763.805,65599.0,64671.08,61173.973,68168.19
2025-12-28 20:00:00,65165.0,-47989.68686482157,-83784.76522503258,-12194.60850461055,65165.0,64771.406,61663.37,67879.445,65165.0,64879.293,61382.188,68376.4
2025-12-28 21:00:00,63921.0,-49794.02588642775,-85589.10424663877,-13998.947526216733,63921.0,64267.336,61159.3,67375.375,63921.0,63949.844,60452.74,67446.95
2025-12-28 22:00:00,62425.0,-51987.04230971185,-87782.12066992286,-16191.96394950083,62425.0,62781.918,59673.883,65889.95,62425.0,62381.88,58884.773,65878.984
2025-12-28 23:00:00,62170.0,-53728.80736714009,-89523.88572735111,-17933.729006929076,62170.0,60741.81,57633.773,63849.844,62170.0,60335.203,56838.098,63832.31
2025-12-29 00:00:00,61555.0,-55741.373752096784,-91536.4521123078,-19946.295391885767,61555.0,59002.137,55894.1,62110.17,61555.0,59188.508,55691.402,62685.613
2025-12-29 01:00:00,58659.0,-58326.25241504225,-94121.33077525327,-22531.17405483123,58659.0,57203.754,54095.72,60311.79,58659.0,57803.117,54306.01,61300.223
2025-12-29 02:00:00,56294.0,-59837.42218086666,-95632.50054107768,-24042.343820655646,56294.0,55488.92,52380.887,58596.957,56294.0,55765.72,52268.613,59262.824
2025-12-29 03:00:00,55141.0,-60820.35737920397,-96615.43573941498,-25025.27901899295,55141.0,54200.246,51092.21,57308.28,55141.0,54004.656,50507.55,57501.76
2025-12-29 04:00:00,54793.0,-61416.2540456104,-97211.33240582142,-25621.175685399387,54793.0,53742.71,50634.676,56850.746,54793.0,53421.652,49924.547,56918.758
2025-12-29 05:00:00,55556.0,-61512.955387031034,-97308.03374724205,-25717.877026820017,55556.0,54268.465,51160.43,57376.5,55556.0,53524.53,50027.426,57021.637
2025-12-29 06:00:00,57898.0,-60846.3454601006,-96641.42382031161,-25051.267099889585,57898.0,56048.727,52940.69,59156.76,57898.0,55196.633,51699.527,58693.74
2025-12-29 07:00:00,62399.0,-59287.697657791265,-95082.77601800227,-23492.619297580248,62399.0,59641.32,56533.285,62749.355,62399.0,59152.594,55655.49,62649.7
2025-12-29 08:00:00,69923.0,-56898.809000941714,-92693.88736115274,-21103.730640730697,69923.0,65304.16,62196.125,68412.195,69923.0,66213.68,62716.574,69710.79
2025-12-29 09:00:00,78007.0,-54272.25598196379,-90067.33434217481,-18477.177621752773,78007.0,71957.91,68849.87,75065.945,78007.0,74858.61,71361.5,78355.72
2025-12-29 10:00:00,79283.0,-52783.50616101099,-88578.58452122202,-16988.427800799975,79283.0,76995.164,73887.125,80103.2,79283.0,78628.234,75131.125,82125.34
2025-12-29 11:00:00,77258.0,-52205.55848467637,-88000.63684488738,-16410.48012446535,77258.0,76357.05,73249.01,79465.086,77258.0,77701.49,74204.38,81198.6
2025-12-29 12:00:00,74575.0,-52464.83507351146,-88259.91343372248,-16669.75671330044,74575.0,72764.58,69656.54,75872.62,74575.0,74186.66,70689.55,77683.766
2025-12-29 13:00:00,70756.0,-53298.44380876773,-89093.52216897876,-17503.365448556717,70756.0,70703.305,67595.266,73811.34,70756.0,71209.11,67712.0,74706.22
2025-12-29 14:00:00,72791.0,-51562.18110472307,-87357.25946493409,-15767.102744512056,72791.0,70120.26,67012.22,73228.3,72791.0,70243.84,66746.734,73740.95
2025-12-29 15:00:00,73688.0,-50653.405983974124,-86448.48434418514,-14858.327623763107,73688.0,71853.516,68745.48,74961.555,73688.0,72633.266,69136.16,76130.375
2025-12-29 16:00:00,75148.0,-49965.359718091626,-85760.43807830264,-14170.281357880609,75148.0,74133.09,71025.055,77241.13,75148.0,73461.805,69964.695,76958.914
2025-12-29 17:00:00,76726.0,-48859.50282812827,-84654.58118833929,-13064.424467917255,76726.0,75872.58,72764.54,78980.62,76726.0,74695.984,71198.875,78193.09
2025-12-29 18:00:00,77111.0,-48583.63220431631,-84378.71056452733,-12788.553844105292,77111.0,76985.11,73877.07,80093.15,77111.0,75748.52,72251.414,79245.63
2025-12-29 19:00:00,75606.0,-48501.78702268288,-84296.8653828939,-12706.708662471865,75606.0,75854.016,72745.98,78962.055,75606.0,75077.73,71580.62,78574.836
2025-12-29 20:00:00,73947.0,-48850.53799643302,-84645.61635664404,-13055.459636222004,73947.0,73368.49,70260.45,76476.53,73947.0,73316.79,69819.68,76813.9
2025-12-29 21:00:00,71554.0,-50646.69874806962,-86441.77710828063,-14851.620387858602,71554.0,71119.4,68011.36,74227.44,71554.0,71602.38,68105.27,75099.49
2025-12-29 22:00:00,69105.0,-52829.775198797244,-88624.85355900826,-17034.696838586227,69105.0,69092.33,65984.29,72200.37,69105.0,69563.836,66066.73,73060.945
2025-12-29 23:00:00,68556.0,-54563.64560633284,-90358.72396654385,-18768.56724612182,68556.0,66784.13,63676.098,69892.17,68556.0,67132.805,63635.7,70629.914
2025-12-30 00:00:00,67576.0,-56567.08991886811,-92362.16827907912,-20772.01155865709,67576.0,64961.03,61852.996,68069.07,67576.0,66249.41,62752.3,69746.516
2025-12-30 01:00:00,63971.0,-59140.252471209606,-94935.33083142062,-23345.17411099859,63971.0,63252.21,60144.176,66360.25,63971.0,64434.715,60937.61,67931.82
2025-12-30 02:00:00,61612.0,-60644.57277350927,-96439.6511337203,-24849.494413298256,61612.0,61078.227,57970.19,64186.26,61612.0,61675.016,58177.91,65172.12
2025-12-30 03:00:00,60181.0,-61623.052761756706,-97418.13112196772,-25827.97440154569,60181.0,59135.33,56027.293,62243.363,60181.0,60347.562,56850.457,63844.668
2025-12-30 04:00:00,59559.0,-62216.24849238916,-98011.32685260018,-26421.170132178144,59559.0,58324.996,55216.96,61433.03,59559.0,59724.92,56227.816,63222.027
2025-12-30 05:00:00,60181.0,-62312.51152944066,-98107.58988965167,-26517.43316922964,60181.0,58953.195,55845.16,62061.23,60181.0,59813.6,56316.496,63310.707
2025-12-30 06:00:00,62100.0,-61648.92305018805,-97444.00141039907,-25853.844689977035,62100.0,61375.7,58267.664,64483.734,62100.0,61244.973,57747.867,64742.08
2025-12-30 07:00:00,66204.0,-60097.339908323425,-95892.41826853444,-24302.26154811241,66204.0,65521.08,62413.043,68629.12,66204.0,64634.613,61137.508,68131.72
2025-12-30 08:00:00,73009.0,-57719.279026148724,-93514.35738635974,-21924.200665937708,73009.0,70372.336,67264.3,73480.375,73009.0,70959.68,67462.57,74456.79
2025-12-30 09:00:00,79693.0,-55104.63100918062,-90899.70936939164,-19309.552648969606,79693.0,75680.03,72571.99,78788.07,79693.0,77878.96,74381.85,81376.07
2025-12-30 10:00:00,78112.0,-53622.62903206822,-89417.70739227923,-17827.5506718572,78112.0,78892.83,75784.79,82000.87,78112.0,79034.59,75537.484,82531.7
2025-12-30 11:00:00,73480.0,-53047.30093668194,-88842.37929689296,-17252.222576470922,73480.0,75130.92,72022.88,78238.96,73480.0,75353.11,71856.0,78850.22
2025-12-30 12:00:00,68841.0,-53305.40233952654,-89100.48069973756,-17510.323979315523,68841.0,69137.586,66029.55,72245.625,68841.0,70035.15,66538.04,73532.26
2025-12-30 13:00:00,64174.0,-54135.23269544041,-89930.31105565143,-18340.154335229396,64174.0,66248.83,63140.793,69356.87,64174.0,66185.61,62688.504,69682.72
2025-12-30 14:00:00,66528.0,-52406.83970155651,-88201.91806176753,-16611.761341345496,66528.0,65266.895,62158.86,68374.93,66528.0,63009.504,59512.4,66506.61
2025-12-30 15:00:00,68940.0,-51502.18365609781,-87297.26201630883,-15707.105295886795,68940.0,67840.24,64732.207,70948.28,68940.0,66142.74,62645.637,69639.85
2025-12-30 16:00:00,72952.0,-50817.25599932733,-86612.33435953835,-15022.177639116315,72952.0,71704.13,68596.09,74812.17,72952.0,68629.555,65132.45,72126.664
2025-12-30 17:00:00,77116.0,-49716.41146906221,-85511.48982927323,-13921.333108851191,77116.0,75417.06,72309.02,78525.1,77116.0,71663.695,68166.586,75160.805
2025-12-30 18:00:00,78465.0,-49441.791244654785,-85236.8696048658,-13646.712884443768,78465.0,77878.445,74770.41,80986.484,78465.0,74828.69,71331.58,78325.8
2025-12-30 19:00:00,77276.0,-49360.31703099528,-85155.39539120629,-13565.23867078426,77276.0,77403.805,74295.766,80511.84,77276.0,75130.19,71633.08,78627.3
2025-12-30 20:00:00,75963.0,-49707.48727098013,-85502.56563119114,-13912.40891076911,75963.0,74896.24,71788.2,78004.28,75963.0,73592.766,70095.66,77089.875
2025-12-30 21:00:00,73664.0,-51495.50682112424,-87290.58518133525,-15700.428460913223,73664.0,72805.36,69697.32,75913.4,73664.0,72239.34,68742.234,75736.45
2025-12-30 22:00:00,71144.0,-53668.68835279037,-89463.76671300139,-17873.609992579353,71144.0,70810.09,67702.055,73918.13,71144.0,70171.2,66674.09,73668.31
2025-12-30 23:00:00,70293.0,-55394.69989338616,-91189.77825359718,-19599.621533175145,70293.0,68642.516,65534.48,71750.555,70293.0,67868.69,64371.582,71365.8
2025-12-31 00:00:00,69211.0,-57389.063479815784,-93184.1418400268,-21593.985119604768,69211.0,66598.85,63490.816,69706.89,69211.0,66636.07,63138.965,70133.18
2025-12-31 01:00:00,65511.0,-59950.56302549574,-95745.64138570675,-24155.484665284726,65511.0,64949.156,61841.12,68057.195,65511.0,64966.2,61469.094,68463.305
2025-12-31 02:00:00,62817.0,-61448.064909856424,-97243.14327006743,-25652.986549645408,62817.0,62870.34,59762.305,65978.375,62817.0,62299.246,58802.14,65796.35
2025-12-31 03:00:00,61382.0,-62422.10988150892,-98217.18824171994,-26627.031521297904,61382.0,61040.67,57932.637,64148.707,61382.0,60610.914,57113.81,64108.02
2025-12-31 04:00:00,60555.0,-63012.6169185135,-98807.69527872451,-27217.538558302484,60555.0,60125.836,57017.8,63233.87,60555.0,60153.2,56656.094,63650.305
2025-12-31 05:00:00,60966.0,-63108.44363783553,-98903.52199804655,-27313.365277624514,60966.0,60561.797,57453.76,63669.832,60966.0,60200.996,56703.89,63698.1
2025-12-31 06:00:00,62709.0,-62447.862911376076,-98242.9412715871,-26652.78455116506,62709.0,62707.816,59599.78,65815.85,62709.0,61782.21,58285.105,65279.316
2025-12-31 07:00:00,66515.0,-60903.31240897802,-96698.39076918903,-25108.234048767,66515.0,66137.5,63029.465,69245.54,66515.0,65128.91,61631.805,68626.016
2025-12-31 08:00:00,72922.0,-58536.030223969225,-94331.10858418024,-22740.951863758208,72922.0,70963.42,67855.38,74071.46,72922.0,70179.5,66682.39,73676.61
2025-12-31 09:00:00,79488.0,-55933.23324890741,-91728.31160911842,-20138.154888696394,79488.0,76393.56,73285.52,79501.6,79488.0,76651.54,73154.43,80148.65
2025-12-31 10:00:00,78330.0,-54457.94853064666,-90253.02689085767,-18662.870170435643,78330.0,79990.3,76882.26,83098.336,78330.0,78264.81,74767.7,81761.92
2025-12-31 11:00:00,74255.0,-53885.228142808024,-89680.30650301903,-18090.149782597007,74255.0,76092.4,72984.36,79200.44,74255.0,74780.0,71282.89,78277.11
2025-12-31 12:00:00,70375.0,-54142.159686259954,-89937.23804647097,-18347.081326048938,70375.0,69989.95,66881.914,73097.99,70375.0,69120.02,65622.914,72617.13
2025-12-31 13:00:00,65668.0,-54968.228788552224,-90763.30714876324,-19173.150428341207,65668.0,67282.7,64174.668,70390.74,65668.0,65862.89,62365.785,69360.0
2025-12-31 14:00:00,67329.0,-53247.669834917,-89042.74819512802,-17452.59147470598,67329.0,66272.77,63164.74,69380.81,67329.0,63515.35,60018.246,67012.46
2025-12-31 15:00:00,68962.0,-52347.11419480384,-88142.19255501486,-16552.035834592825,68962.0,68472.16,65364.12,71580.195,68962.0,65834.41,62337.3,69331.516
2025-12-31 16:00:00,71561.0,-51665.29101187094,-87460.36937208196,-15870.212651659924,71561.0,71572.92,68464.88,74680.96,71561.0,68591.67,65094.566,72088.78
2025-12-31 17:00:00,74957.0,-50569.436122496605,-86364.51448270763,-14774.357762285588,74957.0,74464.95,71356.914,77572.99,74957.0,70836.08,67338.97,74333.19
2025-12-31 18:00:00,76544.0,-50296.0606299868,-86091.13899019783,-14500.982269775785,76544.0,76712.85,73604.81,79820.89,76544.0,73387.73,69890.62,76884.836
2025-12-31 19:00:00,75450.0,-50214.95570286762,-86010.03406307864,-14419.877342656604,75450.0,76102.31,72994.27,79210.35,75450.0,74099.62,70602.51,77596.73
2025-12-31 20:00:00,74145.0,-50560.55237385352,-86355.63073406453,-14765.474013642503,74145.0,74057.445,70949.41,77165.484,74145.0,72785.625,69288.516,76282.734
2025-12-31 21:00:00,72093.0,-52340.46762296724,-88135.54598317825,-16545.389262756224,72093.0,72197.305,69089.266,75305.34,72093.0,71216.98,67719.87,74714.086
2025-12-31 22:00:00,70239.0,-54503.79908485931,-90298.87744507033,-18708.720724648294,70239.0,70327.91,67219.87,73435.945,70239.0,69181.7,65684.59,72678.81
2025-12-31 23:00:00,70089.0,-56221.98737927987,-92017.06573949088,-20426.90901906885,70089.0,68362.375,65254.34,71470.414,70089.0,67292.44,63795.332,70789.55
2026-01-01 00:00:00,69344.0,-58207.31139851507,-94002.38975872609,-22412.233038304053,69344.0,66735.234,63627.2,69843.27,69344.0,66388.34,62891.24,69885.45
